#0 building with "desktop-linux" instance using docker driver

#1 [internal] load build definition from Dockerfile
#1 transferring dockerfile: 4.23kB done
#1 DONE 0.0s

#2 resolve image config for docker-image://docker.io/docker/dockerfile:1.7
#2 ...

#3 [auth] docker/dockerfile:pull token for registry-1.docker.io
#3 DONE 0.0s

#2 resolve image config for docker-image://docker.io/docker/dockerfile:1.7
#2 DONE 2.7s

#4 docker-image://docker.io/docker/dockerfile:1.7@sha256:a57df69d0ea827fb7266491f2813635de6f17269be881f696fbfdf2d83dda33e
#4 resolve docker.io/docker/dockerfile:1.7@sha256:a57df69d0ea827fb7266491f2813635de6f17269be881f696fbfdf2d83dda33e done
#4 CACHED

#5 [internal] load metadata for docker.io/library/swift:6.2-noble@sha256:dd349c6dfc3cd3040910a84ab3e5bd5d08efdd547e5fb9f77b765abed16fe5ff
#5 ...

#6 [auth] library/swift:pull token for registry-1.docker.io
#6 DONE 0.0s

#5 [internal] load metadata for docker.io/library/swift:6.2-noble@sha256:dd349c6dfc3cd3040910a84ab3e5bd5d08efdd547e5fb9f77b765abed16fe5ff
#5 DONE 1.6s

#7 [internal] load .dockerignore
#7 transferring context: 2B done
#7 DONE 0.0s

#8 [stage-0 1/7] FROM docker.io/library/swift:6.2-noble@sha256:dd349c6dfc3cd3040910a84ab3e5bd5d08efdd547e5fb9f77b765abed16fe5ff
#8 resolve docker.io/library/swift:6.2-noble@sha256:dd349c6dfc3cd3040910a84ab3e5bd5d08efdd547e5fb9f77b765abed16fe5ff 0.0s done
#8 CACHED

#9 [internal] load build context
#9 transferring context: 30B done
#9 DONE 0.0s

#10 [stage-0 2/7] RUN --mount=type=cache,target=/var/cache/apt,sharing=locked     apt-get -o Acquire::Retries=5 -o Acquire::http::Timeout=30 update     && apt-get -o Acquire::Retries=5 -o Acquire::http::Timeout=30 install -y --no-install-recommends         apt-transport-https         build-essential         ca-certificates         curl         dbus         dbus-x11         desktop-file-utils         dpkg-dev         fakeroot         file         git         gnupg         jq         libayatana-appindicator3-dev         libatspi2.0-dev         libei-dev         libgtk-3-dev         libkf5wallet-dev         libpipewire-0.3-dev         libsecret-1-dev         libreadline-dev         libsqlite3-dev         libssl-dev         libwebkit2gtk-4.1-dev         libx11-dev         libxcb1-dev         libxkbcommon-dev         libxrandr-dev         nodejs         npm         patchelf         pipewire         pkg-config         rpm         sqlite3         tcl         xdg-desktop-portal         xdg-desktop-portal-gtk         xz-utils         zlib1g-dev     && rm -rf /var/lib/apt/lists/*
#10 1.564 Get:1 http://ports.ubuntu.com/ubuntu-ports noble InRelease [256 kB]
#10 2.578 Get:2 http://ports.ubuntu.com/ubuntu-ports noble-updates InRelease [126 kB]
#10 3.082 Get:3 http://ports.ubuntu.com/ubuntu-ports noble-backports InRelease [126 kB]
#10 3.585 Get:4 http://ports.ubuntu.com/ubuntu-ports noble-security InRelease [126 kB]
#10 4.036 Get:5 http://ports.ubuntu.com/ubuntu-ports noble/main arm64 Packages [1776 kB]
#10 4.639 Get:6 http://ports.ubuntu.com/ubuntu-ports noble/universe arm64 Packages [19.0 MB]
#10 6.144 Get:7 http://ports.ubuntu.com/ubuntu-ports noble/multiverse arm64 Packages [274 kB]
#10 6.145 Get:8 http://ports.ubuntu.com/ubuntu-ports noble/restricted arm64 Packages [113 kB]
#10 6.146 Get:9 http://ports.ubuntu.com/ubuntu-ports noble-updates/main arm64 Packages [1368 kB]
#10 6.168 Get:10 http://ports.ubuntu.com/ubuntu-ports noble-updates/restricted arm64 Packages [2178 kB]
#10 6.201 Get:11 http://ports.ubuntu.com/ubuntu-ports noble-updates/universe arm64 Packages [2112 kB]
#10 6.253 Get:12 http://ports.ubuntu.com/ubuntu-ports noble-updates/multiverse arm64 Packages [80.1 kB]
#10 6.253 Get:13 http://ports.ubuntu.com/ubuntu-ports noble-backports/universe arm64 Packages [36.3 kB]
#10 6.656 Get:14 http://ports.ubuntu.com/ubuntu-ports noble-backports/main arm64 Packages [48.9 kB]
#10 6.658 Get:15 http://ports.ubuntu.com/ubuntu-ports noble-backports/multiverse arm64 Packages [671 B]
#10 6.658 Get:16 http://ports.ubuntu.com/ubuntu-ports noble-security/multiverse arm64 Packages [75.6 kB]
#10 6.659 Get:17 http://ports.ubuntu.com/ubuntu-ports noble-security/universe arm64 Packages [1533 kB]
#10 6.681 Get:18 http://ports.ubuntu.com/ubuntu-ports noble-security/restricted arm64 Packages [2090 kB]
#10 6.695 Get:19 http://ports.ubuntu.com/ubuntu-ports noble-security/main arm64 Packages [1055 kB]
#10 6.815 Fetched 32.4 MB in 7s (4856 kB/s)
#10 6.815 Reading package lists...
#10 7.217 Reading package lists...
#10 7.637 Building dependency tree...
#10 7.780 Reading state information...
#10 8.014 ca-certificates is already the newest version (20260601~24.04.1).
#10 8.014 ca-certificates set to manually installed.
#10 8.014 git is already the newest version (1:2.43.0-1ubuntu7.3).
#10 8.014 gnupg is already the newest version (2.4.4-2ubuntu17.4).
#10 8.014 gnupg set to manually installed.
#10 8.014 pkg-config is already the newest version (1.8.1-2build1).
#10 8.014 zlib1g-dev is already the newest version (1:1.3.dfsg-3.1ubuntu2.1).
#10 8.014 The following additional packages will be installed:
#10 8.014   adwaita-icon-theme at-spi2-common bubblewrap bzip2 cpp cpp-13
#10 8.014   cpp-13-aarch64-linux-gnu cpp-aarch64-linux-gnu dbus-bin dbus-daemon
#10 8.014   dbus-session-bus-common dbus-system-bus-common dconf-gsettings-backend
#10 8.014   dconf-service debugedit dictionaries-common emacsen-common eslint fontconfig
#10 8.014   fuse3 g++ g++-13 g++-13-aarch64-linux-gnu g++-aarch64-linux-gnu gcc gcc-13
#10 8.014   gcc-13-aarch64-linux-gnu gcc-aarch64-linux-gnu gir1.2-atk-1.0
#10 8.014   gir1.2-atspi-2.0 gir1.2-ayatanaappindicator3-0.1 gir1.2-ayatanaido3-0.4
#10 8.014   gir1.2-dbusmenu-glib-0.4 gir1.2-freedesktop gir1.2-freedesktop-dev
#10 8.014   gir1.2-gdkpixbuf-2.0 gir1.2-glib-2.0 gir1.2-glib-2.0-dev gir1.2-gtk-3.0
#10 8.014   gir1.2-harfbuzz-0.0 gir1.2-javascriptcoregtk-4.1 gir1.2-pango-1.0
#10 8.014   gir1.2-secret-1 gir1.2-soup-3.0 gir1.2-webkit2-4.1 glib-networking
#10 8.014   glib-networking-common glib-networking-services gsettings-desktop-schemas
#10 8.014   gstreamer1.0-plugins-base gstreamer1.0-plugins-good gtk-update-icon-cache
#10 8.014   gyp handlebars hicolor-icon-theme humanity-icon-theme hunspell-en-us
#10 8.014   iso-codes libaa1 libapparmor1 libarchive13t64 libasound2-data libasound2t64
#10 8.014   libaspell15 libasyncns0 libatk-bridge2.0-0t64 libatk-bridge2.0-dev
#10 8.014   libatk1.0-0t64 libatk1.0-dev libatspi2.0-0t64 libavahi-client3
#10 8.014   libavahi-common-data libavahi-common3 libavc1394-0
#10 8.014   libayatana-appindicator3-1 libayatana-ido3-0.4-0 libayatana-ido3-dev
#10 8.014   libayatana-indicator3-7 libayatana-indicator3-dev libblkid-dev libbrotli-dev
#10 8.014   libbz2-dev libcaca0 libcairo-gobject2 libcairo-script-interpreter2 libcairo2
#10 8.014   libcairo2-dev libcanberra0t64 libcap2-bin libcares2 libcc1-0 libcdparanoia0
#10 8.014   libcolord2 libcups2t64 libdatrie-dev libdatrie1 libdbus-1-3 libdbus-1-dev
#10 8.014   libdbusmenu-glib-dev libdbusmenu-glib4 libdbusmenu-gtk3-4 libdbusmenu-qt5-2
#10 8.014   libdconf1 libdeflate-dev libdouble-conversion3 libdpkg-perl libdrm-amdgpu1
#10 8.014   libdrm-common libdrm2 libduktape207 libdv4t64 libdw1t64 libegl-dev
#10 8.014   libegl-mesa0 libegl1 libegl1-mesa-dev libei1 libelf1t64 libenchant-2-2
#10 8.014   libepoxy-dev libepoxy0 libevdev2 libfakeroot libffi-dev libflac12t64
#10 8.014   libfontconfig-dev libfreetype-dev libfribidi-dev libfribidi0 libfsverity0
#10 8.014   libfuse3-3 libgbm1 libgcrypt20-dev libgdk-pixbuf-2.0-0 libgdk-pixbuf-2.0-dev
#10 8.014   libgdk-pixbuf2.0-bin libgdk-pixbuf2.0-common libgirepository-2.0-0 libgl-dev
#10 8.014   libgl1 libgl1-mesa-dri libgles-dev libgles1 libgles2 libglib2.0-0t64
#10 8.014   libglib2.0-bin libglib2.0-data libglib2.0-dev libglib2.0-dev-bin
#10 8.014   libglu1-mesa libglu1-mesa-dev libglvnd-core-dev libglvnd-dev libglvnd0
#10 8.014   libglx-dev libglx-mesa0 libglx0 libgpg-error-dev libgpgme11t64
#10 8.014   libgpgmepp6t64 libgraphite2-3 libgraphite2-dev libgstreamer-gl1.0-0
#10 8.014   libgstreamer-plugins-base1.0-0 libgstreamer-plugins-good1.0-0
#10 8.014   libgstreamer1.0-0 libgtk-3-0t64 libgtk-3-common libgudev-1.0-0
#10 8.014   libharfbuzz-cairo0 libharfbuzz-dev libharfbuzz-gobject0 libharfbuzz-icu0
#10 8.014   libharfbuzz-subset0 libharfbuzz0b libhunspell-1.7-0 libhyphen0 libice-dev
#10 8.014   libice6 libiec61883-0 libinput-bin libinput10 libisl23
#10 8.014   libjavascriptcoregtk-4.1-0 libjavascriptcoregtk-4.1-dev libjbig-dev
#10 8.014   libjpeg-dev libjpeg-turbo8-dev libjpeg8-dev libjq1 libjs-async libjs-events
#10 8.014   libjs-inherits libjs-is-typedarray libjs-prettify libjs-regenerate
#10 8.014   libjs-source-map libjs-sprintf-js libjs-typedarray-to-buffer libjs-util
#10 8.014   libjson-glib-1.0-0 libjson-glib-1.0-common libkf5config-bin
#10 8.014   libkf5config-data libkf5config-dev libkf5config-dev-bin libkf5configcore5
#10 8.014   libkf5configgui5 libkf5configqml5 libkf5coreaddons-data libkf5coreaddons5
#10 8.014   libkf5i18n-data libkf5i18n5 libkf5notifications-data libkf5notifications5
#10 8.014   libkf5wallet-data libkf5wallet5 libkf5widgetsaddons-data
#10 8.014   libkf5widgetsaddons5 libkf5windowsystem-data libkf5windowsystem-dev
#10 8.014   libkf5windowsystem5 libkwalletbackend5-5 liblcms2-2 liblerc-dev libllvm20
#10 8.014   libltdl7 liblua5.3-0 liblzma-dev liblzo2-2 libmagic-mgc libmagic1t64
#10 8.014   libmanette-0.2-0 libmd4c0 libmount-dev libmp3lame0 libmpc3 libmpfr6
#10 8.014   libmpg123-0t64 libmtdev1t64 libnghttp2-14 libnghttp2-dev libnode-dev
#10 8.014   libnode109 libogg0 libonig5 libopengl-dev libopengl0 libopus0
#10 8.014   liborc-0.4-0t64 libpango-1.0-0 libpango1.0-dev libpangocairo-1.0-0
#10 8.014   libpangoft2-1.0-0 libpangoxft-1.0-0 libpcre2-16-0 libpcre2-32-0 libpcre2-dev
#10 8.014   libpcre2-posix3 libpipewire-0.3-0t64 libpipewire-0.3-modules libpixman-1-0
#10 8.014   libpixman-1-dev libpng-dev libpopt0 libproxy1v5 libpsl-dev
#10 8.014   libpthread-stubs0-dev libpulse0 libpython3-stdlib libqt5concurrent5t64
#10 8.014   libqt5core5t64 libqt5dbus5t64 libqt5gui5t64 libqt5network5t64
#10 8.014   libqt5printsupport5t64 libqt5qml5 libqt5sql5t64 libqt5test5t64
#10 8.014   libqt5texttospeech5 libqt5widgets5t64 libqt5x11extras5 libqt5xml5t64
#10 8.014   libraw1394-11 libroc0.3 librpm9t64 librpmbuild9t64 librpmio9t64
#10 8.014   librpmsign9t64 libsecret-1-0 libsecret-common libselinux1-dev
#10 8.014   libsensors-config libsensors5 libsepol-dev libsharpyuv-dev libshout3
#10 8.014   libslang2 libsm-dev libsm6 libsnapd-glib-2-1 libsndfile1 libsoup-3.0-0
#10 8.014   libsoup-3.0-common libsoup-3.0-dev libspa-0.2-dev libspa-0.2-modules
#10 8.014   libspeex1 libspeexdsp1 libsysprof-capture-4-dev libtag1v5 libtag1v5-vanilla
#10 8.014   libtcl8.6 libtdb1 libtext-iconv-perl libthai-data libthai-dev libthai0
#10 8.014   libtheora0 libtiff-dev libtiffxx6 libtwolame0 libunwind8 libuv1-dev
#10 8.014   libuv1t64 libv4l-0t64 libv4lconvert0t64 libvisual-0.4-0 libvorbis0a
#10 8.014   libvorbisenc2 libvorbisfile3 libvpx9 libvulkan-dev libvulkan1
#10 8.014   libwacom-common libwacom9 libwavpack1 libwayland-bin libwayland-client0
#10 8.014   libwayland-cursor0 libwayland-dev libwayland-egl1 libwayland-server0
#10 8.014   libwebkit2gtk-4.1-0 libwebp-dev libwebpdecoder3 libwebpdemux2 libwebpmux3
#10 8.014   libwebrtc-audio-processing1 libx11-xcb1 libxau-dev libxcb-dri3-0 libxcb-glx0
#10 8.014   libxcb-icccm4 libxcb-image0 libxcb-keysyms1 libxcb-present0 libxcb-randr0
#10 8.014   libxcb-render-util0 libxcb-render0 libxcb-render0-dev libxcb-res0
#10 8.014   libxcb-shape0 libxcb-shm0 libxcb-shm0-dev libxcb-sync1 libxcb-util1
#10 8.014   libxcb-xfixes0 libxcb-xinerama0 libxcb-xinput0 libxcb-xkb1 libxcomposite-dev
#10 8.014   libxcomposite1 libxcursor-dev libxcursor1 libxdamage-dev libxdamage1
#10 8.014   libxdmcp-dev libxext-dev libxfixes-dev libxfixes3 libxft-dev libxft2
#10 8.014   libxi-dev libxi6 libxinerama-dev libxinerama1 libxkbcommon-x11-0
#10 8.014   libxkbcommon0 libxrandr2 libxrender-dev libxrender1 libxshmfence1 libxslt1.1
#10 8.014   libxtst-dev libxtst6 libxxf86vm1 libzstd-dev lto-disabled-list make
#10 8.014   mesa-libgallium node-abbrev node-acorn node-agent-base node-ajv
#10 8.014   node-ajv-keywords node-ampproject-remapping node-ansi-escapes
#10 8.014   node-ansi-regex node-ansi-styles node-anymatch node-aproba node-archy
#10 8.014   node-are-we-there-yet node-argparse node-arrify node-assert node-async
#10 8.014   node-async-each node-babel-helper-define-polyfill-provider
#10 8.014   node-babel-plugin-add-module-exports node-babel-plugin-lodash
#10 8.014   node-babel-plugin-polyfill-corejs2 node-babel-plugin-polyfill-corejs3
#10 8.014   node-babel-plugin-polyfill-regenerator node-babel7 node-babel7-runtime
#10 8.014   node-balanced-match node-base64-js node-binary-extensions
#10 8.014   node-brace-expansion node-braces node-browserslist node-builtins node-busboy
#10 8.014   node-cacache node-camelcase node-caniuse-lite node-chalk node-chokidar
#10 8.014   node-chownr node-chrome-trace-event node-ci-info node-cjs-module-lexer
#10 8.014   node-cli-table node-cliui node-clone node-clone-deep node-color-convert
#10 8.014   node-color-name node-colors node-columnify node-commander node-commondir
#10 8.014   node-concat-stream node-console-control-strings node-convert-source-map
#10 8.014   node-copy-concurrently node-core-js node-core-js-compat node-core-js-pure
#10 8.014   node-core-util-is node-css-loader node-css-selector-tokenizer
#10 8.014   node-data-uri-to-buffer node-debbundle-es-to-primitive node-debug
#10 8.014   node-decamelize node-decompress-response node-deep-equal node-deep-is
#10 8.014   node-defaults node-define-properties node-define-property node-defined
#10 8.014   node-del node-delegates node-depd node-diff node-doctrine
#10 8.014   node-electron-to-chromium node-encoding node-end-of-stream
#10 8.014   node-enhanced-resolve node-err-code node-errno node-error-ex
#10 8.014   node-es-abstract node-es-module-lexer node-es6-error
#10 8.014   node-escape-string-regexp node-escodegen node-eslint-scope node-eslint-utils
#10 8.014   node-eslint-visitor-keys node-espree node-esprima node-esquery
#10 8.014   node-esrecurse node-estraverse node-esutils node-events node-fancy-log
#10 8.014   node-fast-deep-equal node-fast-levenshtein node-fetch node-file-entry-cache
#10 8.014   node-fill-range node-find-cache-dir node-find-up node-flat-cache
#10 8.015   node-flatted node-for-in node-for-own node-foreground-child
#10 8.015   node-fs-readdir-recursive node-fs-write-stream-atomic node-fs.realpath
#10 8.015   node-function-bind node-functional-red-black-tree node-gauge
#10 8.015   node-get-caller-file node-get-stream node-glob node-glob-parent node-globals
#10 8.015   node-globby node-got node-graceful-fs node-gyp node-has-flag
#10 8.015   node-has-unicode node-hosted-git-info node-http-proxy-agent
#10 8.015   node-https-proxy-agent node-iconv-lite node-icss-utils node-ieee754
#10 8.015   node-iferr node-ignore node-imurmurhash node-indent-string node-inflight
#10 8.015   node-inherits node-ini node-interpret node-ip node-ip-regex node-is-arrayish
#10 8.015   node-is-binary-path node-is-buffer node-is-descriptor node-is-extendable
#10 8.015   node-is-extglob node-is-glob node-is-number node-is-path-cwd
#10 8.015   node-is-path-inside node-is-plain-obj node-is-plain-object node-is-stream
#10 8.015   node-is-typedarray node-is-windows node-isarray node-isexe node-isobject
#10 8.015   node-istanbul node-jest-debbundle node-jest-worker node-js-tokens
#10 8.015   node-js-yaml node-jsesc node-json-buffer node-json-parse-better-errors
#10 8.015   node-json-schema node-json-schema-traverse node-json-stable-stringify
#10 8.015   node-json5 node-jsonify node-jsonparse node-kind-of node-levn
#10 8.015   node-loader-runner node-locate-path node-lodash node-lodash-packages
#10 8.015   node-lowercase-keys node-lru-cache node-make-dir node-memfs node-memory-fs
#10 8.015   node-merge-stream node-micromatch node-mime node-mime-types
#10 8.015   node-mimic-response node-minimatch node-minimist node-minipass node-mkdirp
#10 8.015   node-move-concurrently node-ms node-mute-stream node-n3 node-negotiator
#10 8.015   node-neo-async node-nopt node-normalize-package-data node-normalize-path
#10 8.015   node-npm-bundled node-npm-package-arg node-npm-run-path node-npmlog
#10 8.015   node-object-assign node-object-inspect node-once node-optimist
#10 8.015   node-optionator node-osenv node-p-cancelable node-p-limit node-p-locate
#10 8.015   node-p-map node-parse-json node-path-dirname node-path-exists
#10 8.015   node-path-is-absolute node-path-is-inside node-path-type node-picocolors
#10 8.015   node-pify node-pkg-dir node-postcss node-postcss-modules-extract-imports
#10 8.015   node-postcss-modules-values node-postcss-value-parser node-prelude-ls
#10 8.015   node-process-nextick-args node-progress node-promise-inflight
#10 8.015   node-promise-retry node-promzard node-prr node-pump node-punycode
#10 8.015   node-quick-lru node-randombytes node-read node-read-package-json
#10 8.015   node-read-pkg node-readable-stream node-readdirp node-rechoir
#10 8.015   node-regenerate node-regenerate-unicode-properties node-regenerator-runtime
#10 8.015   node-regenerator-transform node-regexpp node-regexpu-core node-regjsgen
#10 8.015   node-regjsparser node-repeat-string node-require-directory node-resolve
#10 8.015   node-resolve-cwd node-resolve-from node-resumer node-retry node-rimraf
#10 8.015   node-run-queue node-safe-buffer node-schema-utils node-semver
#10 8.015   node-serialize-javascript node-set-blocking node-set-immediate-shim
#10 8.015   node-shebang-command node-shebang-regex node-signal-exit node-slash
#10 8.015   node-slice-ansi node-source-list-map node-source-map node-source-map-support
#10 8.015   node-spdx-correct node-spdx-exceptions node-spdx-expression-parse
#10 8.015   node-spdx-license-ids node-sprintf-js node-ssri node-string-decoder
#10 8.015   node-string-width node-strip-ansi node-strip-bom node-strip-json-comments
#10 8.015   node-supports-color node-tapable node-tape node-tar node-terser
#10 8.015   node-text-table node-through node-time-stamp node-to-fast-properties
#10 8.015   node-to-regex-range node-tslib node-type-check node-typedarray
#10 8.015   node-typedarray-to-buffer node-undici
#10 8.015   node-unicode-canonical-property-names-ecmascript
#10 8.015   node-unicode-match-property-ecmascript
#10 8.015   node-unicode-match-property-value-ecmascript
#10 8.015   node-unicode-property-aliases-ecmascript node-unique-filename node-uri-js
#10 8.015   node-util node-util-deprecate node-uuid node-v8-compile-cache node-v8flags
#10 8.015   node-validate-npm-package-license node-validate-npm-package-name
#10 8.015   node-watchpack node-wcwidth.js node-webassemblyjs node-webpack-sources
#10 8.015   node-which node-wide-align node-wordwrap node-wrap-ansi node-wrappy
#10 8.015   node-write node-write-file-atomic node-xtend node-y18n node-yallist
#10 8.015   node-yargs node-yargs-parser pango1.0-tools pipewire-bin python3
#10 8.015   python3-minimal python3-packaging python3-pkg-resources python3-six
#10 8.015   python3.12 python3.12-minimal qt5-qmake qt5-qmake-bin qtbase5-dev
#10 8.015   qtbase5-dev-tools qtchooser rpm-common rpm2cpio session-migration sgml-base
#10 8.015   shared-mime-info sound-theme-freedesktop tcl8.6 terser ubuntu-mono uuid-dev
#10 8.015   wayland-protocols webpack x11-common x11proto-dev xdg-dbus-proxy xkb-data
#10 8.015   xml-core xorg-sgml-doctools xtrans-dev
#10 8.016 Suggested packages:
#10 8.016   bzip2-doc cpp-doc gcc-13-locales cpp-13-doc ispell | aspell | hunspell
#10 8.016   wordlist debian-keyring node-babel-eslint node-esprima-fb node-inquirer
#10 8.016   gcc-13-doc gcc-multilib autoconf automake libtool flex bison gdb gcc-doc
#10 8.016   gdb-aarch64-linux-gnu gvfs hunspell openoffice.org-hunspell
#10 8.016   | openoffice.org-core isoquery lrzip alsa-utils libasound2-plugins aspell
#10 8.016   libcairo2-doc libcanberra-gtk0 libcanberra-pulse colord cups-common
#10 8.016   libdatrie-doc bzr libdv-bin oss-compat libenchant-2-voikko freetype2-doc
#10 8.016   libgcrypt20-doc low-memory-monitor libglib2.0-doc libxml2-utils
#10 8.016   libgraphite2-utils libvisual-0.4-plugins gstreamer1.0-tools libgtk-3-doc
#10 8.016   libice-doc libjs-angularjs liblcms2-utils liblzma-doc libnghttp2-doc
#10 8.016   opus-tools libpango1.0-doc pipewire-doc pulseaudio qgnomeplatform-qt5
#10 8.016   qt5-image-formats-plugins qt5-qmltooling-plugins libraw1394-doc readline-doc
#10 8.016   lm-sensors libsm-doc snapd libsoup-3.0-doc speex sqlite3-doc libssl-doc
#10 8.016   libthai-doc libwacom-bin libwayland-doc gstreamer1.0-libav
#10 8.016   gstreamer1.0-plugins-bad gstreamer1.0-alsa libx11-doc libxcb-doc libxext-doc
#10 8.016   make-doc node-babel-plugin-polyfill-es-shims node-babel7-debug
#10 8.016   javascript-common livescript chai node-jest-diff node-opener graphicsmagick
#10 8.016   python3-doc python3-tk python3-venv python3-setuptools python3.12-venv
#10 8.016   python3.12-doc binfmt-support default-libmysqlclient-dev firebird-dev
#10 8.016   libpq-dev unixodbc-dev alien elfutils rpmlint rpm-i18n sgml-base-doc
#10 8.016   tcl-tclreadline accountsservice evince xdg-desktop-portal-gnome debhelper
#10 8.016 Recommended packages:
#10 8.016   librsvg2-common libalgorithm-merge-perl gstreamer1.0-x alsa-ucm-conf
#10 8.016   alsa-topology-conf aspell-en | aspell-dictionary | aspell6a-dictionary
#10 8.016   at-spi2-core bzip2-doc libpam-cap libfile-fcntllock-perl
#10 8.016   liblocale-gettext-perl enchant-2 xdg-user-dirs gstreamer1.0-gl libgtk-3-bin
#10 8.016   javascript-common libkf5config-doc libkf5wallet-doc libkf5windowsystem-doc
#10 8.016   kwayland-integration qtwayland5 libpipewire-0.3-common libpng-tools
#10 8.016   qttranslations5-l10n libqt5svg5 qt5-gtk-platformtheme libqt5sql5-sqlite
#10 8.016   | libqt5sql5-mysql | libqt5sql5-odbc | libqt5sql5-psql | libqt5sql5-tds
#10 8.016   | libqt5sql5-ibase qtspeech5-speechd-plugin | qtspeech5-flite-plugin
#10 8.016   mesa-vulkan-drivers | vulkan-icd node-re2 node-require-from-string
#10 8.016   nodejs-doc node-tap dbus-user-session wireplumber rtkit libqt5opengl5-dev
#10 9.647 The following NEW packages will be installed:
#10 9.647   adwaita-icon-theme apt-transport-https at-spi2-common bubblewrap
#10 9.647   build-essential bzip2 cpp cpp-13 cpp-13-aarch64-linux-gnu
#10 9.647   cpp-aarch64-linux-gnu curl dbus dbus-bin dbus-daemon dbus-session-bus-common
#10 9.647   dbus-system-bus-common dbus-x11 dconf-gsettings-backend dconf-service
#10 9.647   debugedit desktop-file-utils dictionaries-common dpkg-dev emacsen-common
#10 9.647   eslint fakeroot file fontconfig fuse3 g++ g++-13 g++-13-aarch64-linux-gnu
#10 9.647   g++-aarch64-linux-gnu gcc gcc-13 gcc-13-aarch64-linux-gnu
#10 9.647   gcc-aarch64-linux-gnu gir1.2-atk-1.0 gir1.2-atspi-2.0
#10 9.647   gir1.2-ayatanaappindicator3-0.1 gir1.2-ayatanaido3-0.4
#10 9.647   gir1.2-dbusmenu-glib-0.4 gir1.2-freedesktop gir1.2-freedesktop-dev
#10 9.647   gir1.2-gdkpixbuf-2.0 gir1.2-glib-2.0 gir1.2-glib-2.0-dev gir1.2-gtk-3.0
#10 9.647   gir1.2-harfbuzz-0.0 gir1.2-javascriptcoregtk-4.1 gir1.2-pango-1.0
#10 9.647   gir1.2-secret-1 gir1.2-soup-3.0 gir1.2-webkit2-4.1 glib-networking
#10 9.647   glib-networking-common glib-networking-services gsettings-desktop-schemas
#10 9.647   gstreamer1.0-plugins-base gstreamer1.0-plugins-good gtk-update-icon-cache
#10 9.647   gyp handlebars hicolor-icon-theme humanity-icon-theme hunspell-en-us
#10 9.647   iso-codes jq libaa1 libapparmor1 libarchive13t64 libasound2-data
#10 9.647   libasound2t64 libaspell15 libasyncns0 libatk-bridge2.0-0t64
#10 9.647   libatk-bridge2.0-dev libatk1.0-0t64 libatk1.0-dev libatspi2.0-0t64
#10 9.647   libatspi2.0-dev libavahi-client3 libavahi-common-data libavahi-common3
#10 9.647   libavc1394-0 libayatana-appindicator3-1 libayatana-appindicator3-dev
#10 9.647   libayatana-ido3-0.4-0 libayatana-ido3-dev libayatana-indicator3-7
#10 9.647   libayatana-indicator3-dev libblkid-dev libbrotli-dev libbz2-dev libcaca0
#10 9.647   libcairo-gobject2 libcairo-script-interpreter2 libcairo2 libcairo2-dev
#10 9.647   libcanberra0t64 libcap2-bin libcares2 libcc1-0 libcdparanoia0 libcolord2
#10 9.647   libcups2t64 libdatrie-dev libdatrie1 libdbus-1-3 libdbus-1-dev
#10 9.647   libdbusmenu-glib-dev libdbusmenu-glib4 libdbusmenu-gtk3-4 libdbusmenu-qt5-2
#10 9.647   libdconf1 libdeflate-dev libdouble-conversion3 libdpkg-perl libdrm-amdgpu1
#10 9.647   libdrm-common libdrm2 libduktape207 libdv4t64 libdw1t64 libegl-dev
#10 9.647   libegl-mesa0 libegl1 libegl1-mesa-dev libei-dev libei1 libelf1t64
#10 9.647   libenchant-2-2 libepoxy-dev libepoxy0 libevdev2 libfakeroot libffi-dev
#10 9.647   libflac12t64 libfontconfig-dev libfreetype-dev libfribidi-dev libfribidi0
#10 9.647   libfsverity0 libfuse3-3 libgbm1 libgcrypt20-dev libgdk-pixbuf-2.0-0
#10 9.648   libgdk-pixbuf-2.0-dev libgdk-pixbuf2.0-bin libgdk-pixbuf2.0-common
#10 9.648   libgirepository-2.0-0 libgl-dev libgl1 libgl1-mesa-dri libgles-dev libgles1
#10 9.648   libgles2 libglib2.0-0t64 libglib2.0-bin libglib2.0-data libglib2.0-dev
#10 9.648   libglib2.0-dev-bin libglu1-mesa libglu1-mesa-dev libglvnd-core-dev
#10 9.648   libglvnd-dev libglvnd0 libglx-dev libglx-mesa0 libglx0 libgpg-error-dev
#10 9.648   libgpgme11t64 libgpgmepp6t64 libgraphite2-3 libgraphite2-dev
#10 9.648   libgstreamer-gl1.0-0 libgstreamer-plugins-base1.0-0
#10 9.648   libgstreamer-plugins-good1.0-0 libgstreamer1.0-0 libgtk-3-0t64
#10 9.648   libgtk-3-common libgtk-3-dev libgudev-1.0-0 libharfbuzz-cairo0
#10 9.648   libharfbuzz-dev libharfbuzz-gobject0 libharfbuzz-icu0 libharfbuzz-subset0
#10 9.648   libharfbuzz0b libhunspell-1.7-0 libhyphen0 libice-dev libice6 libiec61883-0
#10 9.648   libinput-bin libinput10 libisl23 libjavascriptcoregtk-4.1-0
#10 9.648   libjavascriptcoregtk-4.1-dev libjbig-dev libjpeg-dev libjpeg-turbo8-dev
#10 9.648   libjpeg8-dev libjq1 libjs-async libjs-events libjs-inherits
#10 9.648   libjs-is-typedarray libjs-prettify libjs-regenerate libjs-source-map
#10 9.648   libjs-sprintf-js libjs-typedarray-to-buffer libjs-util libjson-glib-1.0-0
#10 9.648   libjson-glib-1.0-common libkf5config-bin libkf5config-data libkf5config-dev
#10 9.648   libkf5config-dev-bin libkf5configcore5 libkf5configgui5 libkf5configqml5
#10 9.648   libkf5coreaddons-data libkf5coreaddons5 libkf5i18n-data libkf5i18n5
#10 9.648   libkf5notifications-data libkf5notifications5 libkf5wallet-data
#10 9.648   libkf5wallet-dev libkf5wallet5 libkf5widgetsaddons-data libkf5widgetsaddons5
#10 9.648   libkf5windowsystem-data libkf5windowsystem-dev libkf5windowsystem5
#10 9.648   libkwalletbackend5-5 liblcms2-2 liblerc-dev libllvm20 libltdl7 liblua5.3-0
#10 9.648   liblzma-dev liblzo2-2 libmagic-mgc libmagic1t64 libmanette-0.2-0 libmd4c0
#10 9.648   libmount-dev libmp3lame0 libmpc3 libmpfr6 libmpg123-0t64 libmtdev1t64
#10 9.648   libnghttp2-dev libnode-dev libnode109 libogg0 libonig5 libopengl-dev
#10 9.648   libopengl0 libopus0 liborc-0.4-0t64 libpango-1.0-0 libpango1.0-dev
#10 9.648   libpangocairo-1.0-0 libpangoft2-1.0-0 libpangoxft-1.0-0 libpcre2-16-0
#10 9.648   libpcre2-32-0 libpcre2-dev libpcre2-posix3 libpipewire-0.3-0t64
#10 9.648   libpipewire-0.3-dev libpipewire-0.3-modules libpixman-1-0 libpixman-1-dev
#10 9.648   libpng-dev libpopt0 libproxy1v5 libpsl-dev libpthread-stubs0-dev libpulse0
#10 9.648   libpython3-stdlib libqt5concurrent5t64 libqt5core5t64 libqt5dbus5t64
#10 9.648   libqt5gui5t64 libqt5network5t64 libqt5printsupport5t64 libqt5qml5
#10 9.648   libqt5sql5t64 libqt5test5t64 libqt5texttospeech5 libqt5widgets5t64
#10 9.648   libqt5x11extras5 libqt5xml5t64 libraw1394-11 libreadline-dev libroc0.3
#10 9.648   librpm9t64 librpmbuild9t64 librpmio9t64 librpmsign9t64 libsecret-1-0
#10 9.648   libsecret-1-dev libsecret-common libselinux1-dev libsensors-config
#10 9.648   libsensors5 libsepol-dev libsharpyuv-dev libshout3 libslang2 libsm-dev
#10 9.648   libsm6 libsnapd-glib-2-1 libsndfile1 libsoup-3.0-0 libsoup-3.0-common
#10 9.648   libsoup-3.0-dev libspa-0.2-dev libspa-0.2-modules libspeex1 libspeexdsp1
#10 9.648   libsqlite3-dev libssl-dev libsysprof-capture-4-dev libtag1v5
#10 9.648   libtag1v5-vanilla libtcl8.6 libtdb1 libtext-iconv-perl libthai-data
#10 9.648   libthai-dev libthai0 libtheora0 libtiff-dev libtiffxx6 libtwolame0
#10 9.648   libunwind8 libuv1-dev libuv1t64 libv4l-0t64 libv4lconvert0t64
#10 9.648   libvisual-0.4-0 libvorbis0a libvorbisenc2 libvorbisfile3 libvpx9
#10 9.648   libvulkan-dev libvulkan1 libwacom-common libwacom9 libwavpack1
#10 9.648   libwayland-bin libwayland-client0 libwayland-cursor0 libwayland-dev
#10 9.648   libwayland-egl1 libwayland-server0 libwebkit2gtk-4.1-0 libwebkit2gtk-4.1-dev
#10 9.648   libwebp-dev libwebpdecoder3 libwebpdemux2 libwebpmux3
#10 9.648   libwebrtc-audio-processing1 libx11-dev libx11-xcb1 libxau-dev libxcb-dri3-0
#10 9.648   libxcb-glx0 libxcb-icccm4 libxcb-image0 libxcb-keysyms1 libxcb-present0
#10 9.648   libxcb-randr0 libxcb-render-util0 libxcb-render0 libxcb-render0-dev
#10 9.648   libxcb-res0 libxcb-shape0 libxcb-shm0 libxcb-shm0-dev libxcb-sync1
#10 9.648   libxcb-util1 libxcb-xfixes0 libxcb-xinerama0 libxcb-xinput0 libxcb-xkb1
#10 9.648   libxcb1-dev libxcomposite-dev libxcomposite1 libxcursor-dev libxcursor1
#10 9.648   libxdamage-dev libxdamage1 libxdmcp-dev libxext-dev libxfixes-dev libxfixes3
#10 9.648   libxft-dev libxft2 libxi-dev libxi6 libxinerama-dev libxinerama1
#10 9.648   libxkbcommon-dev libxkbcommon-x11-0 libxkbcommon0 libxrandr-dev libxrandr2
#10 9.648   libxrender-dev libxrender1 libxshmfence1 libxslt1.1 libxtst-dev libxtst6
#10 9.648   libxxf86vm1 libzstd-dev lto-disabled-list make mesa-libgallium node-abbrev
#10 9.648   node-acorn node-agent-base node-ajv node-ajv-keywords
#10 9.648   node-ampproject-remapping node-ansi-escapes node-ansi-regex node-ansi-styles
#10 9.648   node-anymatch node-aproba node-archy node-are-we-there-yet node-argparse
#10 9.648   node-arrify node-assert node-async node-async-each
#10 9.648   node-babel-helper-define-polyfill-provider
#10 9.648   node-babel-plugin-add-module-exports node-babel-plugin-lodash
#10 9.648   node-babel-plugin-polyfill-corejs2 node-babel-plugin-polyfill-corejs3
#10 9.648   node-babel-plugin-polyfill-regenerator node-babel7 node-babel7-runtime
#10 9.648   node-balanced-match node-base64-js node-binary-extensions
#10 9.648   node-brace-expansion node-braces node-browserslist node-builtins node-busboy
#10 9.648   node-cacache node-camelcase node-caniuse-lite node-chalk node-chokidar
#10 9.648   node-chownr node-chrome-trace-event node-ci-info node-cjs-module-lexer
#10 9.648   node-cli-table node-cliui node-clone node-clone-deep node-color-convert
#10 9.648   node-color-name node-colors node-columnify node-commander node-commondir
#10 9.648   node-concat-stream node-console-control-strings node-convert-source-map
#10 9.648   node-copy-concurrently node-core-js node-core-js-compat node-core-js-pure
#10 9.648   node-core-util-is node-css-loader node-css-selector-tokenizer
#10 9.648   node-data-uri-to-buffer node-debbundle-es-to-primitive node-debug
#10 9.648   node-decamelize node-decompress-response node-deep-equal node-deep-is
#10 9.648   node-defaults node-define-properties node-define-property node-defined
#10 9.648   node-del node-delegates node-depd node-diff node-doctrine
#10 9.648   node-electron-to-chromium node-encoding node-end-of-stream
#10 9.648   node-enhanced-resolve node-err-code node-errno node-error-ex
#10 9.648   node-es-abstract node-es-module-lexer node-es6-error
#10 9.648   node-escape-string-regexp node-escodegen node-eslint-scope node-eslint-utils
#10 9.648   node-eslint-visitor-keys node-espree node-esprima node-esquery
#10 9.648   node-esrecurse node-estraverse node-esutils node-events node-fancy-log
#10 9.648   node-fast-deep-equal node-fast-levenshtein node-fetch node-file-entry-cache
#10 9.648   node-fill-range node-find-cache-dir node-find-up node-flat-cache
#10 9.648   node-flatted node-for-in node-for-own node-foreground-child
#10 9.648   node-fs-readdir-recursive node-fs-write-stream-atomic node-fs.realpath
#10 9.648   node-function-bind node-functional-red-black-tree node-gauge
#10 9.648   node-get-caller-file node-get-stream node-glob node-glob-parent node-globals
#10 9.648   node-globby node-got node-graceful-fs node-gyp node-has-flag
#10 9.648   node-has-unicode node-hosted-git-info node-http-proxy-agent
#10 9.648   node-https-proxy-agent node-iconv-lite node-icss-utils node-ieee754
#10 9.648   node-iferr node-ignore node-imurmurhash node-indent-string node-inflight
#10 9.648   node-inherits node-ini node-interpret node-ip node-ip-regex node-is-arrayish
#10 9.648   node-is-binary-path node-is-buffer node-is-descriptor node-is-extendable
#10 9.648   node-is-extglob node-is-glob node-is-number node-is-path-cwd
#10 9.648   node-is-path-inside node-is-plain-obj node-is-plain-object node-is-stream
#10 9.648   node-is-typedarray node-is-windows node-isarray node-isexe node-isobject
#10 9.648   node-istanbul node-jest-debbundle node-jest-worker node-js-tokens
#10 9.648   node-js-yaml node-jsesc node-json-buffer node-json-parse-better-errors
#10 9.648   node-json-schema node-json-schema-traverse node-json-stable-stringify
#10 9.648   node-json5 node-jsonify node-jsonparse node-kind-of node-levn
#10 9.648   node-loader-runner node-locate-path node-lodash node-lodash-packages
#10 9.648   node-lowercase-keys node-lru-cache node-make-dir node-memfs node-memory-fs
#10 9.648   node-merge-stream node-micromatch node-mime node-mime-types
#10 9.648   node-mimic-response node-minimatch node-minimist node-minipass node-mkdirp
#10 9.648   node-move-concurrently node-ms node-mute-stream node-n3 node-negotiator
#10 9.648   node-neo-async node-nopt node-normalize-package-data node-normalize-path
#10 9.648   node-npm-bundled node-npm-package-arg node-npm-run-path node-npmlog
#10 9.648   node-object-assign node-object-inspect node-once node-optimist
#10 9.648   node-optionator node-osenv node-p-cancelable node-p-limit node-p-locate
#10 9.648   node-p-map node-parse-json node-path-dirname node-path-exists
#10 9.648   node-path-is-absolute node-path-is-inside node-path-type node-picocolors
#10 9.648   node-pify node-pkg-dir node-postcss node-postcss-modules-extract-imports
#10 9.648   node-postcss-modules-values node-postcss-value-parser node-prelude-ls
#10 9.648   node-process-nextick-args node-progress node-promise-inflight
#10 9.648   node-promise-retry node-promzard node-prr node-pump node-punycode
#10 9.648   node-quick-lru node-randombytes node-read node-read-package-json
#10 9.648   node-read-pkg node-readable-stream node-readdirp node-rechoir
#10 9.648   node-regenerate node-regenerate-unicode-properties node-regenerator-runtime
#10 9.648   node-regenerator-transform node-regexpp node-regexpu-core node-regjsgen
#10 9.648   node-regjsparser node-repeat-string node-require-directory node-resolve
#10 9.648   node-resolve-cwd node-resolve-from node-resumer node-retry node-rimraf
#10 9.648   node-run-queue node-safe-buffer node-schema-utils node-semver
#10 9.648   node-serialize-javascript node-set-blocking node-set-immediate-shim
#10 9.648   node-shebang-command node-shebang-regex node-signal-exit node-slash
#10 9.648   node-slice-ansi node-source-list-map node-source-map node-source-map-support
#10 9.648   node-spdx-correct node-spdx-exceptions node-spdx-expression-parse
#10 9.648   node-spdx-license-ids node-sprintf-js node-ssri node-string-decoder
#10 9.648   node-string-width node-strip-ansi node-strip-bom node-strip-json-comments
#10 9.648   node-supports-color node-tapable node-tape node-tar node-terser
#10 9.648   node-text-table node-through node-time-stamp node-to-fast-properties
#10 9.648   node-to-regex-range node-tslib node-type-check node-typedarray
#10 9.648   node-typedarray-to-buffer node-undici
#10 9.648   node-unicode-canonical-property-names-ecmascript
#10 9.648   node-unicode-match-property-ecmascript
#10 9.648   node-unicode-match-property-value-ecmascript
#10 9.648   node-unicode-property-aliases-ecmascript node-unique-filename node-uri-js
#10 9.648   node-util node-util-deprecate node-uuid node-v8-compile-cache node-v8flags
#10 9.648   node-validate-npm-package-license node-validate-npm-package-name
#10 9.648   node-watchpack node-wcwidth.js node-webassemblyjs node-webpack-sources
#10 9.648   node-which node-wide-align node-wordwrap node-wrap-ansi node-wrappy
#10 9.648   node-write node-write-file-atomic node-xtend node-y18n node-yallist
#10 9.648   node-yargs node-yargs-parser nodejs npm pango1.0-tools patchelf pipewire
#10 9.648   pipewire-bin python3 python3-minimal python3-packaging python3-pkg-resources
#10 9.648   python3-six python3.12 python3.12-minimal qt5-qmake qt5-qmake-bin
#10 9.648   qtbase5-dev qtbase5-dev-tools qtchooser rpm rpm-common rpm2cpio
#10 9.648   session-migration sgml-base shared-mime-info sound-theme-freedesktop sqlite3
#10 9.648   tcl tcl8.6 terser ubuntu-mono uuid-dev wayland-protocols webpack x11-common
#10 9.648   x11proto-dev xdg-dbus-proxy xdg-desktop-portal xdg-desktop-portal-gtk
#10 9.648   xkb-data xml-core xorg-sgml-doctools xtrans-dev xz-utils
#10 9.649 The following packages will be upgraded:
#10 9.649   libnghttp2-14
#10 9.881 1 upgraded, 806 newly installed, 0 to remove and 7 not upgraded.
#10 9.881 Need to get 223 MB of archives.
#10 9.881 After this operation, 1057 MB of additional disk space will be used.
#10 9.881 Get:1 http://ports.ubuntu.com/ubuntu-ports noble-updates/main arm64 python3.12-minimal arm64 3.12.3-1ubuntu0.13 [2265 kB]
#10 11.38 Get:2 http://ports.ubuntu.com/ubuntu-ports noble-updates/main arm64 python3-minimal arm64 3.12.3-0ubuntu2.1 [27.4 kB]
#10 11.38 Get:3 http://ports.ubuntu.com/ubuntu-ports noble-updates/main arm64 python3.12 arm64 3.12.3-1ubuntu0.13 [662 kB]
#10 11.39 Get:4 http://ports.ubuntu.com/ubuntu-ports noble-updates/main arm64 libpython3-stdlib arm64 3.12.3-0ubuntu2.1 [10.1 kB]
#10 11.40 Get:5 http://ports.ubuntu.com/ubuntu-ports noble-updates/main arm64 python3 arm64 3.12.3-0ubuntu2.1 [23.0 kB]
#10 11.40 Get:6 http://ports.ubuntu.com/ubuntu-ports noble/main arm64 sgml-base all 1.31 [11.4 kB]
#10 11.40 Get:7 http://ports.ubuntu.com/ubuntu-ports noble-updates/main arm64 libdbus-1-3 arm64 1.14.10-4ubuntu4.1 [210 kB]
#10 11.40 Get:8 http://ports.ubuntu.com/ubuntu-ports noble-updates/main arm64 dbus-bin arm64 1.14.10-4ubuntu4.1 [38.8 kB]
#10 11.40 Get:9 http://ports.ubuntu.com/ubuntu-ports noble-updates/main arm64 dbus-session-bus-common all 1.14.10-4ubuntu4.1 [80.5 kB]
#10 11.40 Get:10 http://ports.ubuntu.com/ubuntu-ports noble-updates/main arm64 libapparmor1 arm64 4.0.1really4.0.1-0ubuntu0.24.04.7 [51.8 kB]
#10 11.40 Get:11 http://ports.ubuntu.com/ubuntu-ports noble-updates/main arm64 dbus-daemon arm64 1.14.10-4ubuntu4.1 [115 kB]
#10 11.43 Get:12 http://ports.ubuntu.com/ubuntu-ports noble-updates/main arm64 dbus-system-bus-common all 1.14.10-4ubuntu4.1 [81.6 kB]
#10 11.90 Get:13 http://ports.ubuntu.com/ubuntu-ports noble-updates/main arm64 dbus arm64 1.14.10-4ubuntu4.1 [23.9 kB]
#10 11.90 Get:14 http://ports.ubuntu.com/ubuntu-ports noble-updates/main arm64 libglib2.0-0t64 arm64 2.80.0-6ubuntu3.8 [1532 kB]
#10 11.95 Get:15 http://ports.ubuntu.com/ubuntu-ports noble-updates/main arm64 gir1.2-glib-2.0 arm64 2.80.0-6ubuntu3.8 [182 kB]
#10 11.95 Get:16 http://ports.ubuntu.com/ubuntu-ports noble/main arm64 iso-codes all 4.16.0-1 [3492 kB]
#10 12.43 Get:17 http://ports.ubuntu.com/ubuntu-ports noble-updates/main arm64 libcap2-bin arm64 1:2.66-5ubuntu2.4 [33.5 kB]
#10 12.43 Get:18 http://ports.ubuntu.com/ubuntu-ports noble-updates/main arm64 libelf1t64 arm64 0.190-1.1ubuntu0.1 [58.4 kB]
#10 12.43 Get:19 http://ports.ubuntu.com/ubuntu-ports noble/main arm64 libfribidi0 arm64 1.0.13-3build1 [26.5 kB]
#10 12.43 Get:20 http://ports.ubuntu.com/ubuntu-ports noble-updates/main arm64 libglib2.0-data all 2.80.0-6ubuntu3.8 [49.6 kB]
#10 12.43 Get:21 http://ports.ubuntu.com/ubuntu-ports noble/main arm64 libpopt0 arm64 1.19+dfsg-1build1 [28.4 kB]
#10 12.43 Get:22 http://ports.ubuntu.com/ubuntu-ports noble/main arm64 libslang2 arm64 2.3.3-3build2 [476 kB]
#10 12.43 Get:23 http://ports.ubuntu.com/ubuntu-ports noble/main arm64 libtext-iconv-perl arm64 1.7-8build3 [13.1 kB]
#10 12.44 Get:24 http://ports.ubuntu.com/ubuntu-ports noble-updates/main arm64 python3-pkg-resources all 68.1.2-2ubuntu1.2 [168 kB]
#10 12.44 Get:25 http://ports.ubuntu.com/ubuntu-ports noble/main arm64 shared-mime-info arm64 2.4-4 [472 kB]
#10 12.49 Get:26 http://ports.ubuntu.com/ubuntu-ports noble-updates/main arm64 xkb-data all 2.41-2ubuntu1.1 [397 kB]
#10 12.50 Get:27 http://ports.ubuntu.com/ubuntu-ports noble/main arm64 libmagic-mgc arm64 1:5.45-3build1 [307 kB]
#10 12.51 Get:28 http://ports.ubuntu.com/ubuntu-ports noble/main arm64 libmagic1t64 arm64 1:5.45-3build1 [85.7 kB]
#10 12.52 Get:29 http://ports.ubuntu.com/ubuntu-ports noble/main arm64 file arm64 1:5.45-3build1 [22.0 kB]
#10 12.53 Get:30 http://ports.ubuntu.com/ubuntu-ports noble/main arm64 libfuse3-3 arm64 3.14.0-5build1 [82.1 kB]
#10 12.95 Get:31 http://ports.ubuntu.com/ubuntu-ports noble/main arm64 fuse3 arm64 3.14.0-5build1 [24.2 kB]
#10 12.95 Get:32 http://ports.ubuntu.com/ubuntu-ports noble-updates/main arm64 libdrm-common all 2.4.125-1ubuntu0.1~24.04.2 [9250 B]
#10 12.95 Get:33 http://ports.ubuntu.com/ubuntu-ports noble-updates/main arm64 libdrm2 arm64 2.4.125-1ubuntu0.1~24.04.2 [42.9 kB]
#10 12.95 Get:34 http://ports.ubuntu.com/ubuntu-ports noble/main arm64 libevdev2 arm64 1.13.1+dfsg-1build1 [35.8 kB]
#10 12.95 Get:35 http://ports.ubuntu.com/ubuntu-ports noble-updates/main arm64 libnghttp2-14 arm64 1.59.0-1ubuntu0.4 [74.8 kB]
#10 12.96 Get:36 http://ports.ubuntu.com/ubuntu-ports noble/main arm64 libsensors-config all 1:3.6.0-9build1 [5546 B]
#10 12.96 Get:37 http://ports.ubuntu.com/ubuntu-ports noble/main arm64 libsensors5 arm64 1:3.6.0-9build1 [27.0 kB]
#10 12.97 Get:38 http://ports.ubuntu.com/ubuntu-ports noble/main arm64 libuv1t64 arm64 1.48.0-1.1build1 [95.3 kB]
#10 12.97 Get:39 http://ports.ubuntu.com/ubuntu-ports noble/main arm64 libxkbcommon0 arm64 1.6.0-1build1 [122 kB]
#10 12.97 Get:40 http://ports.ubuntu.com/ubuntu-ports noble-updates/main arm64 xz-utils arm64 5.6.1+really5.4.5-1ubuntu0.3 [268 kB]
#10 13.00 Get:41 http://ports.ubuntu.com/ubuntu-ports noble-updates/main arm64 libgdk-pixbuf2.0-common all 2.42.10+dfsg-3ubuntu3.3 [8302 B]
#10 13.01 Get:42 http://ports.ubuntu.com/ubuntu-ports noble-updates/main arm64 libgdk-pixbuf-2.0-0 arm64 2.42.10+dfsg-3ubuntu3.3 [146 kB]
#10 13.01 Get:43 http://ports.ubuntu.com/ubuntu-ports noble-updates/main arm64 gtk-update-icon-cache arm64 3.24.41-4ubuntu1.3 [52.2 kB]
#10 13.02 Get:44 http://ports.ubuntu.com/ubuntu-ports noble/main arm64 hicolor-icon-theme all 0.17-2 [9976 B]
#10 13.03 Get:45 http://ports.ubuntu.com/ubuntu-ports noble/main arm64 humanity-icon-theme all 0.6.16 [1282 kB]
#10 13.05 Get:46 http://ports.ubuntu.com/ubuntu-ports noble/main arm64 ubuntu-mono all 24.04-0ubuntu1 [151 kB]
#10 13.05 Get:47 http://ports.ubuntu.com/ubuntu-ports noble/main arm64 adwaita-icon-theme all 46.0-1 [723 kB]
#10 13.07 Get:48 http://ports.ubuntu.com/ubuntu-ports noble-updates/universe arm64 apt-transport-https all 2.8.3 [3970 B]
#10 13.48 Get:49 http://ports.ubuntu.com/ubuntu-ports noble/main arm64 at-spi2-common all 2.52.0-1build1 [8674 B]
#10 13.48 Get:50 http://ports.ubuntu.com/ubuntu-ports noble-updates/main arm64 bubblewrap arm64 0.9.0-1ubuntu0.1 [49.7 kB]
#10 13.48 Get:51 http://ports.ubuntu.com/ubuntu-ports noble-updates/main arm64 libisl23 arm64 0.26-3build1.1 [669 kB]
#10 13.48 Get:52 http://ports.ubuntu.com/ubuntu-ports noble-updates/main arm64 libmpfr6 arm64 4.2.1-1build1.1 [329 kB]
#10 13.50 Get:53 http://ports.ubuntu.com/ubuntu-ports noble-updates/main arm64 libmpc3 arm64 1.3.1-1build1.1 [56.4 kB]
#10 13.50 Get:54 http://ports.ubuntu.com/ubuntu-ports noble-updates/main arm64 cpp-13-aarch64-linux-gnu arm64 13.3.0-6ubuntu2~24.04.1 [9560 kB]
#10 14.53 Get:55 http://ports.ubuntu.com/ubuntu-ports noble-updates/main arm64 cpp-13 arm64 13.3.0-6ubuntu2~24.04.1 [1038 B]
#10 14.53 Get:56 http://ports.ubuntu.com/ubuntu-ports noble/main arm64 cpp-aarch64-linux-gnu arm64 4:13.2.0-7ubuntu1 [5316 B]
#10 14.53 Get:57 http://ports.ubuntu.com/ubuntu-ports noble/main arm64 cpp arm64 4:13.2.0-7ubuntu1 [22.4 kB]
#10 14.53 Get:58 http://ports.ubuntu.com/ubuntu-ports noble-updates/main arm64 libcc1-0 arm64 14.2.0-4ubuntu2~24.04.1 [49.7 kB]
#10 14.53 Get:59 http://ports.ubuntu.com/ubuntu-ports noble-updates/main arm64 gcc-13-aarch64-linux-gnu arm64 13.3.0-6ubuntu2~24.04.1 [18.7 MB]
#10 16.14 Get:60 http://ports.ubuntu.com/ubuntu-ports noble-updates/main arm64 gcc-13 arm64 13.3.0-6ubuntu2~24.04.1 [484 kB]
#10 16.15 Get:61 http://ports.ubuntu.com/ubuntu-ports noble/main arm64 gcc-aarch64-linux-gnu arm64 4:13.2.0-7ubuntu1 [1198 B]
#10 16.15 Get:62 http://ports.ubuntu.com/ubuntu-ports noble/main arm64 gcc arm64 4:13.2.0-7ubuntu1 [5018 B]
#10 16.15 Get:63 http://ports.ubuntu.com/ubuntu-ports noble-updates/main arm64 g++-13-aarch64-linux-gnu arm64 13.3.0-6ubuntu2~24.04.1 [10.9 MB]
#10 17.15 Get:64 http://ports.ubuntu.com/ubuntu-ports noble-updates/main arm64 g++-13 arm64 13.3.0-6ubuntu2~24.04.1 [16.0 kB]
#10 17.15 Get:65 http://ports.ubuntu.com/ubuntu-ports noble/main arm64 g++-aarch64-linux-gnu arm64 4:13.2.0-7ubuntu1 [962 B]
#10 17.15 Get:66 http://ports.ubuntu.com/ubuntu-ports noble/main arm64 g++ arm64 4:13.2.0-7ubuntu1 [1082 B]
#10 17.15 Get:67 http://ports.ubuntu.com/ubuntu-ports noble/main arm64 make arm64 4.3-4.1build2 [178 kB]
#10 17.15 Get:68 http://ports.ubuntu.com/ubuntu-ports noble-updates/main arm64 libdpkg-perl all 1.22.6ubuntu6.6 [268 kB]
#10 17.18 Get:69 http://ports.ubuntu.com/ubuntu-ports noble-updates/main arm64 bzip2 arm64 1.0.8-5.1build0.1 [34.0 kB]
#10 17.18 Get:70 http://ports.ubuntu.com/ubuntu-ports noble/main arm64 lto-disabled-list all 47 [12.4 kB]
#10 17.18 Get:71 http://ports.ubuntu.com/ubuntu-ports noble-updates/main arm64 dpkg-dev all 1.22.6ubuntu6.6 [1074 kB]
#10 17.19 Get:72 http://ports.ubuntu.com/ubuntu-ports noble/main arm64 build-essential arm64 12.10ubuntu1 [4932 B]
#10 17.22 Get:73 http://ports.ubuntu.com/ubuntu-ports noble-updates/main arm64 curl arm64 8.5.0-2ubuntu10.10 [222 kB]
#10 17.24 Get:74 http://ports.ubuntu.com/ubuntu-ports noble-updates/main arm64 dbus-x11 arm64 1.14.10-4ubuntu4.1 [23.2 kB]
#10 17.24 Get:75 http://ports.ubuntu.com/ubuntu-ports noble-updates/main arm64 libdconf1 arm64 0.40.0-4ubuntu0.1 [39.9 kB]
#10 17.25 Get:76 http://ports.ubuntu.com/ubuntu-ports noble-updates/main arm64 dconf-service arm64 0.40.0-4ubuntu0.1 [27.0 kB]
#10 17.25 Get:77 http://ports.ubuntu.com/ubuntu-ports noble-updates/main arm64 dconf-gsettings-backend arm64 0.40.0-4ubuntu0.1 [22.0 kB]
#10 17.26 Get:78 http://ports.ubuntu.com/ubuntu-ports noble-updates/main arm64 libdw1t64 arm64 0.190-1.1ubuntu0.1 [258 kB]
#10 17.27 Get:79 http://ports.ubuntu.com/ubuntu-ports noble/main arm64 debugedit arm64 1:5.0-5build2 [45.3 kB]
#10 17.67 Get:80 http://ports.ubuntu.com/ubuntu-ports noble/main arm64 desktop-file-utils arm64 0.27-2build1 [52.5 kB]
#10 17.68 Get:81 http://ports.ubuntu.com/ubuntu-ports noble/main arm64 emacsen-common all 3.0.5 [12.1 kB]
#10 17.68 Get:82 http://ports.ubuntu.com/ubuntu-ports noble/main arm64 dictionaries-common all 1.29.7 [188 kB]
#10 17.68 Get:83 http://ports.ubuntu.com/ubuntu-ports noble/universe arm64 node-fast-deep-equal all 3.1.3-3 [5844 B]
#10 17.68 Get:84 http://ports.ubuntu.com/ubuntu-ports noble/universe arm64 node-json-schema-traverse all 1.0.0-3 [6338 B]
#10 17.68 Get:85 http://ports.ubuntu.com/ubuntu-ports noble/universe arm64 node-jsonify all 0.0.1-1 [6724 B]
#10 17.68 Get:86 http://ports.ubuntu.com/ubuntu-ports noble/universe arm64 node-json-stable-stringify all 1.0.2+repack1+~cs1.0.34-2 [7270 B]
#10 17.68 Get:87 http://ports.ubuntu.com/ubuntu-ports noble/universe arm64 node-punycode all 2.2.3-2 [10.0 kB]
#10 17.69 Get:88 http://ports.ubuntu.com/ubuntu-ports noble/universe arm64 node-uri-js all 4.4.0+dfsg-8 [52.5 kB]
#10 17.72 Get:89 http://ports.ubuntu.com/ubuntu-ports noble/main arm64 libcares2 arm64 1.27.0-1.0ubuntu1 [74.1 kB]
#10 17.73 Get:90 http://ports.ubuntu.com/ubuntu-ports noble/universe arm64 node-xtend all 4.0.2-3 [3902 B]
#10 17.74 Get:91 http://ports.ubuntu.com/ubuntu-ports noble/universe arm64 node-acorn all 8.8.1+ds+~cs25.17.7-2 [115 kB]
#10 17.74 Get:92 http://ports.ubuntu.com/ubuntu-ports noble/universe arm64 node-cjs-module-lexer all 1.2.3+dfsg-1 [32.1 kB]
#10 17.75 Get:93 http://ports.ubuntu.com/ubuntu-ports noble/universe arm64 node-busboy all 1.6.0+~cs2.6.0-2 [17.3 kB]
#10 17.76 Get:94 http://ports.ubuntu.com/ubuntu-ports noble/universe arm64 node-undici all 5.26.3+dfsg1+~cs23.10.12-2 [325 kB]
#10 17.77 Get:95 http://ports.ubuntu.com/ubuntu-ports noble/universe arm64 libnode109 arm64 18.19.1+dfsg-6ubuntu5 [11.2 MB]
#10 18.83 Get:96 http://ports.ubuntu.com/ubuntu-ports noble/universe arm64 nodejs arm64 18.19.1+dfsg-6ubuntu5 [306 kB]
#10 18.83 Get:97 http://ports.ubuntu.com/ubuntu-ports noble/universe arm64 node-ajv all 8.12.0~ds+~2.1.1-4 [185 kB]
#10 18.83 Get:98 http://ports.ubuntu.com/ubuntu-ports noble/universe arm64 libjs-inherits all 2.0.4-6 [3412 B]
#10 18.83 Get:99 http://ports.ubuntu.com/ubuntu-ports noble/universe arm64 node-inherits all 2.0.4-6 [3004 B]
#10 18.83 Get:100 http://ports.ubuntu.com/ubuntu-ports noble/universe arm64 node-core-util-is all 1.0.3-1 [4066 B]
#10 18.83 Get:101 http://ports.ubuntu.com/ubuntu-ports noble/universe arm64 node-safe-buffer all 5.2.1+~cs2.1.2-3 [15.8 kB]
#10 18.83 Get:102 http://ports.ubuntu.com/ubuntu-ports noble/universe arm64 node-string-decoder all 1.3.0-6 [7044 B]
#10 18.83 Get:103 http://ports.ubuntu.com/ubuntu-ports noble/universe arm64 node-process-nextick-args all 2.0.1-3 [3804 B]
#10 18.83 Get:104 http://ports.ubuntu.com/ubuntu-ports noble/universe arm64 node-util-deprecate all 1.0.2-3 [4202 B]
#10 19.24 Get:105 http://ports.ubuntu.com/ubuntu-ports noble/universe arm64 node-isarray all 2.0.5-4 [4024 B]
#10 19.24 Get:106 http://ports.ubuntu.com/ubuntu-ports noble/universe arm64 node-readable-stream all 3.6.0+~cs3.0.0-4build1 [32.4 kB]
#10 19.24 Get:107 http://ports.ubuntu.com/ubuntu-ports noble/universe arm64 node-typedarray all 0.0.7-1 [9584 B]
#10 19.25 Get:108 http://ports.ubuntu.com/ubuntu-ports noble/universe arm64 node-concat-stream all 2.0.0+~2.0.0-2 [6424 B]
#10 19.25 Get:109 http://ports.ubuntu.com/ubuntu-ports noble/universe arm64 node-ms all 2.1.3+~cs0.7.31-3 [5738 B]
#10 19.25 Get:110 http://ports.ubuntu.com/ubuntu-ports noble/universe arm64 node-debug all 4.3.4+~cs4.1.7-1 [17.7 kB]
#10 19.25 Get:111 http://ports.ubuntu.com/ubuntu-ports noble/universe arm64 node-esutils all 2.0.3+~2.0.0-1 [13.0 kB]
#10 19.25 Get:112 http://ports.ubuntu.com/ubuntu-ports noble/universe arm64 node-doctrine all 3.0.0-4 [18.3 kB]
#10 19.25 Get:113 http://ports.ubuntu.com/ubuntu-ports noble/universe arm64 node-eslint-visitor-keys all 3.3.0+~1.0.0-1 [14.4 kB]
#10 19.25 Get:114 http://ports.ubuntu.com/ubuntu-ports noble/universe arm64 node-estraverse all 5.3.0+ds+~5.1.1-1 [11.9 kB]
#10 19.29 Get:115 http://ports.ubuntu.com/ubuntu-ports noble/universe arm64 node-object-assign all 4.1.1-7 [4686 B]
#10 19.30 Get:116 http://ports.ubuntu.com/ubuntu-ports noble/universe arm64 node-esrecurse all 4.3.0-2 [6136 B]
#10 19.30 Get:117 http://ports.ubuntu.com/ubuntu-ports noble/universe arm64 node-eslint-scope all 7.1.1+~3.7.4-1 [31.5 kB]
#10 19.31 Get:118 http://ports.ubuntu.com/ubuntu-ports noble/universe arm64 node-espree all 9.4.1~dfsg-2 [21.0 kB]
#10 19.32 Get:119 http://ports.ubuntu.com/ubuntu-ports noble/universe arm64 node-esquery all 1.4.2~ds-1 [26.0 kB]
#10 19.33 Get:120 http://ports.ubuntu.com/ubuntu-ports noble/universe arm64 node-eslint-utils all 3.0.0-3 [15.8 kB]
#10 19.33 Get:121 http://ports.ubuntu.com/ubuntu-ports noble/universe arm64 node-flatted all 3.2.7~ds-1 [10.0 kB]
#10 19.35 Get:122 http://ports.ubuntu.com/ubuntu-ports noble/universe arm64 node-fs.realpath all 1.0.0-3 [6176 B]
#10 19.35 Get:123 http://ports.ubuntu.com/ubuntu-ports noble/universe arm64 node-wrappy all 1.0.2-3 [3732 B]
#10 19.36 Get:124 http://ports.ubuntu.com/ubuntu-ports noble/universe arm64 node-once all 1.4.1-1 [4664 B]
#10 19.76 Get:125 http://ports.ubuntu.com/ubuntu-ports noble/universe arm64 node-inflight all 1.0.6-2 [3940 B]
#10 19.76 Get:126 http://ports.ubuntu.com/ubuntu-ports noble/universe arm64 node-balanced-match all 2.0.0-1 [4910 B]
#10 19.76 Get:127 http://ports.ubuntu.com/ubuntu-ports noble/universe arm64 node-brace-expansion all 2.0.1+~1.1.0-1 [8072 B]
#10 19.76 Get:128 http://ports.ubuntu.com/ubuntu-ports noble/universe arm64 node-minimatch all 9.0.3-4build5 [51.1 kB]
#10 19.77 Get:129 http://ports.ubuntu.com/ubuntu-ports noble/universe arm64 node-glob all 8.1.0+~cs8.5.15-1 [137 kB]
#10 19.77 Get:130 http://ports.ubuntu.com/ubuntu-ports noble/universe arm64 node-rimraf all 3.0.2-2 [10.4 kB]
#10 19.77 Get:131 http://ports.ubuntu.com/ubuntu-ports noble/universe arm64 node-write all 2.0.0~6.0.1+~3.0.4+~2.0.0+~1.0.0+~2.0.1-1 [16.0 kB]
#10 19.77 Get:132 http://ports.ubuntu.com/ubuntu-ports noble/universe arm64 node-flat-cache all 3.0.4~6.0.1+~3.0.4+~2.0.0+~1.0.0+~2.0.1-1 [9050 B]
#10 19.77 Get:133 http://ports.ubuntu.com/ubuntu-ports noble/universe arm64 node-file-entry-cache all 6.0.1+~3.0.4+~2.0.0+~1.0.0+~2.0.1-1 [12.2 kB]
#10 19.79 Get:134 http://ports.ubuntu.com/ubuntu-ports noble/universe arm64 node-functional-red-black-tree all 1.0.1+20181105-7 [14.3 kB]
#10 19.81 Get:135 http://ports.ubuntu.com/ubuntu-ports noble/universe arm64 node-is-extglob all 2.1.1-5 [4624 B]
#10 19.82 Get:136 http://ports.ubuntu.com/ubuntu-ports noble/universe arm64 node-is-glob all 4.0.3-2 [6706 B]
#10 19.83 Get:137 http://ports.ubuntu.com/ubuntu-ports noble/universe arm64 node-path-dirname all 1.0.2-2 [4326 B]
#10 19.84 Get:138 http://ports.ubuntu.com/ubuntu-ports noble/universe arm64 node-glob-parent all 6.0.2+~5.1.1-2 [7050 B]
#10 19.85 Get:139 http://ports.ubuntu.com/ubuntu-ports noble/universe arm64 node-globals all 13.23.0-1 [11.7 kB]
#10 19.85 Get:140 http://ports.ubuntu.com/ubuntu-ports noble/universe arm64 node-resolve-from all 5.0.0+~3.1.0+~3.3.0+~2.0.0-1 [7332 B]
#10 19.86 Get:141 http://ports.ubuntu.com/ubuntu-ports noble/universe arm64 node-imurmurhash all 0.1.4+dfsg+~0.1.1-2 [8504 B]
#10 19.86 Get:142 http://ports.ubuntu.com/ubuntu-ports noble/universe arm64 node-ignore all 5.2.1-1 [24.2 kB]
#10 19.87 Get:143 http://ports.ubuntu.com/ubuntu-ports noble/universe arm64 node-prelude-ls all 1.2.1+dfsg-3 [9812 B]
#10 19.88 Get:144 http://ports.ubuntu.com/ubuntu-ports noble/universe arm64 node-type-check all 0.4.0+dfsg-3 [9318 B]
#10 19.89 Get:145 http://ports.ubuntu.com/ubuntu-ports noble/universe arm64 node-levn all 0.4.1+dfsg-2 [10.3 kB]
#10 20.29 Get:146 http://ports.ubuntu.com/ubuntu-ports noble/universe arm64 node-lodash all 4.17.21+dfsg+~cs8.31.198.20210220-9 [469 kB]
#10 20.29 Get:147 http://ports.ubuntu.com/ubuntu-ports noble/universe arm64 node-memfs all 3.4.12+~cs1.0.3-1 [41.0 kB]
#10 20.29 Get:148 http://ports.ubuntu.com/ubuntu-ports noble/universe arm64 node-mkdirp all 1.0.4+~1.0.2-4 [11.3 kB]
#10 20.29 Get:149 http://ports.ubuntu.com/ubuntu-ports noble/universe arm64 node-deep-is all 0.1.4-1 [5158 B]
#10 20.29 Get:150 http://ports.ubuntu.com/ubuntu-ports noble/universe arm64 node-fast-levenshtein all 2.0.6+ds-3 [6084 B]
#10 20.29 Get:151 http://ports.ubuntu.com/ubuntu-ports noble/universe arm64 node-optionator all 0.9.1+dfsg+~cs1.2.3-1 [17.1 kB]
#10 20.29 Get:152 http://ports.ubuntu.com/ubuntu-ports noble/universe arm64 node-progress all 2.0.3-2 [6704 B]
#10 20.29 Get:153 http://ports.ubuntu.com/ubuntu-ports noble/universe arm64 libjs-regenerate all 1.4.2-3 [14.7 kB]
#10 20.30 Get:154 http://ports.ubuntu.com/ubuntu-ports noble/universe arm64 node-regenerate all 1.4.2-3 [2340 B]
#10 20.32 Get:155 http://ports.ubuntu.com/ubuntu-ports noble/universe arm64 node-regenerate-unicode-properties all 10.1.0+ds-1 [54.7 kB]
#10 20.36 Get:156 http://ports.ubuntu.com/ubuntu-ports noble/universe arm64 node-regexpp all 3.2.0-5 [27.8 kB]
#10 20.36 Get:157 http://ports.ubuntu.com/ubuntu-ports noble/universe arm64 node-yallist all 4.0.0+~4.0.1-1 [8322 B]
#10 20.37 Get:158 http://ports.ubuntu.com/ubuntu-ports noble/universe arm64 node-lru-cache all 7.14.1-1 [23.9 kB]
#10 20.39 Get:159 http://ports.ubuntu.com/ubuntu-ports noble/universe arm64 node-semver all 7.5.4+~7.5.0-2 [44.3 kB]
#10 20.39 Get:160 http://ports.ubuntu.com/ubuntu-ports noble/universe arm64 node-strip-json-comments all 4.0.0-4 [5656 B]
#10 20.39 Get:161 http://ports.ubuntu.com/ubuntu-ports noble/universe arm64 node-json-schema all 0.4.0+~7.0.11-1 [13.4 kB]
#10 20.41 Get:162 http://ports.ubuntu.com/ubuntu-ports noble/universe arm64 node-v8-compile-cache all 2.4.0-2 [7686 B]
#10 20.41 Get:163 http://ports.ubuntu.com/ubuntu-ports noble/universe arm64 eslint all 6.4.0~dfsg+~6.1.9-11build3 [354 kB]
#10 20.49 Get:164 http://ports.ubuntu.com/ubuntu-ports noble/main arm64 libfakeroot arm64 1.33-1 [32.5 kB]
#10 20.81 Get:165 http://ports.ubuntu.com/ubuntu-ports noble/main arm64 fakeroot arm64 1.33-1 [66.9 kB]
#10 20.82 Get:166 http://ports.ubuntu.com/ubuntu-ports noble/main arm64 fontconfig arm64 2.15.0-1.1ubuntu2 [190 kB]
#10 20.82 Get:167 http://ports.ubuntu.com/ubuntu-ports noble/main arm64 libatk1.0-0t64 arm64 2.52.0-1build1 [55.1 kB]
#10 20.82 Get:168 http://ports.ubuntu.com/ubuntu-ports noble/main arm64 gir1.2-atk-1.0 arm64 2.52.0-1build1 [23.1 kB]
#10 20.85 Get:169 http://ports.ubuntu.com/ubuntu-ports noble/main arm64 libpixman-1-0 arm64 0.42.2-1build1 [204 kB]
#10 21.38 Get:170 http://ports.ubuntu.com/ubuntu-ports noble/main arm64 libxcb-render0 arm64 1.15-1ubuntu2 [16.6 kB]
#10 21.39 Get:171 http://ports.ubuntu.com/ubuntu-ports noble/main arm64 libxcb-shm0 arm64 1.15-1ubuntu2 [5876 B]
#10 21.40 Get:172 http://ports.ubuntu.com/ubuntu-ports noble/main arm64 libxrender1 arm64 1:0.9.10-1.1build1 [18.8 kB]
#10 21.41 Get:173 http://ports.ubuntu.com/ubuntu-ports noble/main arm64 libcairo2 arm64 1.18.0-3build1 [555 kB]
#10 21.42 Get:174 http://ports.ubuntu.com/ubuntu-ports noble/main arm64 libcairo-gobject2 arm64 1.18.0-3build1 [127 kB]
#10 21.42 Get:175 http://ports.ubuntu.com/ubuntu-ports noble/main arm64 gir1.2-freedesktop arm64 1.80.1-1 [49.7 kB]
#10 21.43 Get:176 http://ports.ubuntu.com/ubuntu-ports noble/main arm64 libxi6 arm64 2:1.8.1-1build1 [31.9 kB]
#10 21.43 Get:177 http://ports.ubuntu.com/ubuntu-ports noble/main arm64 libatspi2.0-0t64 arm64 2.52.0-1build1 [80.9 kB]
#10 21.44 Get:178 http://ports.ubuntu.com/ubuntu-ports noble/main arm64 gir1.2-atspi-2.0 arm64 2.52.0-1build1 [19.8 kB]
#10 21.45 Get:179 http://ports.ubuntu.com/ubuntu-ports noble-updates/main arm64 gir1.2-gdkpixbuf-2.0 arm64 2.42.10+dfsg-3ubuntu3.3 [9486 B]
#10 21.46 Get:180 http://ports.ubuntu.com/ubuntu-ports noble-updates/main arm64 libgraphite2-3 arm64 1.3.14-2ubuntu0.24.04.1 [71.1 kB]
#10 21.46 Get:181 http://ports.ubuntu.com/ubuntu-ports noble/main arm64 libharfbuzz0b arm64 8.3.0-2build2 [463 kB]
#10 21.86 Get:182 http://ports.ubuntu.com/ubuntu-ports noble/main arm64 libharfbuzz-gobject0 arm64 8.3.0-2build2 [32.8 kB]
#10 21.86 Get:183 http://ports.ubuntu.com/ubuntu-ports noble/main arm64 gir1.2-harfbuzz-0.0 arm64 8.3.0-2build2 [44.5 kB]
#10 21.87 Get:184 http://ports.ubuntu.com/ubuntu-ports noble/main arm64 libthai-data all 0.1.29-2build1 [158 kB]
#10 21.87 Get:185 http://ports.ubuntu.com/ubuntu-ports noble/main arm64 libdatrie1 arm64 0.2.13-3build1 [19.2 kB]
#10 21.87 Get:186 http://ports.ubuntu.com/ubuntu-ports noble/main arm64 libthai0 arm64 0.1.29-2build1 [18.2 kB]
#10 21.88 Get:187 http://ports.ubuntu.com/ubuntu-ports noble/main arm64 libpango-1.0-0 arm64 1.52.1+ds-1build1 [228 kB]
#10 21.88 Get:188 http://ports.ubuntu.com/ubuntu-ports noble/main arm64 libpangoft2-1.0-0 arm64 1.52.1+ds-1build1 [42.0 kB]
#10 21.88 Get:189 http://ports.ubuntu.com/ubuntu-ports noble/main arm64 libpangocairo-1.0-0 arm64 1.52.1+ds-1build1 [27.4 kB]
#10 21.97 Get:190 http://ports.ubuntu.com/ubuntu-ports noble/main arm64 libxft2 arm64 2.3.6-1build1 [44.1 kB]
#10 21.98 Get:191 http://ports.ubuntu.com/ubuntu-ports noble/main arm64 libpangoxft-1.0-0 arm64 1.52.1+ds-1build1 [20.1 kB]
#10 22.38 Get:192 http://ports.ubuntu.com/ubuntu-ports noble/main arm64 gir1.2-pango-1.0 arm64 1.52.1+ds-1build1 [34.8 kB]
#10 22.38 Get:193 http://ports.ubuntu.com/ubuntu-ports noble/main arm64 libatk-bridge2.0-0t64 arm64 2.52.0-1build1 [66.3 kB]
#10 22.39 Get:194 http://ports.ubuntu.com/ubuntu-ports noble-updates/main arm64 liblcms2-2 arm64 2.14-2ubuntu0.1 [161 kB]
#10 22.39 Get:195 http://ports.ubuntu.com/ubuntu-ports noble/main arm64 libcolord2 arm64 1.4.7-1build2 [149 kB]
#10 22.39 Get:196 http://ports.ubuntu.com/ubuntu-ports noble-updates/main arm64 libavahi-common-data arm64 0.8-13ubuntu6.2 [30.0 kB]
#10 22.39 Get:197 http://ports.ubuntu.com/ubuntu-ports noble-updates/main arm64 libavahi-common3 arm64 0.8-13ubuntu6.2 [23.3 kB]
#10 22.39 Get:198 http://ports.ubuntu.com/ubuntu-ports noble-updates/main arm64 libavahi-client3 arm64 0.8-13ubuntu6.2 [27.3 kB]
#10 22.40 Get:199 http://ports.ubuntu.com/ubuntu-ports noble-updates/main arm64 libcups2t64 arm64 2.4.7-1.2ubuntu7.14 [277 kB]
#10 22.40 Get:200 http://ports.ubuntu.com/ubuntu-ports noble/main arm64 libepoxy0 arm64 1.5.10-1build1 [240 kB]
#10 22.41 Get:201 http://ports.ubuntu.com/ubuntu-ports noble/main arm64 libwayland-client0 arm64 1.22.0-2.1build1 [25.9 kB]
#10 22.43 Get:202 http://ports.ubuntu.com/ubuntu-ports noble/main arm64 libwayland-cursor0 arm64 1.22.0-2.1build1 [10.3 kB]
#10 22.45 Get:203 http://ports.ubuntu.com/ubuntu-ports noble/main arm64 libwayland-egl1 arm64 1.22.0-2.1build1 [5622 B]
#10 22.45 Get:204 http://ports.ubuntu.com/ubuntu-ports noble/main arm64 libxcomposite1 arm64 1:0.4.5-1build3 [6336 B]
#10 22.47 Get:205 http://ports.ubuntu.com/ubuntu-ports noble/main arm64 libxfixes3 arm64 1:6.0.0-2build1 [11.2 kB]
#10 22.47 Get:206 http://ports.ubuntu.com/ubuntu-ports noble/main arm64 libxcursor1 arm64 1:1.2.1-1build1 [21.1 kB]
#10 22.47 Get:207 http://ports.ubuntu.com/ubuntu-ports noble/main arm64 libxdamage1 arm64 1:1.1.6-1build1 [6236 B]
#10 22.48 Get:208 http://ports.ubuntu.com/ubuntu-ports noble/main arm64 libxinerama1 arm64 2:1.1.4-3build1 [6394 B]
#10 22.48 Get:209 http://ports.ubuntu.com/ubuntu-ports noble/main arm64 libxrandr2 arm64 2:1.5.2-2build1 [19.6 kB]
#10 22.49 Get:210 http://ports.ubuntu.com/ubuntu-ports noble-updates/main arm64 libgtk-3-common all 3.24.41-4ubuntu1.3 [1426 kB]
#10 22.51 Get:211 http://ports.ubuntu.com/ubuntu-ports noble-updates/main arm64 libgtk-3-0t64 arm64 3.24.41-4ubuntu1.3 [2881 kB]
#10 22.93 Get:212 http://ports.ubuntu.com/ubuntu-ports noble-updates/main arm64 gir1.2-gtk-3.0 arm64 3.24.41-4ubuntu1.3 [245 kB]
#10 22.93 Get:213 http://ports.ubuntu.com/ubuntu-ports noble/main arm64 libayatana-ido3-0.4-0 arm64 0.10.1-1build2 [54.0 kB]
#10 22.93 Get:214 http://ports.ubuntu.com/ubuntu-ports noble/main arm64 libayatana-indicator3-7 arm64 0.9.4-1build1 [31.2 kB]
#10 22.94 Get:215 http://ports.ubuntu.com/ubuntu-ports noble/main arm64 libdbusmenu-glib4 arm64 18.10.20180917~bzr492+repack1-3.1ubuntu5 [42.7 kB]
#10 22.94 Get:216 http://ports.ubuntu.com/ubuntu-ports noble/main arm64 libdbusmenu-gtk3-4 arm64 18.10.20180917~bzr492+repack1-3.1ubuntu5 [26.7 kB]
#10 22.94 Get:217 http://ports.ubuntu.com/ubuntu-ports noble/main arm64 libayatana-appindicator3-1 arm64 0.5.93-1build3 [24.4 kB]
#10 22.94 Get:218 http://ports.ubuntu.com/ubuntu-ports noble/main arm64 gir1.2-ayatanaappindicator3-0.1 arm64 0.5.93-1build3 [5832 B]
#10 22.94 Get:219 http://ports.ubuntu.com/ubuntu-ports noble/main arm64 gir1.2-ayatanaido3-0.4 arm64 0.10.1-1build2 [6406 B]
#10 22.96 Get:220 http://ports.ubuntu.com/ubuntu-ports noble/main arm64 gir1.2-dbusmenu-glib-0.4 arm64 18.10.20180917~bzr492+repack1-3.1ubuntu5 [7080 B]
#10 22.98 Get:221 http://ports.ubuntu.com/ubuntu-ports noble-updates/main arm64 gir1.2-glib-2.0-dev arm64 2.80.0-6ubuntu3.8 [848 kB]
#10 23.00 Get:222 http://ports.ubuntu.com/ubuntu-ports noble/main arm64 gir1.2-freedesktop-dev arm64 1.80.1-1 [28.8 kB]
#10 23.00 Get:223 http://ports.ubuntu.com/ubuntu-ports noble-updates/main arm64 libjavascriptcoregtk-4.1-0 arm64 2.52.3-0ubuntu0.24.04.1 [7539 kB]
#10 23.55 Get:224 http://ports.ubuntu.com/ubuntu-ports noble-updates/main arm64 gir1.2-javascriptcoregtk-4.1 arm64 2.52.3-0ubuntu0.24.04.1 [38.7 kB]
#10 23.55 Get:225 http://ports.ubuntu.com/ubuntu-ports noble/main arm64 libsecret-common all 0.21.4-1build3 [4962 B]
#10 23.96 Get:226 http://ports.ubuntu.com/ubuntu-ports noble/main arm64 libsecret-1-0 arm64 0.21.4-1build3 [116 kB]
#10 23.96 Get:227 http://ports.ubuntu.com/ubuntu-ports noble/main arm64 gir1.2-secret-1 arm64 0.21.4-1build3 [9424 B]
#10 23.96 Get:228 http://ports.ubuntu.com/ubuntu-ports noble/main arm64 libduktape207 arm64 2.7.0+tests-0ubuntu3 [144 kB]
#10 23.96 Get:229 http://ports.ubuntu.com/ubuntu-ports noble/main arm64 libproxy1v5 arm64 0.5.4-4build1 [26.1 kB]
#10 23.96 Get:230 http://ports.ubuntu.com/ubuntu-ports noble/main arm64 glib-networking-common all 2.80.0-1build1 [6702 B]
#10 23.96 Get:231 http://ports.ubuntu.com/ubuntu-ports noble/main arm64 glib-networking-services arm64 2.80.0-1build1 [12.7 kB]
#10 23.96 Get:232 http://ports.ubuntu.com/ubuntu-ports noble/main arm64 session-migration arm64 0.3.9build1 [8958 B]
#10 23.96 Get:233 http://ports.ubuntu.com/ubuntu-ports noble-updates/main arm64 gsettings-desktop-schemas all 46.1-0ubuntu1 [35.6 kB]
#10 23.96 Get:234 http://ports.ubuntu.com/ubuntu-ports noble/main arm64 glib-networking arm64 2.80.0-1build1 [63.9 kB]
#10 23.98 Get:235 http://ports.ubuntu.com/ubuntu-ports noble-updates/main arm64 libsoup-3.0-common all 3.4.4-5ubuntu0.7 [11.6 kB]
#10 23.99 Get:236 http://ports.ubuntu.com/ubuntu-ports noble-updates/main arm64 libsoup-3.0-0 arm64 3.4.4-5ubuntu0.7 [290 kB]
#10 24.01 Get:237 http://ports.ubuntu.com/ubuntu-ports noble-updates/main arm64 gir1.2-soup-3.0 arm64 3.4.4-5ubuntu0.7 [22.5 kB]
#10 24.02 Get:238 http://ports.ubuntu.com/ubuntu-ports noble/main arm64 libcdparanoia0 arm64 3.10.2+debian-14build3 [46.9 kB]
#10 24.02 Get:239 http://ports.ubuntu.com/ubuntu-ports noble-updates/main arm64 libunwind8 arm64 1.6.2-3build1.1 [53.6 kB]
#10 24.03 Get:240 http://ports.ubuntu.com/ubuntu-ports noble-updates/main arm64 libgstreamer1.0-0 arm64 1.24.2-1ubuntu0.1 [1147 kB]
#10 24.48 Get:241 http://ports.ubuntu.com/ubuntu-ports noble-updates/main arm64 liborc-0.4-0t64 arm64 1:0.4.38-1ubuntu0.1 [205 kB]
#10 24.48 Get:242 http://ports.ubuntu.com/ubuntu-ports noble-updates/main arm64 libgstreamer-plugins-base1.0-0 arm64 1.24.2-1ubuntu0.4 [829 kB]
#10 24.49 Get:243 http://ports.ubuntu.com/ubuntu-ports noble/main arm64 libogg0 arm64 1.3.5-3build1 [22.6 kB]
#10 24.49 Get:244 http://ports.ubuntu.com/ubuntu-ports noble/main arm64 libopus0 arm64 1.4-1build1 [198 kB]
#10 24.50 Get:245 http://ports.ubuntu.com/ubuntu-ports noble/main arm64 libtheora0 arm64 1.1.1+dfsg.1-16.1build3 [224 kB]
#10 24.50 Get:246 http://ports.ubuntu.com/ubuntu-ports noble/main arm64 libvisual-0.4-0 arm64 0.4.2-2build1 [110 kB]
#10 24.50 Get:247 http://ports.ubuntu.com/ubuntu-ports noble/main arm64 libvorbis0a arm64 1.3.7-1build3 [94.0 kB]
#10 24.50 Get:248 http://ports.ubuntu.com/ubuntu-ports noble/main arm64 libvorbisenc2 arm64 1.3.7-1build3 [80.0 kB]
#10 24.50 Get:249 http://ports.ubuntu.com/ubuntu-ports noble-updates/main arm64 gstreamer1.0-plugins-base arm64 1.24.2-1ubuntu0.4 [691 kB]
#10 25.01 Get:250 http://ports.ubuntu.com/ubuntu-ports noble/main arm64 libaa1 arm64 1.4p5-51.1 [49.7 kB]
#10 25.01 Get:251 http://ports.ubuntu.com/ubuntu-ports noble/main arm64 libraw1394-11 arm64 2.1.2-2build3 [26.9 kB]
#10 25.01 Get:252 http://ports.ubuntu.com/ubuntu-ports noble/main arm64 libavc1394-0 arm64 0.5.4-5build3 [15.8 kB]
#10 25.01 Get:253 http://ports.ubuntu.com/ubuntu-ports noble-updates/main arm64 libcaca0 arm64 0.99.beta20-4ubuntu0.2 [206 kB]
#10 25.01 Get:254 http://ports.ubuntu.com/ubuntu-ports noble/main arm64 libdv4t64 arm64 1.0.0-17.1build1 [60.2 kB]
#10 25.01 Get:255 http://ports.ubuntu.com/ubuntu-ports noble/main arm64 libflac12t64 arm64 1.4.3+ds-2.1ubuntu2 [170 kB]
#10 25.02 Get:256 http://ports.ubuntu.com/ubuntu-ports noble-updates/main arm64 libgstreamer-plugins-good1.0-0 arm64 1.24.2-1ubuntu1.4 [32.9 kB]
#10 25.02 Get:257 http://ports.ubuntu.com/ubuntu-ports noble/main arm64 libgudev-1.0-0 arm64 1:238-5ubuntu1 [15.1 kB]
#10 25.02 Get:258 http://ports.ubuntu.com/ubuntu-ports noble/main arm64 libiec61883-0 arm64 1.2.0-6build1 [24.3 kB]
#10 25.02 Get:259 http://ports.ubuntu.com/ubuntu-ports noble/main arm64 libmp3lame0 arm64 3.100-6build1 [141 kB]
#10 25.05 Get:260 http://ports.ubuntu.com/ubuntu-ports noble-updates/main arm64 libmpg123-0t64 arm64 1.32.5-1ubuntu1.1 [172 kB]
#10 25.06 Get:261 http://ports.ubuntu.com/ubuntu-ports noble/main arm64 libasyncns0 arm64 0.8-6build4 [11.2 kB]
#10 25.06 Get:262 http://ports.ubuntu.com/ubuntu-ports noble-updates/main arm64 libsndfile1 arm64 1.2.2-1ubuntu5.24.04.1 [208 kB]
#10 25.07 Get:263 http://ports.ubuntu.com/ubuntu-ports noble/main arm64 libx11-xcb1 arm64 2:1.8.7-1build1 [7870 B]
#10 25.08 Get:264 http://ports.ubuntu.com/ubuntu-ports noble-updates/main arm64 libpulse0 arm64 1:16.1+dfsg1-2ubuntu10.1 [271 kB]
#10 25.09 Get:265 http://ports.ubuntu.com/ubuntu-ports noble-updates/main arm64 libspeex1 arm64 1.2.1-2ubuntu2.24.04.1 [56.2 kB]
#10 25.10 Get:266 http://ports.ubuntu.com/ubuntu-ports noble/main arm64 libshout3 arm64 2.4.6-1build2 [51.0 kB]
#10 25.11 Get:267 http://ports.ubuntu.com/ubuntu-ports noble/main arm64 libtag1v5-vanilla arm64 1.13.1-1build1 [303 kB]
#10 25.12 Get:268 http://ports.ubuntu.com/ubuntu-ports noble/main arm64 libtag1v5 arm64 1.13.1-1build1 [11.7 kB]
#10 25.13 Get:269 http://ports.ubuntu.com/ubuntu-ports noble/main arm64 libtwolame0 arm64 0.4.0-2build3 [51.7 kB]
#10 25.54 Get:270 http://ports.ubuntu.com/ubuntu-ports noble/main arm64 libv4lconvert0t64 arm64 1.26.1-4build3 [88.6 kB]
#10 25.54 Get:271 http://ports.ubuntu.com/ubuntu-ports noble/main arm64 libv4l-0t64 arm64 1.26.1-4build3 [46.4 kB]
#10 25.54 Get:272 http://ports.ubuntu.com/ubuntu-ports noble-updates/main arm64 libvpx9 arm64 1.14.0-1ubuntu2.3 [1233 kB]
#10 25.58 Get:273 http://ports.ubuntu.com/ubuntu-ports noble/main arm64 libwavpack1 arm64 5.6.0-1build1 [79.2 kB]
#10 25.58 Get:274 http://ports.ubuntu.com/ubuntu-ports noble/main arm64 x11-common all 1:7.7+23ubuntu3 [21.7 kB]
#10 25.58 Get:275 http://ports.ubuntu.com/ubuntu-ports noble/main arm64 libxtst6 arm64 2:1.2.3-1.1build1 [13.0 kB]
#10 25.58 Get:276 http://ports.ubuntu.com/ubuntu-ports noble-updates/main arm64 gstreamer1.0-plugins-good arm64 1.24.2-1ubuntu1.4 [2154 kB]
#10 25.62 Get:277 http://ports.ubuntu.com/ubuntu-ports noble/main arm64 libglvnd0 arm64 1.7.0-1build1 [60.6 kB]
#10 25.63 Get:278 http://ports.ubuntu.com/ubuntu-ports noble/main arm64 libgles2 arm64 1.7.0-1build1 [17.6 kB]
#10 25.63 Get:279 http://ports.ubuntu.com/ubuntu-ports noble-updates/main arm64 xdg-dbus-proxy arm64 0.1.5-1ubuntu0.2 [25.8 kB]
#10 25.64 Get:280 http://ports.ubuntu.com/ubuntu-ports noble/main arm64 hunspell-en-us all 1:2020.12.07-2 [280 kB]
#10 26.05 Get:281 http://ports.ubuntu.com/ubuntu-ports noble/main arm64 libaspell15 arm64 0.60.8.1-1build1 [316 kB]
#10 26.06 Get:282 http://ports.ubuntu.com/ubuntu-ports noble/main arm64 libhunspell-1.7-0 arm64 1.7.2+really1.7.2-10build3 [274 kB]
#10 26.06 Get:283 http://ports.ubuntu.com/ubuntu-ports noble/main arm64 libenchant-2-2 arm64 2.3.3-2build2 [50.3 kB]
#10 26.06 Get:284 http://ports.ubuntu.com/ubuntu-ports noble-updates/main arm64 libdrm-amdgpu1 arm64 2.4.125-1ubuntu0.1~24.04.2 [21.9 kB]
#10 26.06 Get:285 http://ports.ubuntu.com/ubuntu-ports noble-updates/main arm64 libllvm20 arm64 1:20.1.2-0ubuntu1~24.04.3 [29.3 MB]
#10 29.21 Get:286 http://ports.ubuntu.com/ubuntu-ports noble/main arm64 libxcb-dri3-0 arm64 1.15-1ubuntu2 [7196 B]
#10 29.21 Get:287 http://ports.ubuntu.com/ubuntu-ports noble/main arm64 libxcb-present0 arm64 1.15-1ubuntu2 [5866 B]
#10 29.21 Get:288 http://ports.ubuntu.com/ubuntu-ports noble/main arm64 libxcb-randr0 arm64 1.15-1ubuntu2 [18.4 kB]
#10 29.21 Get:289 http://ports.ubuntu.com/ubuntu-ports noble/main arm64 libxcb-sync1 arm64 1.15-1ubuntu2 [9682 B]
#10 29.21 Get:290 http://ports.ubuntu.com/ubuntu-ports noble/main arm64 libxcb-xfixes0 arm64 1.15-1ubuntu2 [10.6 kB]
#10 29.21 Get:291 http://ports.ubuntu.com/ubuntu-ports noble/main arm64 libxshmfence1 arm64 1.3-1build5 [4938 B]
#10 29.21 Get:292 http://ports.ubuntu.com/ubuntu-ports noble-updates/main arm64 mesa-libgallium arm64 25.2.8-0ubuntu0.24.04.2 [12.1 MB]
#10 30.33 Get:293 http://ports.ubuntu.com/ubuntu-ports noble-updates/main arm64 libgbm1 arm64 25.2.8-0ubuntu0.24.04.2 [35.0 kB]
#10 30.34 Get:294 http://ports.ubuntu.com/ubuntu-ports noble-updates/main arm64 libegl-mesa0 arm64 25.2.8-0ubuntu0.24.04.2 [117 kB]
#10 30.35 Get:295 http://ports.ubuntu.com/ubuntu-ports noble/main arm64 libegl1 arm64 1.7.0-1build1 [29.5 kB]
#10 30.35 Get:296 http://ports.ubuntu.com/ubuntu-ports noble/main arm64 libxcb-glx0 arm64 1.15-1ubuntu2 [25.5 kB]
#10 30.36 Get:297 http://ports.ubuntu.com/ubuntu-ports noble/main arm64 libxxf86vm1 arm64 1:1.1.4-1build4 [9130 B]
#10 30.37 Get:298 http://ports.ubuntu.com/ubuntu-ports noble/main arm64 libvulkan1 arm64 1.3.275.0-1build1 [150 kB]
#10 30.78 Get:299 http://ports.ubuntu.com/ubuntu-ports noble-updates/main arm64 libgl1-mesa-dri arm64 25.2.8-0ubuntu0.24.04.2 [36.6 kB]
#10 30.78 Get:300 http://ports.ubuntu.com/ubuntu-ports noble-updates/main arm64 libglx-mesa0 arm64 25.2.8-0ubuntu0.24.04.2 [111 kB]
#10 30.78 Get:301 http://ports.ubuntu.com/ubuntu-ports noble/main arm64 libglx0 arm64 1.7.0-1build1 [33.2 kB]
#10 30.78 Get:302 http://ports.ubuntu.com/ubuntu-ports noble/main arm64 libgl1 arm64 1.7.0-1build1 [106 kB]
#10 30.79 Get:303 http://ports.ubuntu.com/ubuntu-ports noble-updates/main arm64 libgstreamer-gl1.0-0 arm64 1.24.2-1ubuntu0.4 [209 kB]
#10 30.79 Get:304 http://ports.ubuntu.com/ubuntu-ports noble/main arm64 libharfbuzz-icu0 arm64 8.3.0-2build2 [13.2 kB]
#10 30.79 Get:305 http://ports.ubuntu.com/ubuntu-ports noble/main arm64 libhyphen0 arm64 2.8.8-7build3 [26.4 kB]
#10 30.79 Get:306 http://ports.ubuntu.com/ubuntu-ports noble/main arm64 libmanette-0.2-0 arm64 0.2.7-1build2 [30.4 kB]
#10 30.79 Get:307 http://ports.ubuntu.com/ubuntu-ports noble/main arm64 libwayland-server0 arm64 1.22.0-2.1build1 [34.6 kB]
#10 30.83 Get:308 http://ports.ubuntu.com/ubuntu-ports noble/main arm64 libwebpdemux2 arm64 1.3.2-0.4build3 [12.3 kB]
#10 30.83 Get:309 http://ports.ubuntu.com/ubuntu-ports noble/main arm64 libwebpmux3 arm64 1.3.2-0.4build3 [25.0 kB]
#10 30.84 Get:310 http://ports.ubuntu.com/ubuntu-ports noble-updates/main arm64 libxslt1.1 arm64 1.1.39-0exp1ubuntu0.24.04.3 [167 kB]
#10 30.86 Get:311 http://ports.ubuntu.com/ubuntu-ports noble-updates/main arm64 libwebkit2gtk-4.1-0 arm64 2.52.3-0ubuntu0.24.04.1 [24.5 MB]
#10 32.99 Get:312 http://ports.ubuntu.com/ubuntu-ports noble-updates/main arm64 gir1.2-webkit2-4.1 arm64 2.52.3-0ubuntu0.24.04.1 [105 kB]
#10 33.39 Get:313 http://ports.ubuntu.com/ubuntu-ports noble/main arm64 python3-six all 1.16.0-4 [12.4 kB]
#10 33.39 Get:314 http://ports.ubuntu.com/ubuntu-ports noble/universe arm64 gyp all 0.1+20220404git9ecf45e-2 [238 kB]
#10 33.40 Get:315 http://ports.ubuntu.com/ubuntu-ports noble/universe arm64 node-neo-async all 2.6.2+~cs3.0.0-3 [42.9 kB]
#10 33.40 Get:316 http://ports.ubuntu.com/ubuntu-ports noble/universe arm64 node-arrify all 2.0.1-3 [3688 B]
#10 33.40 Get:317 http://ports.ubuntu.com/ubuntu-ports noble/universe arm64 node-is-plain-obj all 3.0.0-2 [3994 B]
#10 33.40 Get:318 http://ports.ubuntu.com/ubuntu-ports noble/universe arm64 node-is-buffer all 2.0.5-2 [4128 B]
#10 33.40 Get:319 http://ports.ubuntu.com/ubuntu-ports noble/universe arm64 node-kind-of all 6.0.3+dfsg-2 [8628 B]
#10 33.40 Get:320 http://ports.ubuntu.com/ubuntu-ports noble/universe arm64 node-minimist all 1.2.8+~cs5.3.5-1 [10.2 kB]
#10 33.42 Get:321 http://ports.ubuntu.com/ubuntu-ports noble/universe arm64 node-wordwrap all 1.0.0-4 [4644 B]
#10 33.43 Get:322 http://ports.ubuntu.com/ubuntu-ports noble/universe arm64 node-optimist all 0.6.1+~0.0.30-2 [13.8 kB]
#10 33.44 Get:323 http://ports.ubuntu.com/ubuntu-ports noble/universe arm64 libjs-source-map all 0.7.0++dfsg2+really.0.6.1-15 [27.1 kB]
#10 33.44 Get:324 http://ports.ubuntu.com/ubuntu-ports noble/universe arm64 node-source-map all 0.7.0++dfsg2+really.0.6.1-15 [42.8 kB]
#10 33.46 Get:325 http://ports.ubuntu.com/ubuntu-ports noble/universe arm64 handlebars all 3:4.7.7+~4.1.0-1 [211 kB]
#10 33.46 Get:326 http://ports.ubuntu.com/ubuntu-ports noble/main arm64 libonig5 arm64 6.9.9-1build1 [172 kB]
#10 33.47 Get:327 http://ports.ubuntu.com/ubuntu-ports noble-updates/main arm64 libjq1 arm64 1.7.1-3ubuntu0.24.04.2 [135 kB]
#10 33.47 Get:328 http://ports.ubuntu.com/ubuntu-ports noble-updates/main arm64 jq arm64 1.7.1-3ubuntu0.24.04.2 [64.6 kB]
#10 33.48 Get:329 http://ports.ubuntu.com/ubuntu-ports noble-updates/main arm64 libarchive13t64 arm64 3.7.2-2ubuntu0.7 [378 kB]
#10 33.50 Get:330 http://ports.ubuntu.com/ubuntu-ports noble-updates/main arm64 libasound2-data all 1.2.11-1ubuntu0.2 [21.3 kB]
#10 33.50 Get:331 http://ports.ubuntu.com/ubuntu-ports noble-updates/main arm64 libasound2t64 arm64 1.2.11-1ubuntu0.2 [387 kB]
#10 33.52 Get:332 http://ports.ubuntu.com/ubuntu-ports noble/main arm64 libffi-dev arm64 3.4.6-1build1 [59.5 kB]
#10 33.92 Get:333 http://ports.ubuntu.com/ubuntu-ports noble-updates/main arm64 libglib2.0-bin arm64 2.80.0-6ubuntu3.8 [97.1 kB]
#10 33.92 Get:334 http://ports.ubuntu.com/ubuntu-ports noble/main arm64 python3-packaging all 24.0-1 [41.1 kB]
#10 33.92 Get:335 http://ports.ubuntu.com/ubuntu-ports noble-updates/main arm64 libglib2.0-dev-bin arm64 2.80.0-6ubuntu3.8 [138 kB]
#10 33.92 Get:336 http://ports.ubuntu.com/ubuntu-ports noble-updates/main arm64 uuid-dev arm64 2.39.3-9ubuntu6.5 [34.8 kB]
#10 33.92 Get:337 http://ports.ubuntu.com/ubuntu-ports noble-updates/main arm64 libblkid-dev arm64 2.39.3-9ubuntu6.5 [219 kB]
#10 33.92 Get:338 http://ports.ubuntu.com/ubuntu-ports noble/main arm64 libsepol-dev arm64 3.5-2build1 [395 kB]
#10 33.93 Get:339 http://ports.ubuntu.com/ubuntu-ports noble-updates/main arm64 libpcre2-16-0 arm64 10.42-4ubuntu2.1 [196 kB]
#10 33.93 Get:340 http://ports.ubuntu.com/ubuntu-ports noble-updates/main arm64 libpcre2-32-0 arm64 10.42-4ubuntu2.1 [184 kB]
#10 33.95 Get:341 http://ports.ubuntu.com/ubuntu-ports noble-updates/main arm64 libpcre2-posix3 arm64 10.42-4ubuntu2.1 [6604 B]
#10 33.96 Get:342 http://ports.ubuntu.com/ubuntu-ports noble-updates/main arm64 libpcre2-dev arm64 10.42-4ubuntu2.1 [680 kB]
#10 33.98 Get:343 http://ports.ubuntu.com/ubuntu-ports noble-updates/main arm64 libselinux1-dev arm64 3.5-2ubuntu2.1 [172 kB]
#10 34.00 Get:344 http://ports.ubuntu.com/ubuntu-ports noble-updates/main arm64 libmount-dev arm64 2.39.3-9ubuntu6.5 [14.9 kB]
#10 34.00 Get:345 http://ports.ubuntu.com/ubuntu-ports noble-updates/main arm64 libgirepository-2.0-0 arm64 2.80.0-6ubuntu3.8 [71.5 kB]
#10 34.00 Get:346 http://ports.ubuntu.com/ubuntu-ports noble-updates/main arm64 libglib2.0-dev arm64 2.80.0-6ubuntu3.8 [1964 kB]
#10 34.45 Get:347 http://ports.ubuntu.com/ubuntu-ports noble/main arm64 libatk1.0-dev arm64 2.52.0-1build1 [100 kB]
#10 34.45 Get:348 http://ports.ubuntu.com/ubuntu-ports noble/main arm64 xml-core all 0.19 [20.3 kB]
#10 34.45 Get:349 http://ports.ubuntu.com/ubuntu-ports noble-updates/main arm64 libdbus-1-dev arm64 1.14.10-4ubuntu4.1 [200 kB]
#10 34.45 Get:350 http://ports.ubuntu.com/ubuntu-ports noble/main arm64 xorg-sgml-doctools all 1:1.11-1.1 [10.9 kB]
#10 34.45 Get:351 http://ports.ubuntu.com/ubuntu-ports noble/main arm64 x11proto-dev all 2023.2-1 [602 kB]
#10 34.46 Get:352 http://ports.ubuntu.com/ubuntu-ports noble/main arm64 libxau-dev arm64 1:1.0.9-1build6 [10.0 kB]
#10 34.46 Get:353 http://ports.ubuntu.com/ubuntu-ports noble/main arm64 libxdmcp-dev arm64 1:1.1.3-0ubuntu6 [26.3 kB]
#10 34.46 Get:354 http://ports.ubuntu.com/ubuntu-ports noble/main arm64 xtrans-dev all 1.4.0-1 [68.9 kB]
#10 34.46 Get:355 http://ports.ubuntu.com/ubuntu-ports noble/main arm64 libpthread-stubs0-dev arm64 0.4-1build3 [4734 B]
#10 34.49 Get:356 http://ports.ubuntu.com/ubuntu-ports noble/main arm64 libxcb1-dev arm64 1.15-1ubuntu2 [91.2 kB]
#10 34.50 Get:357 http://ports.ubuntu.com/ubuntu-ports noble/main arm64 libx11-dev arm64 2:1.8.7-1build1 [742 kB]
#10 34.53 Get:358 http://ports.ubuntu.com/ubuntu-ports noble/main arm64 libxext-dev arm64 2:1.3.4-1build2 [84.9 kB]
#10 34.54 Get:359 http://ports.ubuntu.com/ubuntu-ports noble/main arm64 libxfixes-dev arm64 1:6.0.0-2build1 [13.0 kB]
#10 34.55 Get:360 http://ports.ubuntu.com/ubuntu-ports noble/main arm64 libxi-dev arm64 2:1.8.1-1build1 [193 kB]
#10 34.55 Get:361 http://ports.ubuntu.com/ubuntu-ports noble/main arm64 libxtst-dev arm64 2:1.2.3-1.1build1 [16.6 kB]
#10 34.56 Get:362 http://ports.ubuntu.com/ubuntu-ports noble/main arm64 libatspi2.0-dev arm64 2.52.0-1build1 [76.2 kB]
#10 34.97 Get:363 http://ports.ubuntu.com/ubuntu-ports noble/main arm64 libatk-bridge2.0-dev arm64 2.52.0-1build1 [4278 B]
#10 34.97 Get:364 http://ports.ubuntu.com/ubuntu-ports noble/main arm64 liblzo2-2 arm64 2.10-2build4 [50.6 kB]
#10 34.97 Get:365 http://ports.ubuntu.com/ubuntu-ports noble/main arm64 libcairo-script-interpreter2 arm64 1.18.0-3build1 [60.9 kB]
#10 34.97 Get:366 http://ports.ubuntu.com/ubuntu-ports noble/main arm64 libbrotli-dev arm64 1.1.0-2build2 [360 kB]
#10 34.97 Get:367 http://ports.ubuntu.com/ubuntu-ports noble-updates/main arm64 libbz2-dev arm64 1.0.8-5.1build0.1 [35.8 kB]
#10 34.97 Get:368 http://ports.ubuntu.com/ubuntu-ports noble-updates/main arm64 libpng-dev arm64 1.6.43-5ubuntu0.6 [268 kB]
#10 34.97 Get:369 http://ports.ubuntu.com/ubuntu-ports noble-updates/main arm64 libfreetype-dev arm64 2.13.2+dfsg-1ubuntu0.1 [574 kB]
#10 35.00 Get:370 http://ports.ubuntu.com/ubuntu-ports noble/main arm64 libfontconfig-dev arm64 2.15.0-1.1ubuntu2 [165 kB]
#10 35.00 Get:371 http://ports.ubuntu.com/ubuntu-ports noble/main arm64 libpixman-1-dev arm64 0.42.2-1build1 [228 kB]
#10 35.00 Get:372 http://ports.ubuntu.com/ubuntu-ports noble/main arm64 libice6 arm64 2:1.0.10-1build3 [41.1 kB]
#10 35.05 Get:373 http://ports.ubuntu.com/ubuntu-ports noble/main arm64 libsm6 arm64 2:1.2.3-1build3 [15.6 kB]
#10 35.06 Get:374 http://ports.ubuntu.com/ubuntu-ports noble/main arm64 libice-dev arm64 2:1.0.10-1build3 [52.3 kB]
#10 35.07 Get:375 http://ports.ubuntu.com/ubuntu-ports noble/main arm64 libsm-dev arm64 2:1.2.3-1build3 [18.9 kB]
#10 35.08 Get:376 http://ports.ubuntu.com/ubuntu-ports noble/main arm64 libxcb-render0-dev arm64 1.15-1ubuntu2 [20.9 kB]
#10 35.09 Get:377 http://ports.ubuntu.com/ubuntu-ports noble/main arm64 libxcb-shm0-dev arm64 1.15-1ubuntu2 [8750 B]
#10 35.09 Get:378 http://ports.ubuntu.com/ubuntu-ports noble/main arm64 libxrender-dev arm64 1:0.9.10-1.1build1 [26.9 kB]
#10 35.49 Get:379 http://ports.ubuntu.com/ubuntu-ports noble/main arm64 libcairo2-dev arm64 1.18.0-3build1 [41.1 kB]
#10 35.49 Get:380 http://ports.ubuntu.com/ubuntu-ports noble/main arm64 libglx-dev arm64 1.7.0-1build1 [14.2 kB]
#10 35.49 Get:381 http://ports.ubuntu.com/ubuntu-ports noble/main arm64 libgl-dev arm64 1.7.0-1build1 [102 kB]
#10 35.49 Get:382 http://ports.ubuntu.com/ubuntu-ports noble/main arm64 libegl-dev arm64 1.7.0-1build1 [18.2 kB]
#10 35.49 Get:383 http://ports.ubuntu.com/ubuntu-ports noble/main arm64 libglvnd-core-dev arm64 1.7.0-1build1 [13.5 kB]
#10 35.49 Get:384 http://ports.ubuntu.com/ubuntu-ports noble/main arm64 libgles1 arm64 1.7.0-1build1 [11.6 kB]
#10 35.49 Get:385 http://ports.ubuntu.com/ubuntu-ports noble/main arm64 libgles-dev arm64 1.7.0-1build1 [50.4 kB]
#10 35.49 Get:386 http://ports.ubuntu.com/ubuntu-ports noble/main arm64 libopengl0 arm64 1.7.0-1build1 [35.1 kB]
#10 35.53 Get:387 http://ports.ubuntu.com/ubuntu-ports noble/main arm64 libopengl-dev arm64 1.7.0-1build1 [3440 B]
#10 35.54 Get:388 http://ports.ubuntu.com/ubuntu-ports noble/main arm64 libglvnd-dev arm64 1.7.0-1build1 [3196 B]
#10 35.55 Get:389 http://ports.ubuntu.com/ubuntu-ports noble-updates/main arm64 libegl1-mesa-dev arm64 25.2.8-0ubuntu0.24.04.2 [26.7 kB]
#10 35.55 Get:390 http://ports.ubuntu.com/ubuntu-ports noble/main arm64 libepoxy-dev arm64 1.5.10-1build1 [132 kB]
#10 35.56 Get:391 http://ports.ubuntu.com/ubuntu-ports noble/main arm64 libfribidi-dev arm64 1.0.13-3build1 [65.0 kB]
#10 35.57 Get:392 http://ports.ubuntu.com/ubuntu-ports noble-updates/main arm64 libgdk-pixbuf2.0-bin arm64 2.42.10+dfsg-3ubuntu3.3 [14.2 kB]
#10 35.58 Get:393 http://ports.ubuntu.com/ubuntu-ports noble/main arm64 libjpeg-turbo8-dev arm64 2.1.5-2ubuntu2 [305 kB]
#10 35.59 Get:394 http://ports.ubuntu.com/ubuntu-ports noble/main arm64 libjpeg8-dev arm64 8c-2ubuntu11 [1484 B]
#10 35.60 Get:395 http://ports.ubuntu.com/ubuntu-ports noble/main arm64 libjpeg-dev arm64 8c-2ubuntu11 [1482 B]
#10 35.61 Get:396 http://ports.ubuntu.com/ubuntu-ports noble/main arm64 libjbig-dev arm64 2.1-6.1ubuntu2 [27.5 kB]
#10 36.01 Get:397 http://ports.ubuntu.com/ubuntu-ports noble-updates/main arm64 liblzma-dev arm64 5.6.1+really5.4.5-1ubuntu0.3 [178 kB]
#10 36.02 Get:398 http://ports.ubuntu.com/ubuntu-ports noble-updates/main arm64 libzstd-dev arm64 1.5.5+dfsg2-2build1.1 [344 kB]
#10 36.02 Get:399 http://ports.ubuntu.com/ubuntu-ports noble/main arm64 libwebpdecoder3 arm64 1.3.2-0.4build3 [88.7 kB]
#10 36.02 Get:400 http://ports.ubuntu.com/ubuntu-ports noble/main arm64 libsharpyuv-dev arm64 1.3.2-0.4build3 [15.1 kB]
#10 36.02 Get:401 http://ports.ubuntu.com/ubuntu-ports noble/main arm64 libwebp-dev arm64 1.3.2-0.4build3 [334 kB]
#10 36.02 Get:402 http://ports.ubuntu.com/ubuntu-ports noble-updates/main arm64 libtiffxx6 arm64 4.5.1+git230720-4ubuntu2.5 [5646 B]
#10 36.02 Get:403 http://ports.ubuntu.com/ubuntu-ports noble-updates/main arm64 libdeflate-dev arm64 1.19-1build1.1 [51.2 kB]
#10 36.03 Get:404 http://ports.ubuntu.com/ubuntu-ports noble/main arm64 liblerc-dev arm64 4.0.0+ds-4ubuntu2 [168 kB]
#10 36.03 Get:405 http://ports.ubuntu.com/ubuntu-ports noble-updates/main arm64 libtiff-dev arm64 4.5.1+git230720-4ubuntu2.5 [337 kB]
#10 36.03 Get:406 http://ports.ubuntu.com/ubuntu-ports noble-updates/main arm64 libgdk-pixbuf-2.0-dev arm64 2.42.10+dfsg-3ubuntu3.3 [47.9 kB]
#10 36.06 Get:407 http://ports.ubuntu.com/ubuntu-ports noble/main arm64 libharfbuzz-subset0 arm64 8.3.0-2build2 [413 kB]
#10 36.07 Get:408 http://ports.ubuntu.com/ubuntu-ports noble/main arm64 libharfbuzz-cairo0 arm64 8.3.0-2build2 [25.1 kB]
#10 36.08 Get:409 http://ports.ubuntu.com/ubuntu-ports noble-updates/main arm64 libgraphite2-dev arm64 1.3.14-2ubuntu0.24.04.1 [14.7 kB]
#10 36.09 Get:410 http://ports.ubuntu.com/ubuntu-ports noble/main arm64 libharfbuzz-dev arm64 8.3.0-2build2 [142 kB]
#10 36.09 Get:411 http://ports.ubuntu.com/ubuntu-ports noble/main arm64 libdatrie-dev arm64 0.2.13-3build1 [20.3 kB]
#10 36.10 Get:412 http://ports.ubuntu.com/ubuntu-ports noble/main arm64 libthai-dev arm64 0.1.29-2build1 [26.3 kB]
#10 36.11 Get:413 http://ports.ubuntu.com/ubuntu-ports noble/main arm64 libxft-dev arm64 2.3.6-1build1 [65.0 kB]
#10 36.12 Get:414 http://ports.ubuntu.com/ubuntu-ports noble/main arm64 pango1.0-tools arm64 1.52.1+ds-1build1 [36.3 kB]
#10 36.12 Get:415 http://ports.ubuntu.com/ubuntu-ports noble/main arm64 libpango1.0-dev arm64 1.52.1+ds-1build1 [147 kB]
#10 36.13 Get:416 http://ports.ubuntu.com/ubuntu-ports noble/main arm64 libwayland-bin arm64 1.22.0-2.1build1 [20.3 kB]
#10 36.13 Get:417 http://ports.ubuntu.com/ubuntu-ports noble/main arm64 libwayland-dev arm64 1.22.0-2.1build1 [71.3 kB]
#10 36.54 Get:418 http://ports.ubuntu.com/ubuntu-ports noble/main arm64 libxcomposite-dev arm64 1:0.4.5-1build3 [9618 B]
#10 36.54 Get:419 http://ports.ubuntu.com/ubuntu-ports noble/main arm64 libxcursor-dev arm64 1:1.2.1-1build1 [33.3 kB]
#10 36.54 Get:420 http://ports.ubuntu.com/ubuntu-ports noble/main arm64 libxdamage-dev arm64 1:1.1.6-1build1 [5508 B]
#10 36.54 Get:421 http://ports.ubuntu.com/ubuntu-ports noble/main arm64 libxinerama-dev arm64 2:1.1.4-3build1 [8148 B]
#10 36.54 Get:422 http://ports.ubuntu.com/ubuntu-ports noble/main arm64 libxkbcommon-dev arm64 1.6.0-1build1 [56.3 kB]
#10 36.54 Get:423 http://ports.ubuntu.com/ubuntu-ports noble/main arm64 libxrandr-dev arm64 2:1.5.2-2build1 [27.2 kB]
#10 36.54 Get:424 http://ports.ubuntu.com/ubuntu-ports noble-updates/main arm64 wayland-protocols all 1.45-1~ubuntu0.24.04.2 [114 kB]
#10 36.54 Get:425 http://ports.ubuntu.com/ubuntu-ports noble-updates/main arm64 libgtk-3-dev arm64 3.24.41-4ubuntu1.3 [1096 kB]
#10 36.55 Get:426 http://ports.ubuntu.com/ubuntu-ports noble/main arm64 libayatana-ido3-dev arm64 0.10.1-1build2 [14.2 kB]
#10 36.57 Get:427 http://ports.ubuntu.com/ubuntu-ports noble/main arm64 libayatana-indicator3-dev arm64 0.9.4-1build1 [6944 B]
#10 36.59 Get:428 http://ports.ubuntu.com/ubuntu-ports noble/main arm64 libdbusmenu-glib-dev arm64 18.10.20180917~bzr492+repack1-3.1ubuntu5 [75.0 kB]
#10 37.09 Get:429 http://ports.ubuntu.com/ubuntu-ports noble/main arm64 libayatana-appindicator3-dev arm64 0.5.93-1build3 [15.0 kB]
#10 37.09 Get:430 http://ports.ubuntu.com/ubuntu-ports noble/main arm64 libltdl7 arm64 2.4.7-7build1 [40.4 kB]
#10 37.10 Get:431 http://ports.ubuntu.com/ubuntu-ports noble/main arm64 libtdb1 arm64 1.4.10-1build1 [48.5 kB]
#10 37.10 Get:432 http://ports.ubuntu.com/ubuntu-ports noble/main arm64 libvorbisfile3 arm64 1.3.7-1build3 [17.1 kB]
#10 37.10 Get:433 http://ports.ubuntu.com/ubuntu-ports noble/main arm64 sound-theme-freedesktop all 0.8-2ubuntu1 [384 kB]
#10 37.11 Get:434 http://ports.ubuntu.com/ubuntu-ports noble/main arm64 libcanberra0t64 arm64 0.30-10ubuntu10 [38.8 kB]
#10 37.12 Get:435 http://ports.ubuntu.com/ubuntu-ports noble/universe arm64 libdouble-conversion3 arm64 3.3.0-1build1 [38.0 kB]
#10 37.13 Get:436 http://ports.ubuntu.com/ubuntu-ports noble/universe arm64 libqt5core5t64 arm64 5.15.13+dfsg-1ubuntu1 [1973 kB]
#10 37.59 Get:437 http://ports.ubuntu.com/ubuntu-ports noble/universe arm64 libqt5dbus5t64 arm64 5.15.13+dfsg-1ubuntu1 [224 kB]
#10 37.59 Get:438 http://ports.ubuntu.com/ubuntu-ports noble/main arm64 libmtdev1t64 arm64 1.1.6-1.1build1 [14.3 kB]
#10 37.59 Get:439 http://ports.ubuntu.com/ubuntu-ports noble/main arm64 libwacom-common all 2.10.0-2 [63.4 kB]
#10 37.59 Get:440 http://ports.ubuntu.com/ubuntu-ports noble/main arm64 libwacom9 arm64 2.10.0-2 [23.7 kB]
#10 37.59 Get:441 http://ports.ubuntu.com/ubuntu-ports noble-updates/main arm64 libinput-bin arm64 1.25.0-1ubuntu3.4 [23.0 kB]
#10 37.59 Get:442 http://ports.ubuntu.com/ubuntu-ports noble-updates/main arm64 libinput10 arm64 1.25.0-1ubuntu3.4 [129 kB]
#10 37.59 Get:443 http://ports.ubuntu.com/ubuntu-ports noble/universe arm64 libmd4c0 arm64 0.4.8-1build1 [40.9 kB]
#10 37.59 Get:444 http://ports.ubuntu.com/ubuntu-ports noble/universe arm64 libqt5network5t64 arm64 5.15.13+dfsg-1ubuntu1 [741 kB]
#10 37.60 Get:445 http://ports.ubuntu.com/ubuntu-ports noble/main arm64 libxcb-icccm4 arm64 0.4.1-1.1build3 [10.5 kB]
#10 37.62 Get:446 http://ports.ubuntu.com/ubuntu-ports noble/main arm64 libxcb-util1 arm64 0.4.0-1build3 [10.7 kB]
#10 37.63 Get:447 http://ports.ubuntu.com/ubuntu-ports noble/main arm64 libxcb-image0 arm64 0.4.0-2build1 [10.8 kB]
#10 37.64 Get:448 http://ports.ubuntu.com/ubuntu-ports noble/main arm64 libxcb-keysyms1 arm64 0.4.0-1build4 [7984 B]
#10 37.65 Get:449 http://ports.ubuntu.com/ubuntu-ports noble/main arm64 libxcb-render-util0 arm64 0.3.9-1build4 [9648 B]
#10 37.65 Get:450 http://ports.ubuntu.com/ubuntu-ports noble/main arm64 libxcb-shape0 arm64 1.15-1ubuntu2 [6250 B]
#10 37.66 Get:451 http://ports.ubuntu.com/ubuntu-ports noble/main arm64 libxcb-xinerama0 arm64 1.15-1ubuntu2 [5598 B]
#10 37.67 Get:452 http://ports.ubuntu.com/ubuntu-ports noble/main arm64 libxcb-xinput0 arm64 1.15-1ubuntu2 [34.2 kB]
#10 37.67 Get:453 http://ports.ubuntu.com/ubuntu-ports noble/main arm64 libxcb-xkb1 arm64 1.15-1ubuntu2 [32.6 kB]
#10 37.68 Get:454 http://ports.ubuntu.com/ubuntu-ports noble/main arm64 libxkbcommon-x11-0 arm64 1.6.0-1build1 [13.6 kB]
#10 37.69 Get:455 http://ports.ubuntu.com/ubuntu-ports noble/universe arm64 libqt5gui5t64 arm64 5.15.13+dfsg-1ubuntu1 [3617 kB]
#10 38.17 Get:456 http://ports.ubuntu.com/ubuntu-ports noble/universe arm64 libqt5widgets5t64 arm64 5.15.13+dfsg-1ubuntu1 [2564 kB]
#10 38.64 Get:457 http://ports.ubuntu.com/ubuntu-ports noble/universe arm64 libdbusmenu-qt5-2 arm64 0.9.3+16.04.20160218-2build3 [60.9 kB]
#10 38.64 Get:458 http://ports.ubuntu.com/ubuntu-ports noble/main arm64 libei1 arm64 1.2.1-1 [38.9 kB]
#10 38.64 Get:459 http://ports.ubuntu.com/ubuntu-ports noble/main arm64 libei-dev arm64 1.2.1-1 [15.0 kB]
#10 38.64 Get:460 http://ports.ubuntu.com/ubuntu-ports noble/universe arm64 libfsverity0 arm64 1.5-1.1build3 [11.1 kB]
#10 38.64 Get:461 http://ports.ubuntu.com/ubuntu-ports noble-updates/main arm64 libgpg-error-dev arm64 1.47-3build2.1 [130 kB]
#10 38.64 Get:462 http://ports.ubuntu.com/ubuntu-ports noble-updates/main arm64 libgcrypt20-dev arm64 1.10.3-2ubuntu0.1 [542 kB]
#10 38.65 Get:463 http://ports.ubuntu.com/ubuntu-ports noble/main arm64 libglu1-mesa arm64 9.0.2-1.1build1 [139 kB]
#10 38.65 Get:464 http://ports.ubuntu.com/ubuntu-ports noble/main arm64 libglu1-mesa-dev arm64 9.0.2-1.1build1 [227 kB]
#10 38.65 Get:465 http://ports.ubuntu.com/ubuntu-ports noble/main arm64 libgpgme11t64 arm64 1.18.0-4.1ubuntu4 [136 kB]
#10 38.71 Get:466 http://ports.ubuntu.com/ubuntu-ports noble/main arm64 libgpgmepp6t64 arm64 1.18.0-4.1ubuntu4 [115 kB]
#10 38.72 Get:467 http://ports.ubuntu.com/ubuntu-ports noble-updates/universe arm64 libjavascriptcoregtk-4.1-dev arm64 2.52.3-0ubuntu0.24.04.1 [69.8 kB]
#10 38.73 Get:468 http://ports.ubuntu.com/ubuntu-ports noble/universe arm64 libjs-async all 0.8.0-6 [24.1 kB]
#10 38.74 Get:469 http://ports.ubuntu.com/ubuntu-ports noble/universe arm64 libjs-events all 3.3.0+~3.0.0-3 [9762 B]
#10 38.75 Get:470 http://ports.ubuntu.com/ubuntu-ports noble/universe arm64 libjs-is-typedarray all 1.0.0-4 [3804 B]
#10 38.76 Get:471 http://ports.ubuntu.com/ubuntu-ports noble/universe arm64 libjs-prettify all 2015.12.04+dfsg-1.1 [39.3 kB]
#10 39.16 Get:472 http://ports.ubuntu.com/ubuntu-ports noble/universe arm64 libjs-sprintf-js all 1.1.2+ds1+~1.1.2-1 [12.8 kB]
#10 39.16 Get:473 http://ports.ubuntu.com/ubuntu-ports noble/universe arm64 libjs-typedarray-to-buffer all 4.0.0-2 [4658 B]
#10 39.16 Get:474 http://ports.ubuntu.com/ubuntu-ports noble/universe arm64 node-lodash-packages all 4.17.21+dfsg+~cs8.31.198.20210220-9 [176 kB]
#10 39.16 Get:475 http://ports.ubuntu.com/ubuntu-ports noble/universe arm64 node-function-bind all 1.1.2+~cs2.1.14-1 [20.3 kB]
#10 39.16 Get:476 http://ports.ubuntu.com/ubuntu-ports noble/universe arm64 node-object-inspect all 1.12.2+~cs1.8.1-1 [11.4 kB]
#10 39.16 Get:477 http://ports.ubuntu.com/ubuntu-ports noble/universe arm64 node-es-abstract all 1.20.4+~cs26.27.47-1 [139 kB]
#10 39.17 Get:478 http://ports.ubuntu.com/ubuntu-ports noble/universe arm64 node-resolve all 1.22.8+~cs5.34.15-2 [23.3 kB]
#10 39.17 Get:479 http://ports.ubuntu.com/ubuntu-ports noble/universe arm64 node-define-properties all 1.2.1+~cs2.2.3-1 [7472 B]
#10 39.17 Get:480 http://ports.ubuntu.com/ubuntu-ports noble/universe arm64 node-debbundle-es-to-primitive all 1.2.1+~cs9.7.25-2 [14.1 kB]
#10 39.17 Get:481 http://ports.ubuntu.com/ubuntu-ports noble/universe arm64 node-isobject all 4.0.0-2 [5374 B]
#10 39.20 Get:482 http://ports.ubuntu.com/ubuntu-ports noble/universe arm64 node-is-descriptor all 3.0.0-2 [5606 B]
#10 39.20 Get:483 http://ports.ubuntu.com/ubuntu-ports noble/universe arm64 node-define-property all 2.0.2+really+2.0.2-3 [5846 B]
#10 39.21 Get:484 http://ports.ubuntu.com/ubuntu-ports noble/universe arm64 node-defined all 1.0.1+~1.0.0-1 [5276 B]
#10 39.22 Get:485 http://ports.ubuntu.com/ubuntu-ports noble/universe arm64 node-abbrev all 1.1.1+~1.1.2-1 [5784 B]
#10 39.23 Get:486 http://ports.ubuntu.com/ubuntu-ports noble/universe arm64 node-archy all 1.0.0-6 [4588 B]
#10 39.23 Get:487 http://ports.ubuntu.com/ubuntu-ports noble/universe arm64 node-async all 0.8.0-6 [2614 B]
#10 39.24 Get:488 http://ports.ubuntu.com/ubuntu-ports noble/universe arm64 node-convert-source-map all 1.9.0+~1.5.2-1 [8332 B]
#10 39.25 Get:489 http://ports.ubuntu.com/ubuntu-ports noble/universe arm64 node-decamelize all 4.0.0-2 [4016 B]
#10 39.26 Get:490 http://ports.ubuntu.com/ubuntu-ports noble/universe arm64 node-es6-error all 4.1.1-5 [5802 B]
#10 39.27 Get:491 http://ports.ubuntu.com/ubuntu-ports noble/universe arm64 node-esprima all 4.0.1+ds+~4.0.3-2 [69.3 kB]
#10 39.28 Get:492 http://ports.ubuntu.com/ubuntu-ports noble/universe arm64 node-escodegen all 2.1.0+dfsg+~0.0.8-1 [23.5 kB]
#10 39.28 Get:493 http://ports.ubuntu.com/ubuntu-ports noble/universe arm64 node-commondir all 1.0.1+~1.0.0-1 [4400 B]
#10 39.68 Get:494 http://ports.ubuntu.com/ubuntu-ports noble/universe arm64 node-is-number all 7.0.0-4 [5894 B]
#10 39.69 Get:495 http://ports.ubuntu.com/ubuntu-ports noble/universe arm64 node-repeat-string all 1.6.1+repack-1 [5660 B]
#10 39.69 Get:496 http://ports.ubuntu.com/ubuntu-ports noble/universe arm64 node-to-regex-range all 5.0.1-4 [10.7 kB]
#10 39.69 Get:497 http://ports.ubuntu.com/ubuntu-ports noble/universe arm64 node-fill-range all 7.0.1+~7.0.0-1 [9098 B]
#10 39.69 Get:498 http://ports.ubuntu.com/ubuntu-ports noble/universe arm64 node-braces all 3.0.2+~3.0.1-1 [19.4 kB]
#10 39.69 Get:499 http://ports.ubuntu.com/ubuntu-ports noble/universe arm64 node-normalize-path all 3.0.0+~3.0.0-1 [6718 B]
#10 39.69 Get:500 http://ports.ubuntu.com/ubuntu-ports noble/universe arm64 node-anymatch all 3.1.3+~cs4.6.1-2 [31.3 kB]
#10 39.69 Get:501 http://ports.ubuntu.com/ubuntu-ports noble/universe arm64 node-micromatch all 4.0.5+~4.0.2-1 [23.5 kB]
#10 39.69 Get:502 http://ports.ubuntu.com/ubuntu-ports noble/universe arm64 node-pify all 5.0.0+~cs5.0.1-1 [7148 B]
#10 39.69 Get:503 http://ports.ubuntu.com/ubuntu-ports noble/universe arm64 node-path-type all 4.0.0-3 [3934 B]
#10 39.73 Get:504 http://ports.ubuntu.com/ubuntu-ports noble/universe arm64 node-n3 all 1.16.3+~1.2.3+~1.10.4-1 [37.7 kB]
#10 39.74 Get:505 http://ports.ubuntu.com/ubuntu-ports noble/universe arm64 node-slash all 4.0.0-3 [4326 B]
#10 39.75 Get:506 http://ports.ubuntu.com/ubuntu-ports noble/universe arm64 node-globby all 13.1.3+~cs16.25.40-2 [41.4 kB]
#10 39.76 Get:507 http://ports.ubuntu.com/ubuntu-ports noble/universe arm64 node-graceful-fs all 4.2.10-1 [14.0 kB]
#10 39.76 Get:508 http://ports.ubuntu.com/ubuntu-ports noble/universe arm64 node-is-path-cwd all 2.2.0-2 [3650 B]
#10 39.77 Get:509 http://ports.ubuntu.com/ubuntu-ports noble/universe arm64 node-path-is-inside all 1.0.2+~1.0.0-1 [5098 B]
#10 39.78 Get:510 http://ports.ubuntu.com/ubuntu-ports noble/universe arm64 node-is-path-inside all 3.0.3-2 [3982 B]
#10 39.79 Get:511 http://ports.ubuntu.com/ubuntu-ports noble/universe arm64 node-escape-string-regexp all 4.0.0-2 [4328 B]
#10 39.80 Get:512 http://ports.ubuntu.com/ubuntu-ports noble/universe arm64 node-indent-string all 4.0.0-2 [4122 B]
#10 39.80 Get:513 http://ports.ubuntu.com/ubuntu-ports noble/universe arm64 node-p-map all 4.0.0+~3.1.0+~3.0.1-1 [8058 B]
#10 40.21 Get:514 http://ports.ubuntu.com/ubuntu-ports noble/universe arm64 node-del all 7.0.0-5 [6928 B]
#10 40.21 Get:515 http://ports.ubuntu.com/ubuntu-ports noble/universe arm64 node-make-dir all 3.1.0-3 [6096 B]
#10 40.21 Get:516 http://ports.ubuntu.com/ubuntu-ports noble/universe arm64 node-p-limit all 4.0.0+~cs4.0.0-5 [7722 B]
#10 40.21 Get:517 http://ports.ubuntu.com/ubuntu-ports noble/universe arm64 node-p-locate all 6.0.0-12 [5340 B]
#10 40.21 Get:518 http://ports.ubuntu.com/ubuntu-ports noble/universe arm64 node-locate-path all 7.1.1-2 [5448 B]
#10 40.21 Get:519 http://ports.ubuntu.com/ubuntu-ports noble/universe arm64 node-path-exists all 5.0.0-8 [4602 B]
#10 40.21 Get:520 http://ports.ubuntu.com/ubuntu-ports noble/universe arm64 node-find-up all 6.3.0-7 [9340 B]
#10 40.21 Get:521 http://ports.ubuntu.com/ubuntu-ports noble/universe arm64 node-pkg-dir all 5.0.0-2 [4270 B]
#10 40.21 Get:522 http://ports.ubuntu.com/ubuntu-ports noble/universe arm64 node-find-cache-dir all 3.3.2+~3.2.1-1 [6210 B]
#10 40.24 Get:523 http://ports.ubuntu.com/ubuntu-ports noble/universe arm64 node-signal-exit all 4.1.0-6 [14.1 kB]
#10 40.25 Get:524 http://ports.ubuntu.com/ubuntu-ports noble/universe arm64 node-foreground-child all 3.1.1-2 [12.4 kB]
#10 40.26 Get:525 http://ports.ubuntu.com/ubuntu-ports noble/universe arm64 node-is-stream all 3.0.0-4 [5106 B]
#10 40.26 Get:526 http://ports.ubuntu.com/ubuntu-ports noble/universe arm64 node-is-windows all 1.0.2+~cs1.0.0-1 [5980 B]
#10 40.27 Get:527 http://ports.ubuntu.com/ubuntu-ports noble/universe arm64 node-ampproject-remapping all 2.2.0+~cs5.15.37-1 [62.4 kB]
#10 40.28 Get:528 http://ports.ubuntu.com/ubuntu-ports noble/universe arm64 node-sprintf-js all 1.1.2+ds1+~1.1.2-1 [3916 B]
#10 40.28 Get:529 http://ports.ubuntu.com/ubuntu-ports noble/universe arm64 node-argparse all 2.0.1-2 [33.2 kB]
#10 40.29 Get:530 http://ports.ubuntu.com/ubuntu-ports noble/universe arm64 node-js-yaml all 4.1.0+dfsg+~4.0.5-7 [61.9 kB]
#10 40.30 Get:531 http://ports.ubuntu.com/ubuntu-ports noble/universe arm64 node-nopt all 5.0.0-4 [10.9 kB]
#10 40.31 Get:532 http://ports.ubuntu.com/ubuntu-ports noble/universe arm64 node-npm-run-path all 5.1.0+~4.0.0-8 [6402 B]
#10 40.32 Get:533 http://ports.ubuntu.com/ubuntu-ports noble/universe arm64 node-shebang-regex all 3.0.0-2 [3504 B]
#10 40.32 Get:534 http://ports.ubuntu.com/ubuntu-ports noble/universe arm64 node-shebang-command all 2.0.0-1 [3456 B]
#10 40.73 Get:535 http://ports.ubuntu.com/ubuntu-ports noble/universe arm64 node-strip-bom all 4.0.0-2 [4158 B]
#10 40.73 Get:536 http://ports.ubuntu.com/ubuntu-ports noble/universe arm64 node-has-flag all 4.0.0-3 [4268 B]
#10 40.73 Get:537 http://ports.ubuntu.com/ubuntu-ports noble/universe arm64 node-supports-color all 8.1.1+~8.1.1-1 [7048 B]
#10 40.73 Get:538 http://ports.ubuntu.com/ubuntu-ports noble/universe arm64 node-util all 0.12.5+~1.0.10-1 [3760 B]
#10 40.73 Get:539 http://ports.ubuntu.com/ubuntu-ports noble/universe arm64 node-assert all 2.0.0+~cs3.9.8-2 [26.2 kB]
#10 40.73 Get:540 http://ports.ubuntu.com/ubuntu-ports noble/universe arm64 node-babel-plugin-add-module-exports all 1.0.4+dfsg1~cs5.8.0-4 [8860 B]
#10 40.74 Get:541 http://ports.ubuntu.com/ubuntu-ports noble/universe arm64 node-regenerator-runtime all 0.15.2+~0.10.8-1 [10.9 kB]
#10 40.74 Get:542 http://ports.ubuntu.com/ubuntu-ports noble/universe arm64 node-babel7-runtime all 7.20.15+ds1+~cs214.269.168-6build1 [43.2 kB]
#10 40.74 Get:543 http://ports.ubuntu.com/ubuntu-ports noble/universe arm64 node-babel-helper-define-polyfill-provider all 0.3.3~0~20220913+ds1-1 [28.4 kB]
#10 40.74 Get:544 http://ports.ubuntu.com/ubuntu-ports noble/universe arm64 node-babel-plugin-polyfill-corejs2 all 0.3.3~0~20220913+ds1-1 [17.2 kB]
#10 40.77 Get:545 http://ports.ubuntu.com/ubuntu-ports noble/universe arm64 node-caniuse-lite all 1.0.30001571+dfsg+~1.0.5-1 [348 kB]
#10 40.78 Get:546 http://ports.ubuntu.com/ubuntu-ports noble/universe arm64 node-electron-to-chromium all 1.4.616-1 [39.6 kB]
#10 40.79 Get:547 http://ports.ubuntu.com/ubuntu-ports noble/universe arm64 node-picocolors all 1.0.0-4 [6176 B]
#10 40.80 Get:548 http://ports.ubuntu.com/ubuntu-ports noble/universe arm64 node-browserslist all 4.22.1+~cs6.1.28-1 [72.9 kB]
#10 40.81 Get:549 http://ports.ubuntu.com/ubuntu-ports noble/universe arm64 node-core-js-compat all 3.33.2-1build2 [39.1 kB]
#10 40.82 Get:550 http://ports.ubuntu.com/ubuntu-ports noble/universe arm64 node-babel-plugin-polyfill-corejs3 all 0.6.0~0~20220913+ds1-1 [30.2 kB]
#10 40.82 Get:551 http://ports.ubuntu.com/ubuntu-ports noble/universe arm64 node-babel-plugin-polyfill-regenerator all 0.4.1~0~20220913+ds1-1 [4366 B]
#10 40.83 Get:552 http://ports.ubuntu.com/ubuntu-ports noble/universe arm64 node-color-name all 1.1.4+~1.1.1-2 [6076 B]
#10 40.84 Get:553 http://ports.ubuntu.com/ubuntu-ports noble/universe arm64 node-color-convert all 2.0.1+~cs2.0.0-2 [12.8 kB]
#10 40.85 Get:554 http://ports.ubuntu.com/ubuntu-ports noble/universe arm64 node-ansi-styles all 6.2.1-2 [8768 B]
#10 41.26 Get:555 http://ports.ubuntu.com/ubuntu-ports noble/universe arm64 node-chalk all 5.3.0-1build1 [18.8 kB]
#10 41.26 Get:556 http://ports.ubuntu.com/ubuntu-ports noble/universe arm64 node-for-in all 1.0.2-4 [4856 B]
#10 41.26 Get:557 http://ports.ubuntu.com/ubuntu-ports noble/universe arm64 node-for-own all 1.0.0-3 [4708 B]
#10 41.26 Get:558 http://ports.ubuntu.com/ubuntu-ports noble/universe arm64 node-is-plain-object all 5.0.0-7 [6338 B]
#10 41.26 Get:559 http://ports.ubuntu.com/ubuntu-ports noble/universe arm64 node-is-extendable all 1.0.1-3 [5258 B]
#10 41.26 Get:560 http://ports.ubuntu.com/ubuntu-ports noble/universe arm64 node-clone-deep all 4.0.1+~cs7.0.2-1 [6822 B]
#10 41.26 Get:561 http://ports.ubuntu.com/ubuntu-ports noble/universe arm64 node-commander all 9.4.1-1 [50.6 kB]
#10 41.26 Get:562 http://ports.ubuntu.com/ubuntu-ports noble/universe arm64 node-core-js all 3.33.2-1build2 [270 kB]
#10 41.26 Get:563 http://ports.ubuntu.com/ubuntu-ports noble/universe arm64 node-core-js-pure all 3.33.2-1build2 [250 kB]
#10 41.26 Get:564 http://ports.ubuntu.com/ubuntu-ports noble/universe arm64 node-fs-readdir-recursive all 1.1.0+~1.1.0-1 [4552 B]
#10 41.29 Get:565 http://ports.ubuntu.com/ubuntu-ports noble/universe arm64 node-js-tokens all 8.0.0-2 [12.1 kB]
#10 41.30 Get:566 http://ports.ubuntu.com/ubuntu-ports noble/universe arm64 node-jsesc all 3.0.2+~3.0.1-1 [18.0 kB]
#10 41.31 Get:567 http://ports.ubuntu.com/ubuntu-ports noble/universe arm64 node-json5 all 2.2.3+dfsg-1build1 [21.9 kB]
#10 41.31 Get:568 http://ports.ubuntu.com/ubuntu-ports noble/universe arm64 node-quick-lru all 6.1.1-4 [8190 B]
#10 41.33 Get:569 http://ports.ubuntu.com/ubuntu-ports noble/universe arm64 node-regenerator-transform all 0.15.2+~0.10.8-1 [25.5 kB]
#10 41.33 Get:570 http://ports.ubuntu.com/ubuntu-ports noble/universe arm64 node-regjsgen all 0.7.1+ds-1 [7048 B]
#10 41.34 Get:571 http://ports.ubuntu.com/ubuntu-ports noble/universe arm64 node-regjsparser all 0.9.1+ds-2 [21.6 kB]
#10 41.34 Get:572 http://ports.ubuntu.com/ubuntu-ports noble/universe arm64 node-unicode-canonical-property-names-ecmascript all 2.0.0-2 [4558 B]
#10 41.35 Get:573 http://ports.ubuntu.com/ubuntu-ports noble/universe arm64 node-unicode-property-aliases-ecmascript all 2.1.0+ds-1 [5316 B]
#10 41.36 Get:574 http://ports.ubuntu.com/ubuntu-ports noble/universe arm64 node-unicode-match-property-ecmascript all 2.0.0-2 [4420 B]
#10 41.37 Get:575 http://ports.ubuntu.com/ubuntu-ports noble/universe arm64 node-unicode-match-property-value-ecmascript all 2.1.0+ds-1 [7486 B]
#10 41.38 Get:576 http://ports.ubuntu.com/ubuntu-ports noble/universe arm64 node-regexpu-core all 5.2.2-3 [15.5 kB]
#10 41.78 Get:577 http://ports.ubuntu.com/ubuntu-ports noble/universe arm64 node-source-map-support all 0.5.21+ds+~0.5.4-1 [14.2 kB]
#10 41.78 Get:578 http://ports.ubuntu.com/ubuntu-ports noble/universe arm64 node-to-fast-properties all 3.0.1-3 [4334 B]
#10 41.78 Get:579 http://ports.ubuntu.com/ubuntu-ports noble/universe arm64 node-v8flags all 3.2.0+~3.1.1-1 [7766 B]
#10 41.78 Get:580 http://ports.ubuntu.com/ubuntu-ports noble/universe arm64 node-babel7 all 7.20.15+ds1+~cs214.269.168-6build1 [627 kB]
#10 41.79 Get:581 http://ports.ubuntu.com/ubuntu-ports noble/universe arm64 node-is-arrayish all 0.3.2-3 [3970 B]
#10 41.79 Get:582 http://ports.ubuntu.com/ubuntu-ports noble/universe arm64 node-error-ex all 1.3.2-4 [5708 B]
#10 41.79 Get:583 http://ports.ubuntu.com/ubuntu-ports noble/universe arm64 node-json-parse-better-errors all 1.0.2+~cs3.3.1-2 [7384 B]
#10 41.79 Get:584 http://ports.ubuntu.com/ubuntu-ports noble/universe arm64 node-parse-json all 5.2.0+~cs5.1.7-1 [7516 B]
#10 41.79 Get:585 http://ports.ubuntu.com/ubuntu-ports noble/universe arm64 node-hosted-git-info all 6.1.1-2 [9904 B]
#10 41.81 Get:586 http://ports.ubuntu.com/ubuntu-ports noble/universe arm64 node-spdx-license-ids all 3.0.12-1 [6488 B]
#10 41.82 Get:587 http://ports.ubuntu.com/ubuntu-ports noble/universe arm64 node-spdx-exceptions all 2.3.0-2 [3978 B]
#10 41.83 Get:588 http://ports.ubuntu.com/ubuntu-ports noble/universe arm64 node-spdx-expression-parse all 3.0.1+~3.0.1-1 [7658 B]
#10 41.83 Get:589 http://ports.ubuntu.com/ubuntu-ports noble/universe arm64 node-spdx-correct all 3.1.1-2 [5476 B]
#10 41.84 Get:590 http://ports.ubuntu.com/ubuntu-ports noble/universe arm64 node-validate-npm-package-license all 3.0.4-2 [4252 B]
#10 41.85 Get:591 http://ports.ubuntu.com/ubuntu-ports noble/universe arm64 node-normalize-package-data all 4.0.1+~2.4.1-1 [13.1 kB]
#10 41.85 Get:592 http://ports.ubuntu.com/ubuntu-ports noble/universe arm64 node-read-pkg all 5.2.0-2 [24.5 kB]
#10 41.86 Get:593 http://ports.ubuntu.com/ubuntu-ports noble/universe arm64 node-uuid all 8.3.2+~8.3.3-4 [36.0 kB]
#10 41.87 Get:594 http://ports.ubuntu.com/ubuntu-ports noble/universe arm64 node-isexe all 2.0.0+~2.0.1-5 [6078 B]
#10 42.31 Get:595 http://ports.ubuntu.com/ubuntu-ports noble/universe arm64 node-which all 2.0.2+~cs1.3.2-3 [7154 B]
#10 42.31 Get:596 http://ports.ubuntu.com/ubuntu-ports noble/universe arm64 node-is-typedarray all 1.0.0-4 [2072 B]
#10 42.31 Get:597 http://ports.ubuntu.com/ubuntu-ports noble/universe arm64 node-typedarray-to-buffer all 4.0.0-2 [2242 B]
#10 42.31 Get:598 http://ports.ubuntu.com/ubuntu-ports noble/universe arm64 node-write-file-atomic all 4.0.2+~4.0.0-2 [8750 B]
#10 42.31 Get:599 http://ports.ubuntu.com/ubuntu-ports noble/universe arm64 node-slice-ansi all 5.0.0+~cs9.0.0-5 [9044 B]
#10 42.31 Get:600 http://ports.ubuntu.com/ubuntu-ports noble/universe arm64 node-ansi-regex all 5.0.1-1 [4984 B]
#10 42.31 Get:601 http://ports.ubuntu.com/ubuntu-ports noble/universe arm64 node-strip-ansi all 6.0.1-2 [4128 B]
#10 42.31 Get:602 http://ports.ubuntu.com/ubuntu-ports noble/universe arm64 node-clone all 2.1.2+~2.1.2-1 [9340 B]
#10 42.31 Get:603 http://ports.ubuntu.com/ubuntu-ports noble/universe arm64 node-defaults all 1.0.4+~1.0.3-1 [4394 B]
#10 42.31 Get:604 http://ports.ubuntu.com/ubuntu-ports noble/universe arm64 node-wcwidth.js all 1.0.2-2 [7204 B]
#10 42.35 Get:605 http://ports.ubuntu.com/ubuntu-ports noble/universe arm64 node-string-width all 4.2.3+~cs13.2.3-1 [11.4 kB]
#10 42.36 Get:606 http://ports.ubuntu.com/ubuntu-ports noble/universe arm64 node-wrap-ansi all 8.0.1+~8.0.1-3 [12.2 kB]
#10 42.37 Get:607 http://ports.ubuntu.com/ubuntu-ports noble/universe arm64 node-cliui all 7.0.4+repack+~cs3.1.0-4 [10.8 kB]
#10 42.38 Get:608 http://ports.ubuntu.com/ubuntu-ports noble/universe arm64 node-get-caller-file all 2.0.5+~cs1.1.1-4 [5774 B]
#10 42.39 Get:609 http://ports.ubuntu.com/ubuntu-ports noble/universe arm64 node-require-directory all 2.1.1+~2.1.2-1 [7190 B]
#10 42.39 Get:610 http://ports.ubuntu.com/ubuntu-ports noble/universe arm64 node-y18n all 5.0.8+~5.0.0-3 [9390 B]
#10 42.40 Get:611 http://ports.ubuntu.com/ubuntu-ports noble/universe arm64 node-camelcase all 7.0.0-3 [6104 B]
#10 42.41 Get:612 http://ports.ubuntu.com/ubuntu-ports noble/universe arm64 node-yargs-parser all 21.1.1+~21.0.0-4 [23.6 kB]
#10 42.42 Get:613 http://ports.ubuntu.com/ubuntu-ports noble/universe arm64 node-yargs all 16.2.0+~16.0.4-7 [123 kB]
#10 42.42 Get:614 http://ports.ubuntu.com/ubuntu-ports noble/universe arm64 node-istanbul all 0.4.5+repack10+~cs98.25.59-2 [211 kB]
#10 42.83 Get:615 http://ports.ubuntu.com/ubuntu-ports noble/universe arm64 node-through all 2.3.8+~cs0.0.30-1 [5496 B]
#10 42.83 Get:616 http://ports.ubuntu.com/ubuntu-ports noble/universe arm64 node-resumer all 0.0.0-6 [4054 B]
#10 42.83 Get:617 http://ports.ubuntu.com/ubuntu-ports noble/universe arm64 node-tape all 5.6.1+~cs8.20.19-1 [31.3 kB]
#10 42.83 Get:618 http://ports.ubuntu.com/ubuntu-ports noble/universe arm64 node-deep-equal all 2.2.3+~cs43.15.94-1 [39.6 kB]
#10 42.83 Get:619 http://ports.ubuntu.com/ubuntu-ports noble/universe arm64 libjs-util all 0.12.5+~1.0.10-1 [15.4 kB]
#10 42.83 Get:620 http://ports.ubuntu.com/ubuntu-ports noble/main arm64 libjson-glib-1.0-common all 1.8.0-2build2 [4244 B]
#10 42.83 Get:621 http://ports.ubuntu.com/ubuntu-ports noble/main arm64 libjson-glib-1.0-0 arm64 1.8.0-2build2 [65.3 kB]
#10 42.83 Get:622 http://ports.ubuntu.com/ubuntu-ports noble/universe arm64 libkf5config-data all 5.115.0-0ubuntu5 [105 kB]
#10 42.83 Get:623 http://ports.ubuntu.com/ubuntu-ports noble/universe arm64 libkf5configcore5 arm64 5.115.0-0ubuntu5 [151 kB]
#10 42.88 Get:624 http://ports.ubuntu.com/ubuntu-ports noble/universe arm64 libkf5config-bin arm64 5.115.0-0ubuntu5 [39.6 kB]
#10 42.88 Get:625 http://ports.ubuntu.com/ubuntu-ports noble/universe arm64 libqt5xml5t64 arm64 5.15.13+dfsg-1ubuntu1 [125 kB]
#10 42.89 Get:626 http://ports.ubuntu.com/ubuntu-ports noble/universe arm64 libkf5config-dev-bin arm64 5.115.0-0ubuntu5 [81.6 kB]
#10 42.90 Get:627 http://ports.ubuntu.com/ubuntu-ports noble/universe arm64 libkf5configgui5 arm64 5.115.0-0ubuntu5 [54.6 kB]
#10 42.91 Get:628 http://ports.ubuntu.com/ubuntu-ports noble-updates/universe arm64 libqt5qml5 arm64 5.15.13+dfsg-1ubuntu0.1 [1504 kB]
#10 42.95 Get:629 http://ports.ubuntu.com/ubuntu-ports noble/universe arm64 libkf5configqml5 arm64 5.115.0-0ubuntu5 [11.4 kB]
#10 43.35 Get:630 http://ports.ubuntu.com/ubuntu-ports noble/universe arm64 libqt5concurrent5t64 arm64 5.15.13+dfsg-1ubuntu1 [35.9 kB]
#10 43.35 Get:631 http://ports.ubuntu.com/ubuntu-ports noble/universe arm64 libqt5printsupport5t64 arm64 5.15.13+dfsg-1ubuntu1 [210 kB]
#10 43.36 Get:632 http://ports.ubuntu.com/ubuntu-ports noble/universe arm64 libqt5sql5t64 arm64 5.15.13+dfsg-1ubuntu1 [123 kB]
#10 43.36 Get:633 http://ports.ubuntu.com/ubuntu-ports noble/universe arm64 libqt5test5t64 arm64 5.15.13+dfsg-1ubuntu1 [144 kB]
#10 43.36 Get:634 http://ports.ubuntu.com/ubuntu-ports noble/main arm64 libvulkan-dev arm64 1.3.275.0-1build1 [1239 kB]
#10 43.37 Get:635 http://ports.ubuntu.com/ubuntu-ports noble/universe arm64 qt5-qmake-bin arm64 5.15.13+dfsg-1ubuntu1 [1070 kB]
#10 43.42 Get:636 http://ports.ubuntu.com/ubuntu-ports noble/universe arm64 qtchooser arm64 66-2build2 [23.4 kB]
#10 43.42 Get:637 http://ports.ubuntu.com/ubuntu-ports noble/universe arm64 qt5-qmake arm64 5.15.13+dfsg-1ubuntu1 [209 kB]
#10 43.43 Get:638 http://ports.ubuntu.com/ubuntu-ports noble/universe arm64 qtbase5-dev-tools arm64 5.15.13+dfsg-1ubuntu1 [825 kB]
#10 43.46 Get:639 http://ports.ubuntu.com/ubuntu-ports noble/universe arm64 qtbase5-dev arm64 5.15.13+dfsg-1ubuntu1 [1124 kB]
#10 43.88 Get:640 http://ports.ubuntu.com/ubuntu-ports noble/universe arm64 libkf5config-dev arm64 5.115.0-0ubuntu5 [43.2 kB]
#10 43.88 Get:641 http://ports.ubuntu.com/ubuntu-ports noble/universe arm64 libkf5coreaddons-data all 5.115.0-0ubuntu5 [149 kB]
#10 43.88 Get:642 http://ports.ubuntu.com/ubuntu-ports noble/universe arm64 libkf5coreaddons5 arm64 5.115.0-0ubuntu5 [264 kB]
#10 43.89 Get:643 http://ports.ubuntu.com/ubuntu-ports noble/universe arm64 libkf5i18n-data all 5.115.0-0ubuntu6 [1201 kB]
#10 43.90 Get:644 http://ports.ubuntu.com/ubuntu-ports noble/universe arm64 libkf5i18n5 arm64 5.115.0-0ubuntu6 [120 kB]
#10 43.90 Get:645 http://ports.ubuntu.com/ubuntu-ports noble/universe arm64 libkf5notifications-data all 5.115.0-0ubuntu6 [19.2 kB]
#10 43.90 Get:646 http://ports.ubuntu.com/ubuntu-ports noble/universe arm64 libkf5windowsystem-data all 5.115.0-0ubuntu4 [13.0 kB]
#10 43.90 Get:647 http://ports.ubuntu.com/ubuntu-ports noble/universe arm64 libqt5x11extras5 arm64 5.15.13-1 [11.2 kB]
#10 43.90 Get:648 http://ports.ubuntu.com/ubuntu-ports noble/main arm64 libxcb-res0 arm64 1.15-1ubuntu2 [6890 B]
#10 43.99 Get:649 http://ports.ubuntu.com/ubuntu-ports noble/universe arm64 libkf5windowsystem5 arm64 5.115.0-0ubuntu4 [152 kB]
#10 44.00 Get:650 http://ports.ubuntu.com/ubuntu-ports noble/universe arm64 libqt5texttospeech5 arm64 5.15.13-1 [21.6 kB]
#10 44.00 Get:651 http://ports.ubuntu.com/ubuntu-ports noble/universe arm64 libkf5notifications5 arm64 5.115.0-0ubuntu6 [115 kB]
#10 44.41 Get:652 http://ports.ubuntu.com/ubuntu-ports noble/universe arm64 libkf5wallet-data all 5.115.0-0ubuntu3 [220 kB]
#10 44.41 Get:653 http://ports.ubuntu.com/ubuntu-ports noble/universe arm64 libkf5widgetsaddons-data all 5.115.0-0ubuntu4 [1195 kB]
#10 44.43 Get:654 http://ports.ubuntu.com/ubuntu-ports noble/universe arm64 libkf5widgetsaddons5 arm64 5.115.0-0ubuntu4 [422 kB]
#10 44.44 Get:655 http://ports.ubuntu.com/ubuntu-ports noble/universe arm64 libkwalletbackend5-5 arm64 5.115.0-0ubuntu3 [54.9 kB]
#10 44.44 Get:656 http://ports.ubuntu.com/ubuntu-ports noble/universe arm64 libkf5wallet5 arm64 5.115.0-0ubuntu3 [41.5 kB]
#10 44.44 Get:657 http://ports.ubuntu.com/ubuntu-ports noble/universe arm64 libkf5windowsystem-dev arm64 5.115.0-0ubuntu4 [48.1 kB]
#10 44.44 Get:658 http://ports.ubuntu.com/ubuntu-ports noble/universe arm64 libkf5wallet-dev arm64 5.115.0-0ubuntu3 [12.2 kB]
#10 44.45 Get:659 http://ports.ubuntu.com/ubuntu-ports noble/universe arm64 liblua5.3-0 arm64 5.3.6-2build2 [139 kB]
#10 44.45 Get:660 http://ports.ubuntu.com/ubuntu-ports noble-updates/main arm64 libnghttp2-dev arm64 1.59.0-1ubuntu0.4 [118 kB]
#10 44.46 Get:661 http://ports.ubuntu.com/ubuntu-ports noble-updates/main arm64 libssl-dev arm64 3.0.13-0ubuntu3.11 [2338 kB]
#10 44.93 Get:662 http://ports.ubuntu.com/ubuntu-ports noble/main arm64 libuv1-dev arm64 1.48.0-1.1build1 [137 kB]
#10 44.93 Get:663 http://ports.ubuntu.com/ubuntu-ports noble/universe arm64 libnode-dev arm64 18.19.1+dfsg-6ubuntu5 [501 kB]
#10 44.94 Get:664 http://ports.ubuntu.com/ubuntu-ports noble/main arm64 libwebrtc-audio-processing1 arm64 0.3.1-0ubuntu6 [285 kB]
#10 44.94 Get:665 http://ports.ubuntu.com/ubuntu-ports noble-updates/main arm64 libspa-0.2-modules arm64 1.0.5-1ubuntu3.2 [575 kB]
#10 44.94 Get:666 http://ports.ubuntu.com/ubuntu-ports noble-updates/main arm64 libpipewire-0.3-0t64 arm64 1.0.5-1ubuntu3.2 [247 kB]
#10 44.94 Get:667 http://ports.ubuntu.com/ubuntu-ports noble-updates/main arm64 libspa-0.2-dev arm64 1.0.5-1ubuntu3.2 [109 kB]
#10 44.94 Get:668 http://ports.ubuntu.com/ubuntu-ports noble-updates/main arm64 libpipewire-0.3-dev arm64 1.0.5-1ubuntu3.2 [53.3 kB]
#10 44.94 Get:669 http://ports.ubuntu.com/ubuntu-ports noble/main arm64 libspeexdsp1 arm64 1.2.1-1ubuntu3 [40.2 kB]
#10 44.94 Get:670 http://ports.ubuntu.com/ubuntu-ports noble/main arm64 libroc0.3 arm64 0.3.0+dfsg-7ubuntu2 [242 kB]
#10 45.01 Get:671 http://ports.ubuntu.com/ubuntu-ports noble/main arm64 libsnapd-glib-2-1 arm64 1.64-0ubuntu5 [105 kB]
#10 45.45 Get:672 http://ports.ubuntu.com/ubuntu-ports noble-updates/main arm64 libpipewire-0.3-modules arm64 1.0.5-1ubuntu3.2 [785 kB]
#10 45.46 Get:673 http://ports.ubuntu.com/ubuntu-ports noble/main arm64 libpsl-dev arm64 0.21.2-1.1build1 [77.2 kB]
#10 45.46 Get:674 http://ports.ubuntu.com/ubuntu-ports noble/main arm64 libreadline-dev arm64 8.2-4build1 [177 kB]
#10 45.46 Get:675 http://ports.ubuntu.com/ubuntu-ports noble/universe arm64 librpmio9t64 arm64 4.18.2+dfsg-2.1build2 [94.2 kB]
#10 45.46 Get:676 http://ports.ubuntu.com/ubuntu-ports noble/universe arm64 librpm9t64 arm64 4.18.2+dfsg-2.1build2 [213 kB]
#10 45.46 Get:677 http://ports.ubuntu.com/ubuntu-ports noble/universe arm64 librpmbuild9t64 arm64 4.18.2+dfsg-2.1build2 [76.7 kB]
#10 45.46 Get:678 http://ports.ubuntu.com/ubuntu-ports noble/universe arm64 librpmsign9t64 arm64 4.18.2+dfsg-2.1build2 [11.5 kB]
#10 45.46 Get:679 http://ports.ubuntu.com/ubuntu-ports noble/universe arm64 libsecret-1-dev arm64 0.21.4-1build3 [131 kB]
#10 45.47 Get:680 http://ports.ubuntu.com/ubuntu-ports noble-updates/main arm64 libsqlite3-dev arm64 3.45.1-1ubuntu2.6 [917 kB]
#10 45.47 Get:681 http://ports.ubuntu.com/ubuntu-ports noble/universe arm64 libsysprof-capture-4-dev arm64 46.0-1build1 [53.9 kB]
#10 45.50 Get:682 http://ports.ubuntu.com/ubuntu-ports noble-updates/universe arm64 libsoup-3.0-dev arm64 3.4.4-5ubuntu0.7 [105 kB]
#10 45.50 Get:683 http://ports.ubuntu.com/ubuntu-ports noble/main arm64 libtcl8.6 arm64 8.6.14+dfsg-1build1 [978 kB]
#10 45.53 Get:684 http://ports.ubuntu.com/ubuntu-ports noble-updates/universe arm64 libwebkit2gtk-4.1-dev arm64 2.52.3-0ubuntu0.24.04.1 [290 kB]
#10 45.54 Get:685 http://ports.ubuntu.com/ubuntu-ports noble/universe arm64 node-agent-base all 7.1.0~0~2023071921-5 [9738 B]
#10 45.55 Get:686 http://ports.ubuntu.com/ubuntu-ports noble/universe arm64 node-ajv-keywords all 5.1.0-4 [33.1 kB]
#10 45.56 Get:687 http://ports.ubuntu.com/ubuntu-ports noble/universe arm64 node-ansi-escapes all 5.0.0+really.4.3.1-1 [9070 B]
#10 45.56 Get:688 http://ports.ubuntu.com/ubuntu-ports noble/universe arm64 node-aproba all 2.0.0-3 [5698 B]
#10 45.57 Get:689 http://ports.ubuntu.com/ubuntu-ports noble/universe arm64 node-delegates all 1.0.0-3 [4280 B]
#10 45.98 Get:690 http://ports.ubuntu.com/ubuntu-ports noble/universe arm64 node-are-we-there-yet all 3.0.1+~1.1.0-1 [9066 B]
#10 45.98 Get:691 http://ports.ubuntu.com/ubuntu-ports noble/universe arm64 node-async-each all 1.0.3-3 [4174 B]
#10 45.98 Get:692 http://ports.ubuntu.com/ubuntu-ports noble/universe arm64 node-babel-plugin-lodash all 3.3.4+~cs2.0.1-7 [11.3 kB]
#10 45.98 Get:693 http://ports.ubuntu.com/ubuntu-ports noble/universe arm64 node-base64-js all 1.5.1+dfsg+~1.3.0-2 [7236 B]
#10 45.98 Get:694 http://ports.ubuntu.com/ubuntu-ports noble/universe arm64 node-binary-extensions all 2.2.0-2 [4488 B]
#10 45.98 Get:695 http://ports.ubuntu.com/ubuntu-ports noble/universe arm64 node-builtins all 5.0.1-1 [4082 B]
#10 45.98 Get:696 http://ports.ubuntu.com/ubuntu-ports noble/universe arm64 node-chownr all 2.0.0-2 [4446 B]
#10 45.98 Get:697 http://ports.ubuntu.com/ubuntu-ports noble/universe arm64 node-iconv-lite all 0.6.3-3 [158 kB]
#10 45.98 Get:698 http://ports.ubuntu.com/ubuntu-ports noble/universe arm64 node-encoding all 0.1.13-2 [4366 B]
#10 45.98 Get:699 http://ports.ubuntu.com/ubuntu-ports noble/universe arm64 node-jsonparse all 1.3.1-10 [8060 B]
#10 46.01 Get:700 http://ports.ubuntu.com/ubuntu-ports noble/universe arm64 node-minipass all 3.3.6+~cs9.4.19-1 [42.3 kB]
#10 46.02 Get:701 http://ports.ubuntu.com/ubuntu-ports noble/universe arm64 node-iferr all 1.0.2+~1.0.2-1 [4610 B]
#10 46.03 Get:702 http://ports.ubuntu.com/ubuntu-ports noble/universe arm64 node-fs-write-stream-atomic all 1.0.10-6 [5362 B]
#10 46.03 Get:703 http://ports.ubuntu.com/ubuntu-ports noble/universe arm64 node-run-queue all 2.0.0-3 [5086 B]
#10 46.04 Get:704 http://ports.ubuntu.com/ubuntu-ports noble/universe arm64 node-copy-concurrently all 1.0.5-9 [7200 B]
#10 46.05 Get:705 http://ports.ubuntu.com/ubuntu-ports noble/universe arm64 node-move-concurrently all 1.0.1-5 [5182 B]
#10 46.06 Get:706 http://ports.ubuntu.com/ubuntu-ports noble/universe arm64 node-promise-inflight all 1.0.1+~1.0.0-1 [4896 B]
#10 46.06 Get:707 http://ports.ubuntu.com/ubuntu-ports noble/universe arm64 node-ssri all 9.0.1-2 [14.7 kB]
#10 46.07 Get:708 http://ports.ubuntu.com/ubuntu-ports noble/universe arm64 node-unique-filename all 1.1.1+ds-2 [3914 B]
#10 46.08 Get:709 http://ports.ubuntu.com/ubuntu-ports noble/universe arm64 node-cacache all 17.0.3+~cs10.3.7-1 [33.9 kB]
#10 46.09 Get:710 http://ports.ubuntu.com/ubuntu-ports noble/universe arm64 node-is-binary-path all 2.1.0-5 [3676 B]
#10 46.10 Get:711 http://ports.ubuntu.com/ubuntu-ports noble/universe arm64 node-path-is-absolute all 2.0.0-2 [4062 B]
#10 46.50 Get:712 http://ports.ubuntu.com/ubuntu-ports noble/universe arm64 node-set-immediate-shim all 2.0.0-2 [3696 B]
#10 46.50 Get:713 http://ports.ubuntu.com/ubuntu-ports noble/universe arm64 node-readdirp all 3.6.0-1 [11.8 kB]
#10 46.50 Get:714 http://ports.ubuntu.com/ubuntu-ports noble/universe arm64 node-chokidar all 3.6.0-2 [32.9 kB]
#10 46.50 Get:715 http://ports.ubuntu.com/ubuntu-ports noble/universe arm64 node-tslib all 2.4.1-1 [19.7 kB]
#10 46.50 Get:716 http://ports.ubuntu.com/ubuntu-ports noble/universe arm64 node-chrome-trace-event all 1.0.3-2 [6680 B]
#10 46.50 Get:717 http://ports.ubuntu.com/ubuntu-ports noble/universe arm64 node-ci-info all 4.0.0+~cs1.1.0-1build2 [11.2 kB]
#10 46.50 Get:718 http://ports.ubuntu.com/ubuntu-ports noble/universe arm64 node-colors all 1.4.0-4 [12.0 kB]
#10 46.50 Get:719 http://ports.ubuntu.com/ubuntu-ports noble/universe arm64 node-columnify all 1.6.0+~1.5.1-1 [12.7 kB]
#10 46.50 Get:720 http://ports.ubuntu.com/ubuntu-ports noble/universe arm64 node-console-control-strings all 1.1.0-3 [5616 B]
#10 46.50 Get:721 http://ports.ubuntu.com/ubuntu-ports noble/universe arm64 node-css-selector-tokenizer all 0.8.0+~cs4.8.3-1 [13.2 kB]
#10 46.53 Get:722 http://ports.ubuntu.com/ubuntu-ports noble/universe arm64 node-postcss all 8.4.31+~cs8.0.26-1 [180 kB]
#10 46.54 Get:723 http://ports.ubuntu.com/ubuntu-ports noble/universe arm64 node-icss-utils all 5.1.0+~5.1.0-1 [7176 B]
#10 46.55 Get:724 http://ports.ubuntu.com/ubuntu-ports noble/universe arm64 node-postcss-modules-extract-imports all 3.0.0-2 [6080 B]
#10 46.56 Get:725 http://ports.ubuntu.com/ubuntu-ports noble/universe arm64 node-postcss-modules-values all 4.0.0+~4.0.0-1 [6624 B]
#10 46.57 Get:726 http://ports.ubuntu.com/ubuntu-ports noble/universe arm64 node-postcss-value-parser all 4.2.0-1 [10.6 kB]
#10 46.58 Get:727 http://ports.ubuntu.com/ubuntu-ports noble/universe arm64 node-prr all 1.0.1-3 [4344 B]
#10 46.59 Get:728 http://ports.ubuntu.com/ubuntu-ports noble/universe arm64 node-errno all 1.0.0-3 [7962 B]
#10 46.60 Get:729 http://ports.ubuntu.com/ubuntu-ports noble/universe arm64 node-memory-fs all 0.5.0+~0.3.3-2 [7744 B]
#10 46.60 Get:730 http://ports.ubuntu.com/ubuntu-ports noble/universe arm64 node-tapable all 2.2.1-3 [13.8 kB]
#10 46.61 Get:731 http://ports.ubuntu.com/ubuntu-ports noble/universe arm64 node-enhanced-resolve all 5.15.0-1 [36.9 kB]
#10 46.62 Get:732 http://ports.ubuntu.com/ubuntu-ports noble/universe arm64 node-es-module-lexer all 1.1.0+dfsg-3 [20.7 kB]
#10 47.02 Get:733 http://ports.ubuntu.com/ubuntu-ports noble/universe arm64 node-events all 3.3.0+~3.0.0-3 [3084 B]
#10 47.02 Get:734 http://ports.ubuntu.com/ubuntu-ports noble/universe arm64 node-resolve-cwd all 3.0.0-2 [4216 B]
#10 47.02 Get:735 http://ports.ubuntu.com/ubuntu-ports noble/universe arm64 node-jest-debbundle all 29.6.2~ds1+~cs73.45.28-5 [55.4 kB]
#10 47.03 Get:736 http://ports.ubuntu.com/ubuntu-ports noble/universe arm64 node-interpret all 2.2.0-3 [6946 B]
#10 47.03 Get:737 http://ports.ubuntu.com/ubuntu-ports noble/universe arm64 node-merge-stream all 2.0.0+~1.1.2-2 [5178 B]
#10 47.03 Get:738 http://ports.ubuntu.com/ubuntu-ports noble/universe arm64 node-jest-worker all 29.6.2~ds1+~cs73.45.28-5 [42.4 kB]
#10 47.03 Get:739 http://ports.ubuntu.com/ubuntu-ports noble/universe arm64 node-loader-runner all 4.3.0-1 [7742 B]
#10 47.03 Get:740 http://ports.ubuntu.com/ubuntu-ports noble/universe arm64 node-mime all 3.0.0+dfsg+~cs6.97.2-1 [37.8 kB]
#10 47.03 Get:741 http://ports.ubuntu.com/ubuntu-ports noble/universe arm64 node-mime-types all 2.1.35-2 [6818 B]
#10 47.03 Get:742 http://ports.ubuntu.com/ubuntu-ports noble/universe arm64 node-rechoir all 0.8.0+~0.6.1-2 [6382 B]
#10 47.07 Get:743 http://ports.ubuntu.com/ubuntu-ports noble/universe arm64 node-schema-utils all 4.2.0~ds-3build3 [19.2 kB]
#10 47.08 Get:744 http://ports.ubuntu.com/ubuntu-ports noble/universe arm64 node-randombytes all 2.1.0+~2.0.0-2 [4812 B]
#10 47.09 Get:745 http://ports.ubuntu.com/ubuntu-ports noble/universe arm64 node-serialize-javascript all 6.0.1-1 [13.2 kB]
#10 47.10 Get:746 http://ports.ubuntu.com/ubuntu-ports noble/universe arm64 node-watchpack all 2.4.0+~cs2.8.1-1 [20.7 kB]
#10 47.11 Get:747 http://ports.ubuntu.com/ubuntu-ports noble/universe arm64 node-webassemblyjs all 1.11.4+dfsg+~cs10.11.17-2 [143 kB]
#10 47.11 Get:748 http://ports.ubuntu.com/ubuntu-ports noble/universe arm64 node-source-list-map all 2.0.1+dfsg+~0.1.2-1 [10.3 kB]
#10 47.12 Get:749 http://ports.ubuntu.com/ubuntu-ports noble/universe arm64 node-webpack-sources all 3.2.3+~3.2.0-2 [23.8 kB]
#10 47.13 Get:750 http://ports.ubuntu.com/ubuntu-ports noble/universe arm64 node-terser all 5.19.2-1 [202 kB]
#10 47.14 Get:751 http://ports.ubuntu.com/ubuntu-ports noble/universe arm64 terser all 5.19.2-1 [4266 B]
#10 47.55 Get:752 http://ports.ubuntu.com/ubuntu-ports noble/universe arm64 webpack all 5.76.1+dfsg1+~cs17.16.16-1 [726 kB]
#10 47.56 Get:753 http://ports.ubuntu.com/ubuntu-ports noble/universe arm64 node-css-loader all 6.8.1+~cs14.0.17-1 [64.0 kB]
#10 47.56 Get:754 http://ports.ubuntu.com/ubuntu-ports noble/universe arm64 node-data-uri-to-buffer all 5.0.1~0~2023071921-5 [6848 B]
#10 47.56 Get:755 http://ports.ubuntu.com/ubuntu-ports noble/universe arm64 node-mimic-response all 3.1.0-8 [5500 B]
#10 47.56 Get:756 http://ports.ubuntu.com/ubuntu-ports noble/universe arm64 node-decompress-response all 6.0.0-2 [4656 B]
#10 47.56 Get:757 http://ports.ubuntu.com/ubuntu-ports noble/universe arm64 node-diff all 5.0.0~dfsg+~5.0.1-4 [76.7 kB]
#10 47.56 Get:758 http://ports.ubuntu.com/ubuntu-ports noble/universe arm64 node-err-code all 2.0.3+dfsg-3 [4918 B]
#10 47.56 Get:759 http://ports.ubuntu.com/ubuntu-ports noble/universe arm64 node-time-stamp all 2.2.0-2 [6012 B]
#10 47.56 Get:760 http://ports.ubuntu.com/ubuntu-ports noble/universe arm64 node-fancy-log all 1.3.3+~cs1.3.1-2 [8102 B]
#10 47.56 Get:761 http://ports.ubuntu.com/ubuntu-ports noble/universe arm64 node-fetch all 3.3.2+~cs11.4.11-1 [559 kB]
#10 47.63 Get:762 http://ports.ubuntu.com/ubuntu-ports noble/universe arm64 node-has-unicode all 2.0.1-5 [3962 B]
#10 47.64 Get:763 http://ports.ubuntu.com/ubuntu-ports noble/universe arm64 node-wide-align all 1.1.3-4 [4228 B]
#10 47.65 Get:764 http://ports.ubuntu.com/ubuntu-ports noble/universe arm64 node-gauge all 4.0.4-2 [16.1 kB]
#10 47.66 Get:765 http://ports.ubuntu.com/ubuntu-ports noble/universe arm64 node-end-of-stream all 1.4.4+~1.4.1-1 [5340 B]
#10 47.66 Get:766 http://ports.ubuntu.com/ubuntu-ports noble/universe arm64 node-pump all 3.0.0-5 [5160 B]
#10 48.07 Get:767 http://ports.ubuntu.com/ubuntu-ports noble/universe arm64 node-get-stream all 6.0.1-1 [7324 B]
#10 48.08 Get:768 http://ports.ubuntu.com/ubuntu-ports noble/universe arm64 node-lowercase-keys all 2.0.0-2 [3754 B]
#10 48.08 Get:769 http://ports.ubuntu.com/ubuntu-ports noble/universe arm64 node-json-buffer all 3.0.1+~3.0.0-1 [4554 B]
#10 48.08 Get:770 http://ports.ubuntu.com/ubuntu-ports noble/universe arm64 node-p-cancelable all 2.1.1-1 [7358 B]
#10 48.08 Get:771 http://ports.ubuntu.com/ubuntu-ports noble/universe arm64 node-got all 11.8.5+~cs58.13.36-3 [122 kB]
#10 48.08 Get:772 http://ports.ubuntu.com/ubuntu-ports noble/universe arm64 node-http-proxy-agent all 7.0.0~0~2023071921-5 [8596 B]
#10 48.08 Get:773 http://ports.ubuntu.com/ubuntu-ports noble/universe arm64 node-https-proxy-agent all 7.0.1~0~2023071921-5 [11.3 kB]
#10 48.08 Get:774 http://ports.ubuntu.com/ubuntu-ports noble/universe arm64 node-ieee754 all 1.2.1-3 [5340 B]
#10 48.08 Get:775 http://ports.ubuntu.com/ubuntu-ports noble/universe arm64 node-ip all 2.0.0+~1.1.0-1ubuntu1 [8798 B]
#10 48.08 Get:776 http://ports.ubuntu.com/ubuntu-ports noble/universe arm64 node-ip-regex all 4.3.0+~4.1.1-1 [5254 B]
#10 48.11 Get:777 http://ports.ubuntu.com/ubuntu-ports noble/universe arm64 node-read-package-json all 5.0.2+~2.0.0-1 [10.8 kB]
#10 48.12 Get:778 http://ports.ubuntu.com/ubuntu-ports noble/universe arm64 node-npm-bundled all 2.0.1-2 [5924 B]
#10 48.12 Get:779 http://ports.ubuntu.com/ubuntu-ports noble/universe arm64 node-osenv all 0.1.5+~0.1.1-1 [5972 B]
#10 48.13 Get:780 http://ports.ubuntu.com/ubuntu-ports noble/universe arm64 node-validate-npm-package-name all 5.0.0+~4.0.0-1 [6492 B]
#10 48.14 Get:781 http://ports.ubuntu.com/ubuntu-ports noble/universe arm64 node-npm-package-arg all 10.0.0+~3.0.0-2 [9658 B]
#10 48.15 Get:782 http://ports.ubuntu.com/ubuntu-ports noble/universe arm64 node-retry all 0.13.1+~0.12.1-1 [11.5 kB]
#10 48.16 Get:783 http://ports.ubuntu.com/ubuntu-ports noble/universe arm64 node-promise-retry all 2.0.1-4 [5040 B]
#10 48.16 Get:784 http://ports.ubuntu.com/ubuntu-ports noble/universe arm64 node-mute-stream all 0.0.8+~0.0.1-3 [6282 B]
#10 48.17 Get:785 http://ports.ubuntu.com/ubuntu-ports noble/universe arm64 node-read all 1.0.7-5 [5426 B]
#10 48.18 Get:786 http://ports.ubuntu.com/ubuntu-ports noble/universe arm64 node-promzard all 0.3.0-2 [6888 B]
#10 48.19 Get:787 http://ports.ubuntu.com/ubuntu-ports noble/universe arm64 node-set-blocking all 2.0.0-2 [3766 B]
#10 48.20 Get:788 http://ports.ubuntu.com/ubuntu-ports noble/universe arm64 node-text-table all 0.2.0-4 [4762 B]
#10 48.60 Get:789 http://ports.ubuntu.com/ubuntu-ports noble/universe arm64 patchelf arm64 0.18.0-1.1build1 [98.1 kB]
#10 48.60 Get:790 http://ports.ubuntu.com/ubuntu-ports noble-updates/main arm64 pipewire-bin arm64 1.0.5-1ubuntu3.2 [350 kB]
#10 48.60 Get:791 http://ports.ubuntu.com/ubuntu-ports noble-updates/main arm64 pipewire arm64 1.0.5-1ubuntu3.2 [90.1 kB]
#10 48.60 Get:792 http://ports.ubuntu.com/ubuntu-ports noble/universe arm64 rpm-common arm64 4.18.2+dfsg-2.1build2 [34.7 kB]
#10 48.60 Get:793 http://ports.ubuntu.com/ubuntu-ports noble/universe arm64 rpm2cpio arm64 4.18.2+dfsg-2.1build2 [10.1 kB]
#10 48.60 Get:794 http://ports.ubuntu.com/ubuntu-ports noble/universe arm64 rpm arm64 4.18.2+dfsg-2.1build2 [162 kB]
#10 48.60 Get:795 http://ports.ubuntu.com/ubuntu-ports noble-updates/main arm64 sqlite3 arm64 3.45.1-1ubuntu2.6 [140 kB]
#10 48.61 Get:796 http://ports.ubuntu.com/ubuntu-ports noble/main arm64 tcl8.6 arm64 8.6.14+dfsg-1build1 [14.6 kB]
#10 48.63 Get:797 http://ports.ubuntu.com/ubuntu-ports noble/main arm64 tcl arm64 8.6.14build1 [4124 B]
#10 48.63 Get:798 http://ports.ubuntu.com/ubuntu-ports noble-updates/main arm64 xdg-desktop-portal arm64 1.18.4-1ubuntu2.24.04.2 [301 kB]
#10 48.64 Get:799 http://ports.ubuntu.com/ubuntu-ports noble/main arm64 xdg-desktop-portal-gtk arm64 1.15.1-1build2 [79.3 kB]
#10 48.65 Get:800 http://ports.ubuntu.com/ubuntu-ports noble/universe arm64 node-cli-table all 0.3.11+~cs0.13.4-3 [23.2 kB]
#10 48.66 Get:801 http://ports.ubuntu.com/ubuntu-ports noble/universe arm64 node-depd all 2.0.0-2 [10.5 kB]
#10 48.67 Get:802 http://ports.ubuntu.com/ubuntu-ports noble/universe arm64 node-npmlog all 7.0.1+~4.1.4-1 [9826 B]
#10 48.67 Get:803 http://ports.ubuntu.com/ubuntu-ports noble/universe arm64 node-tar all 6.1.13+~cs7.0.5-3 [51.1 kB]
#10 48.68 Get:804 http://ports.ubuntu.com/ubuntu-ports noble/universe arm64 node-gyp all 9.3.0-3 [36.1 kB]
#10 48.69 Get:805 http://ports.ubuntu.com/ubuntu-ports noble/universe arm64 node-ini all 3.0.1-2 [6480 B]
#10 48.69 Get:806 http://ports.ubuntu.com/ubuntu-ports noble/universe arm64 node-negotiator all 0.6.3+~0.6.1-1 [10.1 kB]
#10 48.70 Get:807 http://ports.ubuntu.com/ubuntu-ports noble/universe arm64 npm all 9.2.0~ds1-2 [631 kB]
#10 48.92 debconf: delaying package configuration, since apt-utils is not installed
#10 48.95 Fetched 223 MB in 39s (5707 kB/s)
#10 48.96 Selecting previously unselected package python3.12-minimal.
#10 48.96 (Reading database ... (Reading database ... 5%(Reading database ... 10%(Reading database ... 15%(Reading database ... 20%(Reading database ... 25%(Reading database ... 30%(Reading database ... 35%(Reading database ... 40%(Reading database ... 45%(Reading database ... 50%(Reading database ... 55%(Reading database ... 60%(Reading database ... 65%(Reading database ... 70%(Reading database ... 75%(Reading database ... 80%(Reading database ... 85%(Reading database ... 90%(Reading database ... 95%(Reading database ... 100%(Reading database ... 16766 files and directories currently installed.)
#10 49.00 Preparing to unpack .../python3.12-minimal_3.12.3-1ubuntu0.13_arm64.deb ...
#10 49.00 Unpacking python3.12-minimal (3.12.3-1ubuntu0.13) ...
#10 49.04 Setting up python3.12-minimal (3.12.3-1ubuntu0.13) ...
#10 49.49 Selecting previously unselected package python3-minimal.
#10 49.49 (Reading database ... (Reading database ... 5%(Reading database ... 10%(Reading database ... 15%(Reading database ... 20%(Reading database ... 25%(Reading database ... 30%(Reading database ... 35%(Reading database ... 40%(Reading database ... 45%(Reading database ... 50%(Reading database ... 55%(Reading database ... 60%(Reading database ... 65%(Reading database ... 70%(Reading database ... 75%(Reading database ... 80%(Reading database ... 85%(Reading database ... 90%(Reading database ... 95%(Reading database ... 100%(Reading database ... 16777 files and directories currently installed.)
#10 49.50 Preparing to unpack .../python3-minimal_3.12.3-0ubuntu2.1_arm64.deb ...
#10 49.50 Unpacking python3-minimal (3.12.3-0ubuntu2.1) ...
#10 49.51 Selecting previously unselected package python3.12.
#10 49.51 Preparing to unpack .../python3.12_3.12.3-1ubuntu0.13_arm64.deb ...
#10 49.51 Unpacking python3.12 (3.12.3-1ubuntu0.13) ...
#10 49.52 Selecting previously unselected package libpython3-stdlib:arm64.
#10 49.52 Preparing to unpack .../libpython3-stdlib_3.12.3-0ubuntu2.1_arm64.deb ...
#10 49.52 Unpacking libpython3-stdlib:arm64 (3.12.3-0ubuntu2.1) ...
#10 49.53 Setting up python3-minimal (3.12.3-0ubuntu2.1) ...
#10 49.61 Selecting previously unselected package python3.
#10 49.61 (Reading database ... (Reading database ... 5%(Reading database ... 10%(Reading database ... 15%(Reading database ... 20%(Reading database ... 25%(Reading database ... 30%(Reading database ... 35%(Reading database ... 40%(Reading database ... 45%(Reading database ... 50%(Reading database ... 55%(Reading database ... 60%(Reading database ... 65%(Reading database ... 70%(Reading database ... 75%(Reading database ... 80%(Reading database ... 85%(Reading database ... 90%(Reading database ... 95%(Reading database ... 100%(Reading database ... 16824 files and directories currently installed.)
#10 49.62 Preparing to unpack .../000-python3_3.12.3-0ubuntu2.1_arm64.deb ...
#10 49.62 Unpacking python3 (3.12.3-0ubuntu2.1) ...
#10 49.63 Selecting previously unselected package sgml-base.
#10 49.64 Preparing to unpack .../001-sgml-base_1.31_all.deb ...
#10 49.64 Unpacking sgml-base (1.31) ...
#10 49.65 Selecting previously unselected package libdbus-1-3:arm64.
#10 49.65 Preparing to unpack .../002-libdbus-1-3_1.14.10-4ubuntu4.1_arm64.deb ...
#10 49.66 Unpacking libdbus-1-3:arm64 (1.14.10-4ubuntu4.1) ...
#10 49.67 Selecting previously unselected package dbus-bin.
#10 49.67 Preparing to unpack .../003-dbus-bin_1.14.10-4ubuntu4.1_arm64.deb ...
#10 49.67 Unpacking dbus-bin (1.14.10-4ubuntu4.1) ...
#10 49.68 Selecting previously unselected package dbus-session-bus-common.
#10 49.68 Preparing to unpack .../004-dbus-session-bus-common_1.14.10-4ubuntu4.1_all.deb ...
#10 49.69 Unpacking dbus-session-bus-common (1.14.10-4ubuntu4.1) ...
#10 49.70 Selecting previously unselected package libapparmor1:arm64.
#10 49.70 Preparing to unpack .../005-libapparmor1_4.0.1really4.0.1-0ubuntu0.24.04.7_arm64.deb ...
#10 49.70 Unpacking libapparmor1:arm64 (4.0.1really4.0.1-0ubuntu0.24.04.7) ...
#10 49.71 Selecting previously unselected package dbus-daemon.
#10 49.71 Preparing to unpack .../006-dbus-daemon_1.14.10-4ubuntu4.1_arm64.deb ...
#10 49.71 Unpacking dbus-daemon (1.14.10-4ubuntu4.1) ...
#10 49.73 Selecting previously unselected package dbus-system-bus-common.
#10 49.73 Preparing to unpack .../007-dbus-system-bus-common_1.14.10-4ubuntu4.1_all.deb ...
#10 49.73 Unpacking dbus-system-bus-common (1.14.10-4ubuntu4.1) ...
#10 49.76 Selecting previously unselected package dbus.
#10 49.76 Preparing to unpack .../008-dbus_1.14.10-4ubuntu4.1_arm64.deb ...
#10 49.76 Unpacking dbus (1.14.10-4ubuntu4.1) ...
#10 49.77 Selecting previously unselected package libglib2.0-0t64:arm64.
#10 49.78 Preparing to unpack .../009-libglib2.0-0t64_2.80.0-6ubuntu3.8_arm64.deb ...
#10 49.78 Unpacking libglib2.0-0t64:arm64 (2.80.0-6ubuntu3.8) ...
#10 49.81 Selecting previously unselected package gir1.2-glib-2.0:arm64.
#10 49.81 Preparing to unpack .../010-gir1.2-glib-2.0_2.80.0-6ubuntu3.8_arm64.deb ...
#10 49.81 Unpacking gir1.2-glib-2.0:arm64 (2.80.0-6ubuntu3.8) ...
#10 49.83 Selecting previously unselected package iso-codes.
#10 49.83 Preparing to unpack .../011-iso-codes_4.16.0-1_all.deb ...
#10 49.83 Unpacking iso-codes (4.16.0-1) ...
#10 49.93 Selecting previously unselected package libcap2-bin.
#10 49.93 Preparing to unpack .../012-libcap2-bin_1%3a2.66-5ubuntu2.4_arm64.deb ...
#10 49.93 Unpacking libcap2-bin (1:2.66-5ubuntu2.4) ...
#10 49.94 Selecting previously unselected package libelf1t64:arm64.
#10 49.94 Preparing to unpack .../013-libelf1t64_0.190-1.1ubuntu0.1_arm64.deb ...
#10 49.94 Unpacking libelf1t64:arm64 (0.190-1.1ubuntu0.1) ...
#10 49.95 Selecting previously unselected package libfribidi0:arm64.
#10 49.95 Preparing to unpack .../014-libfribidi0_1.0.13-3build1_arm64.deb ...
#10 49.96 Unpacking libfribidi0:arm64 (1.0.13-3build1) ...
#10 49.96 Selecting previously unselected package libglib2.0-data.
#10 49.97 Preparing to unpack .../015-libglib2.0-data_2.80.0-6ubuntu3.8_all.deb ...
#10 49.97 Unpacking libglib2.0-data (2.80.0-6ubuntu3.8) ...
#10 49.98 Selecting previously unselected package libpopt0:arm64.
#10 49.98 Preparing to unpack .../016-libpopt0_1.19+dfsg-1build1_arm64.deb ...
#10 49.98 Unpacking libpopt0:arm64 (1.19+dfsg-1build1) ...
#10 49.99 Selecting previously unselected package libslang2:arm64.
#10 49.99 Preparing to unpack .../017-libslang2_2.3.3-3build2_arm64.deb ...
#10 49.99 Unpacking libslang2:arm64 (2.3.3-3build2) ...
#10 50.01 Selecting previously unselected package libtext-iconv-perl:arm64.
#10 50.01 Preparing to unpack .../018-libtext-iconv-perl_1.7-8build3_arm64.deb ...
#10 50.01 Unpacking libtext-iconv-perl:arm64 (1.7-8build3) ...
#10 50.02 Selecting previously unselected package python3-pkg-resources.
#10 50.02 Preparing to unpack .../019-python3-pkg-resources_68.1.2-2ubuntu1.2_all.deb ...
#10 50.02 Unpacking python3-pkg-resources (68.1.2-2ubuntu1.2) ...
#10 50.03 Selecting previously unselected package shared-mime-info.
#10 50.04 Preparing to unpack .../020-shared-mime-info_2.4-4_arm64.deb ...
#10 50.04 Unpacking shared-mime-info (2.4-4) ...
#10 50.05 Selecting previously unselected package xkb-data.
#10 50.05 Preparing to unpack .../021-xkb-data_2.41-2ubuntu1.1_all.deb ...
#10 50.05 Unpacking xkb-data (2.41-2ubuntu1.1) ...
#10 50.08 Selecting previously unselected package libmagic-mgc.
#10 50.08 Preparing to unpack .../022-libmagic-mgc_1%3a5.45-3build1_arm64.deb ...
#10 50.08 Unpacking libmagic-mgc (1:5.45-3build1) ...
#10 50.11 Selecting previously unselected package libmagic1t64:arm64.
#10 50.11 Preparing to unpack .../023-libmagic1t64_1%3a5.45-3build1_arm64.deb ...
#10 50.11 Unpacking libmagic1t64:arm64 (1:5.45-3build1) ...
#10 50.12 Selecting previously unselected package file.
#10 50.12 Preparing to unpack .../024-file_1%3a5.45-3build1_arm64.deb ...
#10 50.12 Unpacking file (1:5.45-3build1) ...
#10 50.13 Selecting previously unselected package libfuse3-3:arm64.
#10 50.13 Preparing to unpack .../025-libfuse3-3_3.14.0-5build1_arm64.deb ...
#10 50.13 Unpacking libfuse3-3:arm64 (3.14.0-5build1) ...
#10 50.14 Selecting previously unselected package fuse3.
#10 50.14 Preparing to unpack .../026-fuse3_3.14.0-5build1_arm64.deb ...
#10 50.14 Unpacking fuse3 (3.14.0-5build1) ...
#10 50.15 Selecting previously unselected package libdrm-common.
#10 50.15 Preparing to unpack .../027-libdrm-common_2.4.125-1ubuntu0.1~24.04.2_all.deb ...
#10 50.16 Unpacking libdrm-common (2.4.125-1ubuntu0.1~24.04.2) ...
#10 50.17 Selecting previously unselected package libdrm2:arm64.
#10 50.17 Preparing to unpack .../028-libdrm2_2.4.125-1ubuntu0.1~24.04.2_arm64.deb ...
#10 50.17 Unpacking libdrm2:arm64 (2.4.125-1ubuntu0.1~24.04.2) ...
#10 50.18 Selecting previously unselected package libevdev2:arm64.
#10 50.18 Preparing to unpack .../029-libevdev2_1.13.1+dfsg-1build1_arm64.deb ...
#10 50.18 Unpacking libevdev2:arm64 (1.13.1+dfsg-1build1) ...
#10 50.20 Preparing to unpack .../030-libnghttp2-14_1.59.0-1ubuntu0.4_arm64.deb ...
#10 50.20 Unpacking libnghttp2-14:arm64 (1.59.0-1ubuntu0.4) over (1.59.0-1ubuntu0.3) ...
#10 50.22 Selecting previously unselected package libsensors-config.
#10 50.22 Preparing to unpack .../031-libsensors-config_1%3a3.6.0-9build1_all.deb ...
#10 50.22 Unpacking libsensors-config (1:3.6.0-9build1) ...
#10 50.23 Selecting previously unselected package libsensors5:arm64.
#10 50.23 Preparing to unpack .../032-libsensors5_1%3a3.6.0-9build1_arm64.deb ...
#10 50.24 Unpacking libsensors5:arm64 (1:3.6.0-9build1) ...
#10 50.25 Selecting previously unselected package libuv1t64:arm64.
#10 50.25 Preparing to unpack .../033-libuv1t64_1.48.0-1.1build1_arm64.deb ...
#10 50.25 Unpacking libuv1t64:arm64 (1.48.0-1.1build1) ...
#10 50.26 Selecting previously unselected package libxkbcommon0:arm64.
#10 50.26 Preparing to unpack .../034-libxkbcommon0_1.6.0-1build1_arm64.deb ...
#10 50.26 Unpacking libxkbcommon0:arm64 (1.6.0-1build1) ...
#10 50.27 Selecting previously unselected package xz-utils.
#10 50.28 Preparing to unpack .../035-xz-utils_5.6.1+really5.4.5-1ubuntu0.3_arm64.deb ...
#10 50.28 Unpacking xz-utils (5.6.1+really5.4.5-1ubuntu0.3) ...
#10 50.29 Selecting previously unselected package libgdk-pixbuf2.0-common.
#10 50.29 Preparing to unpack .../036-libgdk-pixbuf2.0-common_2.42.10+dfsg-3ubuntu3.3_all.deb ...
#10 50.29 Unpacking libgdk-pixbuf2.0-common (2.42.10+dfsg-3ubuntu3.3) ...
#10 50.31 Selecting previously unselected package libgdk-pixbuf-2.0-0:arm64.
#10 50.31 Preparing to unpack .../037-libgdk-pixbuf-2.0-0_2.42.10+dfsg-3ubuntu3.3_arm64.deb ...
#10 50.31 Unpacking libgdk-pixbuf-2.0-0:arm64 (2.42.10+dfsg-3ubuntu3.3) ...
#10 50.33 Selecting previously unselected package gtk-update-icon-cache.
#10 50.33 Preparing to unpack .../038-gtk-update-icon-cache_3.24.41-4ubuntu1.3_arm64.deb ...
#10 50.33 Unpacking gtk-update-icon-cache (3.24.41-4ubuntu1.3) ...
#10 50.34 Selecting previously unselected package hicolor-icon-theme.
#10 50.34 Preparing to unpack .../039-hicolor-icon-theme_0.17-2_all.deb ...
#10 50.35 Unpacking hicolor-icon-theme (0.17-2) ...
#10 50.40 Selecting previously unselected package humanity-icon-theme.
#10 50.40 Preparing to unpack .../040-humanity-icon-theme_0.6.16_all.deb ...
#10 50.40 Unpacking humanity-icon-theme (0.6.16) ...
#10 50.67 Selecting previously unselected package ubuntu-mono.
#10 50.67 Preparing to unpack .../041-ubuntu-mono_24.04-0ubuntu1_all.deb ...
#10 50.67 Unpacking ubuntu-mono (24.04-0ubuntu1) ...
#10 50.80 Selecting previously unselected package adwaita-icon-theme.
#10 50.80 Preparing to unpack .../042-adwaita-icon-theme_46.0-1_all.deb ...
#10 50.80 Unpacking adwaita-icon-theme (46.0-1) ...
#10 50.88 Selecting previously unselected package apt-transport-https.
#10 50.88 Preparing to unpack .../043-apt-transport-https_2.8.3_all.deb ...
#10 50.88 Unpacking apt-transport-https (2.8.3) ...
#10 50.89 Selecting previously unselected package at-spi2-common.
#10 50.89 Preparing to unpack .../044-at-spi2-common_2.52.0-1build1_all.deb ...
#10 50.90 Unpacking at-spi2-common (2.52.0-1build1) ...
#10 50.91 Selecting previously unselected package bubblewrap.
#10 50.91 Preparing to unpack .../045-bubblewrap_0.9.0-1ubuntu0.1_arm64.deb ...
#10 50.91 Unpacking bubblewrap (0.9.0-1ubuntu0.1) ...
#10 50.93 Selecting previously unselected package libisl23:arm64.
#10 50.94 Preparing to unpack .../046-libisl23_0.26-3build1.1_arm64.deb ...
#10 50.94 Unpacking libisl23:arm64 (0.26-3build1.1) ...
#10 50.97 Selecting previously unselected package libmpfr6:arm64.
#10 50.97 Preparing to unpack .../047-libmpfr6_4.2.1-1build1.1_arm64.deb ...
#10 50.97 Unpacking libmpfr6:arm64 (4.2.1-1build1.1) ...
#10 50.99 Selecting previously unselected package libmpc3:arm64.
#10 50.99 Preparing to unpack .../048-libmpc3_1.3.1-1build1.1_arm64.deb ...
#10 50.99 Unpacking libmpc3:arm64 (1.3.1-1build1.1) ...
#10 51.01 Selecting previously unselected package cpp-13-aarch64-linux-gnu.
#10 51.01 Preparing to unpack .../049-cpp-13-aarch64-linux-gnu_13.3.0-6ubuntu2~24.04.1_arm64.deb ...
#10 51.01 Unpacking cpp-13-aarch64-linux-gnu (13.3.0-6ubuntu2~24.04.1) ...
#10 51.16 Selecting previously unselected package cpp-13.
#10 51.17 Preparing to unpack .../050-cpp-13_13.3.0-6ubuntu2~24.04.1_arm64.deb ...
#10 51.17 Unpacking cpp-13 (13.3.0-6ubuntu2~24.04.1) ...
#10 51.18 Selecting previously unselected package cpp-aarch64-linux-gnu.
#10 51.18 Preparing to unpack .../051-cpp-aarch64-linux-gnu_4%3a13.2.0-7ubuntu1_arm64.deb ...
#10 51.18 Unpacking cpp-aarch64-linux-gnu (4:13.2.0-7ubuntu1) ...
#10 51.20 Selecting previously unselected package cpp.
#10 51.20 Preparing to unpack .../052-cpp_4%3a13.2.0-7ubuntu1_arm64.deb ...
#10 51.21 Unpacking cpp (4:13.2.0-7ubuntu1) ...
#10 51.22 Selecting previously unselected package libcc1-0:arm64.
#10 51.22 Preparing to unpack .../053-libcc1-0_14.2.0-4ubuntu2~24.04.1_arm64.deb ...
#10 51.22 Unpacking libcc1-0:arm64 (14.2.0-4ubuntu2~24.04.1) ...
#10 51.24 Selecting previously unselected package gcc-13-aarch64-linux-gnu.
#10 51.24 Preparing to unpack .../054-gcc-13-aarch64-linux-gnu_13.3.0-6ubuntu2~24.04.1_arm64.deb ...
#10 51.24 Unpacking gcc-13-aarch64-linux-gnu (13.3.0-6ubuntu2~24.04.1) ...
#10 51.40 Selecting previously unselected package gcc-13.
#10 51.40 Preparing to unpack .../055-gcc-13_13.3.0-6ubuntu2~24.04.1_arm64.deb ...
#10 51.41 Unpacking gcc-13 (13.3.0-6ubuntu2~24.04.1) ...
#10 51.41 Selecting previously unselected package gcc-aarch64-linux-gnu.
#10 51.42 Preparing to unpack .../056-gcc-aarch64-linux-gnu_4%3a13.2.0-7ubuntu1_arm64.deb ...
#10 51.42 Unpacking gcc-aarch64-linux-gnu (4:13.2.0-7ubuntu1) ...
#10 51.43 Selecting previously unselected package gcc.
#10 51.43 Preparing to unpack .../057-gcc_4%3a13.2.0-7ubuntu1_arm64.deb ...
#10 51.43 Unpacking gcc (4:13.2.0-7ubuntu1) ...
#10 51.44 Selecting previously unselected package g++-13-aarch64-linux-gnu.
#10 51.44 Preparing to unpack .../058-g++-13-aarch64-linux-gnu_13.3.0-6ubuntu2~24.04.1_arm64.deb ...
#10 51.44 Unpacking g++-13-aarch64-linux-gnu (13.3.0-6ubuntu2~24.04.1) ...
#10 51.53 Selecting previously unselected package g++-13.
#10 51.53 Preparing to unpack .../059-g++-13_13.3.0-6ubuntu2~24.04.1_arm64.deb ...
#10 51.53 Unpacking g++-13 (13.3.0-6ubuntu2~24.04.1) ...
#10 51.54 Selecting previously unselected package g++-aarch64-linux-gnu.
#10 51.54 Preparing to unpack .../060-g++-aarch64-linux-gnu_4%3a13.2.0-7ubuntu1_arm64.deb ...
#10 51.54 Unpacking g++-aarch64-linux-gnu (4:13.2.0-7ubuntu1) ...
#10 51.55 Selecting previously unselected package g++.
#10 51.55 Preparing to unpack .../061-g++_4%3a13.2.0-7ubuntu1_arm64.deb ...
#10 51.56 Unpacking g++ (4:13.2.0-7ubuntu1) ...
#10 51.56 Selecting previously unselected package make.
#10 51.56 Preparing to unpack .../062-make_4.3-4.1build2_arm64.deb ...
#10 51.57 Unpacking make (4.3-4.1build2) ...
#10 51.57 Selecting previously unselected package libdpkg-perl.
#10 51.58 Preparing to unpack .../063-libdpkg-perl_1.22.6ubuntu6.6_all.deb ...
#10 51.58 Unpacking libdpkg-perl (1.22.6ubuntu6.6) ...
#10 51.59 Selecting previously unselected package bzip2.
#10 51.59 Preparing to unpack .../064-bzip2_1.0.8-5.1build0.1_arm64.deb ...
#10 51.59 Unpacking bzip2 (1.0.8-5.1build0.1) ...
#10 51.60 Selecting previously unselected package lto-disabled-list.
#10 51.60 Preparing to unpack .../065-lto-disabled-list_47_all.deb ...
#10 51.61 Unpacking lto-disabled-list (47) ...
#10 51.61 Selecting previously unselected package dpkg-dev.
#10 51.62 Preparing to unpack .../066-dpkg-dev_1.22.6ubuntu6.6_all.deb ...
#10 51.62 Unpacking dpkg-dev (1.22.6ubuntu6.6) ...
#10 51.63 Selecting previously unselected package build-essential.
#10 51.64 Preparing to unpack .../067-build-essential_12.10ubuntu1_arm64.deb ...
#10 51.64 Unpacking build-essential (12.10ubuntu1) ...
#10 51.65 Selecting previously unselected package curl.
#10 51.65 Preparing to unpack .../068-curl_8.5.0-2ubuntu10.10_arm64.deb ...
#10 51.65 Unpacking curl (8.5.0-2ubuntu10.10) ...
#10 51.66 Selecting previously unselected package dbus-x11.
#10 51.66 Preparing to unpack .../069-dbus-x11_1.14.10-4ubuntu4.1_arm64.deb ...
#10 51.66 Unpacking dbus-x11 (1.14.10-4ubuntu4.1) ...
#10 51.67 Selecting previously unselected package libdconf1:arm64.
#10 51.67 Preparing to unpack .../070-libdconf1_0.40.0-4ubuntu0.1_arm64.deb ...
#10 51.67 Unpacking libdconf1:arm64 (0.40.0-4ubuntu0.1) ...
#10 51.68 Selecting previously unselected package dconf-service.
#10 51.68 Preparing to unpack .../071-dconf-service_0.40.0-4ubuntu0.1_arm64.deb ...
#10 51.68 Unpacking dconf-service (0.40.0-4ubuntu0.1) ...
#10 51.69 Selecting previously unselected package dconf-gsettings-backend:arm64.
#10 51.69 Preparing to unpack .../072-dconf-gsettings-backend_0.40.0-4ubuntu0.1_arm64.deb ...
#10 51.69 Unpacking dconf-gsettings-backend:arm64 (0.40.0-4ubuntu0.1) ...
#10 51.70 Selecting previously unselected package libdw1t64:arm64.
#10 51.70 Preparing to unpack .../073-libdw1t64_0.190-1.1ubuntu0.1_arm64.deb ...
#10 51.70 Unpacking libdw1t64:arm64 (0.190-1.1ubuntu0.1) ...
#10 51.72 Selecting previously unselected package debugedit.
#10 51.72 Preparing to unpack .../074-debugedit_1%3a5.0-5build2_arm64.deb ...
#10 51.72 Unpacking debugedit (1:5.0-5build2) ...
#10 51.73 Selecting previously unselected package desktop-file-utils.
#10 51.73 Preparing to unpack .../075-desktop-file-utils_0.27-2build1_arm64.deb ...
#10 51.73 Unpacking desktop-file-utils (0.27-2build1) ...
#10 51.74 Selecting previously unselected package emacsen-common.
#10 51.74 Preparing to unpack .../076-emacsen-common_3.0.5_all.deb ...
#10 51.75 Unpacking emacsen-common (3.0.5) ...
#10 51.77 Selecting previously unselected package dictionaries-common.
#10 51.78 Preparing to unpack .../077-dictionaries-common_1.29.7_all.deb ...
#10 51.78 Adding 'diversion of /usr/share/dict/words to /usr/share/dict/words.pre-dictionaries-common by dictionaries-common'
#10 51.79 Unpacking dictionaries-common (1.29.7) ...
#10 51.81 Selecting previously unselected package node-fast-deep-equal.
#10 51.81 Preparing to unpack .../078-node-fast-deep-equal_3.1.3-3_all.deb ...
#10 51.81 Unpacking node-fast-deep-equal (3.1.3-3) ...
#10 51.82 Selecting previously unselected package node-json-schema-traverse.
#10 51.83 Preparing to unpack .../079-node-json-schema-traverse_1.0.0-3_all.deb ...
#10 51.83 Unpacking node-json-schema-traverse (1.0.0-3) ...
#10 51.88 Selecting previously unselected package node-jsonify.
#10 51.88 Preparing to unpack .../080-node-jsonify_0.0.1-1_all.deb ...
#10 51.88 Unpacking node-jsonify (0.0.1-1) ...
#10 51.89 Selecting previously unselected package node-json-stable-stringify.
#10 51.90 Preparing to unpack .../081-node-json-stable-stringify_1.0.2+repack1+~cs1.0.34-2_all.deb ...
#10 51.90 Unpacking node-json-stable-stringify (1.0.2+repack1+~cs1.0.34-2) ...
#10 51.91 Selecting previously unselected package node-punycode.
#10 51.91 Preparing to unpack .../082-node-punycode_2.2.3-2_all.deb ...
#10 51.92 Unpacking node-punycode (2.2.3-2) ...
#10 51.94 Selecting previously unselected package node-uri-js.
#10 51.94 Preparing to unpack .../083-node-uri-js_4.4.0+dfsg-8_all.deb ...
#10 51.94 Unpacking node-uri-js (4.4.0+dfsg-8) ...
#10 51.96 Selecting previously unselected package libcares2:arm64.
#10 51.96 Preparing to unpack .../084-libcares2_1.27.0-1.0ubuntu1_arm64.deb ...
#10 51.96 Unpacking libcares2:arm64 (1.27.0-1.0ubuntu1) ...
#10 51.97 Selecting previously unselected package node-xtend.
#10 51.97 Preparing to unpack .../085-node-xtend_4.0.2-3_all.deb ...
#10 51.98 Unpacking node-xtend (4.0.2-3) ...
#10 51.99 Selecting previously unselected package node-acorn.
#10 51.99 Preparing to unpack .../086-node-acorn_8.8.1+ds+~cs25.17.7-2_all.deb ...
#10 51.99 Unpacking node-acorn (8.8.1+ds+~cs25.17.7-2) ...
#10 52.01 Selecting previously unselected package node-cjs-module-lexer.
#10 52.01 Preparing to unpack .../087-node-cjs-module-lexer_1.2.3+dfsg-1_all.deb ...
#10 52.01 Unpacking node-cjs-module-lexer (1.2.3+dfsg-1) ...
#10 52.03 Selecting previously unselected package node-busboy.
#10 52.03 Preparing to unpack .../088-node-busboy_1.6.0+~cs2.6.0-2_all.deb ...
#10 52.03 Unpacking node-busboy (1.6.0+~cs2.6.0-2) ...
#10 52.06 Selecting previously unselected package node-undici.
#10 52.06 Preparing to unpack .../089-node-undici_5.26.3+dfsg1+~cs23.10.12-2_all.deb ...
#10 52.06 Unpacking node-undici (5.26.3+dfsg1+~cs23.10.12-2) ...
#10 52.13 Selecting previously unselected package libnode109:arm64.
#10 52.13 Preparing to unpack .../090-libnode109_18.19.1+dfsg-6ubuntu5_arm64.deb ...
#10 52.13 Unpacking libnode109:arm64 (18.19.1+dfsg-6ubuntu5) ...
#10 52.38 Selecting previously unselected package nodejs.
#10 52.39 Preparing to unpack .../091-nodejs_18.19.1+dfsg-6ubuntu5_arm64.deb ...
#10 52.39 Unpacking nodejs (18.19.1+dfsg-6ubuntu5) ...
#10 52.43 Selecting previously unselected package node-ajv.
#10 52.43 Preparing to unpack .../092-node-ajv_8.12.0~ds+~2.1.1-4_all.deb ...
#10 52.43 Unpacking node-ajv (8.12.0~ds+~2.1.1-4) ...
#10 52.48 Selecting previously unselected package libjs-inherits.
#10 52.48 Preparing to unpack .../093-libjs-inherits_2.0.4-6_all.deb ...
#10 52.48 Unpacking libjs-inherits (2.0.4-6) ...
#10 52.50 Selecting previously unselected package node-inherits.
#10 52.50 Preparing to unpack .../094-node-inherits_2.0.4-6_all.deb ...
#10 52.50 Unpacking node-inherits (2.0.4-6) ...
#10 52.51 Selecting previously unselected package node-core-util-is.
#10 52.51 Preparing to unpack .../095-node-core-util-is_1.0.3-1_all.deb ...
#10 52.51 Unpacking node-core-util-is (1.0.3-1) ...
#10 52.52 Selecting previously unselected package node-safe-buffer.
#10 52.52 Preparing to unpack .../096-node-safe-buffer_5.2.1+~cs2.1.2-3_all.deb ...
#10 52.53 Unpacking node-safe-buffer (5.2.1+~cs2.1.2-3) ...
#10 52.54 Selecting previously unselected package node-string-decoder.
#10 52.54 Preparing to unpack .../097-node-string-decoder_1.3.0-6_all.deb ...
#10 52.54 Unpacking node-string-decoder (1.3.0-6) ...
#10 52.55 Selecting previously unselected package node-process-nextick-args.
#10 52.55 Preparing to unpack .../098-node-process-nextick-args_2.0.1-3_all.deb ...
#10 52.55 Unpacking node-process-nextick-args (2.0.1-3) ...
#10 52.56 Selecting previously unselected package node-util-deprecate.
#10 52.57 Preparing to unpack .../099-node-util-deprecate_1.0.2-3_all.deb ...
#10 52.57 Unpacking node-util-deprecate (1.0.2-3) ...
#10 52.57 Selecting previously unselected package node-isarray.
#10 52.58 Preparing to unpack .../100-node-isarray_2.0.5-4_all.deb ...
#10 52.58 Unpacking node-isarray (2.0.5-4) ...
#10 52.58 Selecting previously unselected package node-readable-stream.
#10 52.59 Preparing to unpack .../101-node-readable-stream_3.6.0+~cs3.0.0-4build1_all.deb ...
#10 52.59 Unpacking node-readable-stream (3.6.0+~cs3.0.0-4build1) ...
#10 52.60 Selecting previously unselected package node-typedarray.
#10 52.60 Preparing to unpack .../102-node-typedarray_0.0.7-1_all.deb ...
#10 52.60 Unpacking node-typedarray (0.0.7-1) ...
#10 52.61 Selecting previously unselected package node-concat-stream.
#10 52.61 Preparing to unpack .../103-node-concat-stream_2.0.0+~2.0.0-2_all.deb ...
#10 52.61 Unpacking node-concat-stream (2.0.0+~2.0.0-2) ...
#10 52.62 Selecting previously unselected package node-ms.
#10 52.62 Preparing to unpack .../104-node-ms_2.1.3+~cs0.7.31-3_all.deb ...
#10 52.63 Unpacking node-ms (2.1.3+~cs0.7.31-3) ...
#10 52.63 Selecting previously unselected package node-debug.
#10 52.64 Preparing to unpack .../105-node-debug_4.3.4+~cs4.1.7-1_all.deb ...
#10 52.64 Unpacking node-debug (4.3.4+~cs4.1.7-1) ...
#10 52.64 Selecting previously unselected package node-esutils.
#10 52.65 Preparing to unpack .../106-node-esutils_2.0.3+~2.0.0-1_all.deb ...
#10 52.65 Unpacking node-esutils (2.0.3+~2.0.0-1) ...
#10 52.66 Selecting previously unselected package node-doctrine.
#10 52.66 Preparing to unpack .../107-node-doctrine_3.0.0-4_all.deb ...
#10 52.66 Unpacking node-doctrine (3.0.0-4) ...
#10 52.67 Selecting previously unselected package node-eslint-visitor-keys.
#10 52.67 Preparing to unpack .../108-node-eslint-visitor-keys_3.3.0+~1.0.0-1_all.deb ...
#10 52.67 Unpacking node-eslint-visitor-keys (3.3.0+~1.0.0-1) ...
#10 52.68 Selecting previously unselected package node-estraverse.
#10 52.68 Preparing to unpack .../109-node-estraverse_5.3.0+ds+~5.1.1-1_all.deb ...
#10 52.68 Unpacking node-estraverse (5.3.0+ds+~5.1.1-1) ...
#10 52.69 Selecting previously unselected package node-object-assign.
#10 52.69 Preparing to unpack .../110-node-object-assign_4.1.1-7_all.deb ...
#10 52.69 Unpacking node-object-assign (4.1.1-7) ...
#10 52.70 Selecting previously unselected package node-esrecurse.
#10 52.70 Preparing to unpack .../111-node-esrecurse_4.3.0-2_all.deb ...
#10 52.70 Unpacking node-esrecurse (4.3.0-2) ...
#10 52.72 Selecting previously unselected package node-eslint-scope.
#10 52.72 Preparing to unpack .../112-node-eslint-scope_7.1.1+~3.7.4-1_all.deb ...
#10 52.72 Unpacking node-eslint-scope (7.1.1+~3.7.4-1) ...
#10 52.73 Selecting previously unselected package node-espree.
#10 52.73 Preparing to unpack .../113-node-espree_9.4.1~dfsg-2_all.deb ...
#10 52.73 Unpacking node-espree (9.4.1~dfsg-2) ...
#10 52.74 Selecting previously unselected package node-esquery.
#10 52.74 Preparing to unpack .../114-node-esquery_1.4.2~ds-1_all.deb ...
#10 52.74 Unpacking node-esquery (1.4.2~ds-1) ...
#10 52.75 Selecting previously unselected package node-eslint-utils.
#10 52.75 Preparing to unpack .../115-node-eslint-utils_3.0.0-3_all.deb ...
#10 52.75 Unpacking node-eslint-utils (3.0.0-3) ...
#10 52.76 Selecting previously unselected package node-flatted.
#10 52.76 Preparing to unpack .../116-node-flatted_3.2.7~ds-1_all.deb ...
#10 52.76 Unpacking node-flatted (3.2.7~ds-1) ...
#10 52.77 Selecting previously unselected package node-fs.realpath.
#10 52.77 Preparing to unpack .../117-node-fs.realpath_1.0.0-3_all.deb ...
#10 52.77 Unpacking node-fs.realpath (1.0.0-3) ...
#10 52.78 Selecting previously unselected package node-wrappy.
#10 52.78 Preparing to unpack .../118-node-wrappy_1.0.2-3_all.deb ...
#10 52.78 Unpacking node-wrappy (1.0.2-3) ...
#10 52.79 Selecting previously unselected package node-once.
#10 52.79 Preparing to unpack .../119-node-once_1.4.1-1_all.deb ...
#10 52.80 Unpacking node-once (1.4.1-1) ...
#10 52.80 Selecting previously unselected package node-inflight.
#10 52.81 Preparing to unpack .../120-node-inflight_1.0.6-2_all.deb ...
#10 52.81 Unpacking node-inflight (1.0.6-2) ...
#10 52.82 Selecting previously unselected package node-balanced-match.
#10 52.82 Preparing to unpack .../121-node-balanced-match_2.0.0-1_all.deb ...
#10 52.82 Unpacking node-balanced-match (2.0.0-1) ...
#10 52.83 Selecting previously unselected package node-brace-expansion.
#10 52.83 Preparing to unpack .../122-node-brace-expansion_2.0.1+~1.1.0-1_all.deb ...
#10 52.83 Unpacking node-brace-expansion (2.0.1+~1.1.0-1) ...
#10 52.84 Selecting previously unselected package node-minimatch.
#10 52.84 Preparing to unpack .../123-node-minimatch_9.0.3-4build5_all.deb ...
#10 52.84 Unpacking node-minimatch (9.0.3-4build5) ...
#10 52.85 Selecting previously unselected package node-glob.
#10 52.85 Preparing to unpack .../124-node-glob_8.1.0+~cs8.5.15-1_all.deb ...
#10 52.86 Unpacking node-glob (8.1.0+~cs8.5.15-1) ...
#10 52.87 Selecting previously unselected package node-rimraf.
#10 52.87 Preparing to unpack .../125-node-rimraf_3.0.2-2_all.deb ...
#10 52.87 Unpacking node-rimraf (3.0.2-2) ...
#10 52.88 Selecting previously unselected package node-write.
#10 52.88 Preparing to unpack .../126-node-write_2.0.0~6.0.1+~3.0.4+~2.0.0+~1.0.0+~2.0.1-1_all.deb ...
#10 52.88 Unpacking node-write (2.0.0~6.0.1+~3.0.4+~2.0.0+~1.0.0+~2.0.1-1) ...
#10 52.90 Selecting previously unselected package node-flat-cache.
#10 52.90 Preparing to unpack .../127-node-flat-cache_3.0.4~6.0.1+~3.0.4+~2.0.0+~1.0.0+~2.0.1-1_all.deb ...
#10 52.90 Unpacking node-flat-cache (3.0.4~6.0.1+~3.0.4+~2.0.0+~1.0.0+~2.0.1-1) ...
#10 52.91 Selecting previously unselected package node-file-entry-cache.
#10 52.91 Preparing to unpack .../128-node-file-entry-cache_6.0.1+~3.0.4+~2.0.0+~1.0.0+~2.0.1-1_all.deb ...
#10 52.91 Unpacking node-file-entry-cache (6.0.1+~3.0.4+~2.0.0+~1.0.0+~2.0.1-1) ...
#10 52.92 Selecting previously unselected package node-functional-red-black-tree.
#10 52.92 Preparing to unpack .../129-node-functional-red-black-tree_1.0.1+20181105-7_all.deb ...
#10 52.92 Unpacking node-functional-red-black-tree (1.0.1+20181105-7) ...
#10 52.94 Selecting previously unselected package node-is-extglob.
#10 52.94 Preparing to unpack .../130-node-is-extglob_2.1.1-5_all.deb ...
#10 52.94 Unpacking node-is-extglob (2.1.1-5) ...
#10 52.95 Selecting previously unselected package node-is-glob.
#10 52.95 Preparing to unpack .../131-node-is-glob_4.0.3-2_all.deb ...
#10 52.95 Unpacking node-is-glob (4.0.3-2) ...
#10 52.96 Selecting previously unselected package node-path-dirname.
#10 52.96 Preparing to unpack .../132-node-path-dirname_1.0.2-2_all.deb ...
#10 52.96 Unpacking node-path-dirname (1.0.2-2) ...
#10 52.97 Selecting previously unselected package node-glob-parent.
#10 52.97 Preparing to unpack .../133-node-glob-parent_6.0.2+~5.1.1-2_all.deb ...
#10 52.97 Unpacking node-glob-parent (6.0.2+~5.1.1-2) ...
#10 52.98 Selecting previously unselected package node-globals.
#10 52.98 Preparing to unpack .../134-node-globals_13.23.0-1_all.deb ...
#10 52.98 Unpacking node-globals (13.23.0-1) ...
#10 52.99 Selecting previously unselected package node-resolve-from.
#10 52.99 Preparing to unpack .../135-node-resolve-from_5.0.0+~3.1.0+~3.3.0+~2.0.0-1_all.deb ...
#10 52.99 Unpacking node-resolve-from (5.0.0+~3.1.0+~3.3.0+~2.0.0-1) ...
#10 53.00 Selecting previously unselected package node-imurmurhash.
#10 53.00 Preparing to unpack .../136-node-imurmurhash_0.1.4+dfsg+~0.1.1-2_all.deb ...
#10 53.00 Unpacking node-imurmurhash (0.1.4+dfsg+~0.1.1-2) ...
#10 53.01 Selecting previously unselected package node-ignore.
#10 53.01 Preparing to unpack .../137-node-ignore_5.2.1-1_all.deb ...
#10 53.01 Unpacking node-ignore (5.2.1-1) ...
#10 53.02 Selecting previously unselected package node-prelude-ls.
#10 53.02 Preparing to unpack .../138-node-prelude-ls_1.2.1+dfsg-3_all.deb ...
#10 53.02 Unpacking node-prelude-ls (1.2.1+dfsg-3) ...
#10 53.03 Selecting previously unselected package node-type-check.
#10 53.03 Preparing to unpack .../139-node-type-check_0.4.0+dfsg-3_all.deb ...
#10 53.03 Unpacking node-type-check (0.4.0+dfsg-3) ...
#10 53.04 Selecting previously unselected package node-levn.
#10 53.04 Preparing to unpack .../140-node-levn_0.4.1+dfsg-2_all.deb ...
#10 53.04 Unpacking node-levn (0.4.1+dfsg-2) ...
#10 53.05 Selecting previously unselected package node-lodash.
#10 53.05 Preparing to unpack .../141-node-lodash_4.17.21+dfsg+~cs8.31.198.20210220-9_all.deb ...
#10 53.05 Unpacking node-lodash (4.17.21+dfsg+~cs8.31.198.20210220-9) ...
#10 53.13 Selecting previously unselected package node-memfs.
#10 53.13 Preparing to unpack .../142-node-memfs_3.4.12+~cs1.0.3-1_all.deb ...
#10 53.13 Unpacking node-memfs (3.4.12+~cs1.0.3-1) ...
#10 53.14 Selecting previously unselected package node-mkdirp.
#10 53.15 Preparing to unpack .../143-node-mkdirp_1.0.4+~1.0.2-4_all.deb ...
#10 53.15 Unpacking node-mkdirp (1.0.4+~1.0.2-4) ...
#10 53.16 Selecting previously unselected package node-deep-is.
#10 53.16 Preparing to unpack .../144-node-deep-is_0.1.4-1_all.deb ...
#10 53.16 Unpacking node-deep-is (0.1.4-1) ...
#10 53.17 Selecting previously unselected package node-fast-levenshtein.
#10 53.17 Preparing to unpack .../145-node-fast-levenshtein_2.0.6+ds-3_all.deb ...
#10 53.17 Unpacking node-fast-levenshtein (2.0.6+ds-3) ...
#10 53.18 Selecting previously unselected package node-optionator.
#10 53.18 Preparing to unpack .../146-node-optionator_0.9.1+dfsg+~cs1.2.3-1_all.deb ...
#10 53.18 Unpacking node-optionator (0.9.1+dfsg+~cs1.2.3-1) ...
#10 53.19 Selecting previously unselected package node-progress.
#10 53.19 Preparing to unpack .../147-node-progress_2.0.3-2_all.deb ...
#10 53.19 Unpacking node-progress (2.0.3-2) ...
#10 53.20 Selecting previously unselected package libjs-regenerate.
#10 53.20 Preparing to unpack .../148-libjs-regenerate_1.4.2-3_all.deb ...
#10 53.20 Unpacking libjs-regenerate (1.4.2-3) ...
#10 53.21 Selecting previously unselected package node-regenerate.
#10 53.21 Preparing to unpack .../149-node-regenerate_1.4.2-3_all.deb ...
#10 53.21 Unpacking node-regenerate (1.4.2-3) ...
#10 53.22 Selecting previously unselected package node-regenerate-unicode-properties.
#10 53.22 Preparing to unpack .../150-node-regenerate-unicode-properties_10.1.0+ds-1_all.deb ...
#10 53.22 Unpacking node-regenerate-unicode-properties (10.1.0+ds-1) ...
#10 53.25 Selecting previously unselected package node-regexpp.
#10 53.25 Preparing to unpack .../151-node-regexpp_3.2.0-5_all.deb ...
#10 53.25 Unpacking node-regexpp (3.2.0-5) ...
#10 53.26 Selecting previously unselected package node-yallist.
#10 53.26 Preparing to unpack .../152-node-yallist_4.0.0+~4.0.1-1_all.deb ...
#10 53.26 Unpacking node-yallist (4.0.0+~4.0.1-1) ...
#10 53.27 Selecting previously unselected package node-lru-cache.
#10 53.27 Preparing to unpack .../153-node-lru-cache_7.14.1-1_all.deb ...
#10 53.27 Unpacking node-lru-cache (7.14.1-1) ...
#10 53.28 Selecting previously unselected package node-semver.
#10 53.28 Preparing to unpack .../154-node-semver_7.5.4+~7.5.0-2_all.deb ...
#10 53.28 Unpacking node-semver (7.5.4+~7.5.0-2) ...
#10 53.29 Selecting previously unselected package node-strip-json-comments.
#10 53.29 Preparing to unpack .../155-node-strip-json-comments_4.0.0-4_all.deb ...
#10 53.29 Unpacking node-strip-json-comments (4.0.0-4) ...
#10 53.30 Selecting previously unselected package node-json-schema.
#10 53.30 Preparing to unpack .../156-node-json-schema_0.4.0+~7.0.11-1_all.deb ...
#10 53.30 Unpacking node-json-schema (0.4.0+~7.0.11-1) ...
#10 53.31 Selecting previously unselected package node-v8-compile-cache.
#10 53.31 Preparing to unpack .../157-node-v8-compile-cache_2.4.0-2_all.deb ...
#10 53.31 Unpacking node-v8-compile-cache (2.4.0-2) ...
#10 53.32 Selecting previously unselected package eslint.
#10 53.32 Preparing to unpack .../158-eslint_6.4.0~dfsg+~6.1.9-11build3_all.deb ...
#10 53.32 Unpacking eslint (6.4.0~dfsg+~6.1.9-11build3) ...
#10 53.35 Selecting previously unselected package libfakeroot:arm64.
#10 53.36 Preparing to unpack .../159-libfakeroot_1.33-1_arm64.deb ...
#10 53.36 Unpacking libfakeroot:arm64 (1.33-1) ...
#10 53.37 Selecting previously unselected package fakeroot.
#10 53.37 Preparing to unpack .../160-fakeroot_1.33-1_arm64.deb ...
#10 53.37 Unpacking fakeroot (1.33-1) ...
#10 53.38 Selecting previously unselected package fontconfig.
#10 53.38 Preparing to unpack .../161-fontconfig_2.15.0-1.1ubuntu2_arm64.deb ...
#10 53.39 Unpacking fontconfig (2.15.0-1.1ubuntu2) ...
#10 53.40 Selecting previously unselected package libatk1.0-0t64:arm64.
#10 53.40 Preparing to unpack .../162-libatk1.0-0t64_2.52.0-1build1_arm64.deb ...
#10 53.40 Unpacking libatk1.0-0t64:arm64 (2.52.0-1build1) ...
#10 53.41 Selecting previously unselected package gir1.2-atk-1.0:arm64.
#10 53.42 Preparing to unpack .../163-gir1.2-atk-1.0_2.52.0-1build1_arm64.deb ...
#10 53.42 Unpacking gir1.2-atk-1.0:arm64 (2.52.0-1build1) ...
#10 53.43 Selecting previously unselected package libpixman-1-0:arm64.
#10 53.43 Preparing to unpack .../164-libpixman-1-0_0.42.2-1build1_arm64.deb ...
#10 53.43 Unpacking libpixman-1-0:arm64 (0.42.2-1build1) ...
#10 53.44 Selecting previously unselected package libxcb-render0:arm64.
#10 53.44 Preparing to unpack .../165-libxcb-render0_1.15-1ubuntu2_arm64.deb ...
#10 53.44 Unpacking libxcb-render0:arm64 (1.15-1ubuntu2) ...
#10 53.46 Selecting previously unselected package libxcb-shm0:arm64.
#10 53.46 Preparing to unpack .../166-libxcb-shm0_1.15-1ubuntu2_arm64.deb ...
#10 53.46 Unpacking libxcb-shm0:arm64 (1.15-1ubuntu2) ...
#10 53.47 Selecting previously unselected package libxrender1:arm64.
#10 53.47 Preparing to unpack .../167-libxrender1_1%3a0.9.10-1.1build1_arm64.deb ...
#10 53.47 Unpacking libxrender1:arm64 (1:0.9.10-1.1build1) ...
#10 53.48 Selecting previously unselected package libcairo2:arm64.
#10 53.48 Preparing to unpack .../168-libcairo2_1.18.0-3build1_arm64.deb ...
#10 53.49 Unpacking libcairo2:arm64 (1.18.0-3build1) ...
#10 53.50 Selecting previously unselected package libcairo-gobject2:arm64.
#10 53.50 Preparing to unpack .../169-libcairo-gobject2_1.18.0-3build1_arm64.deb ...
#10 53.50 Unpacking libcairo-gobject2:arm64 (1.18.0-3build1) ...
#10 53.51 Selecting previously unselected package gir1.2-freedesktop:arm64.
#10 53.51 Preparing to unpack .../170-gir1.2-freedesktop_1.80.1-1_arm64.deb ...
#10 53.51 Unpacking gir1.2-freedesktop:arm64 (1.80.1-1) ...
#10 53.52 Selecting previously unselected package libxi6:arm64.
#10 53.52 Preparing to unpack .../171-libxi6_2%3a1.8.1-1build1_arm64.deb ...
#10 53.52 Unpacking libxi6:arm64 (2:1.8.1-1build1) ...
#10 53.53 Selecting previously unselected package libatspi2.0-0t64:arm64.
#10 53.53 Preparing to unpack .../172-libatspi2.0-0t64_2.52.0-1build1_arm64.deb ...
#10 53.54 Unpacking libatspi2.0-0t64:arm64 (2.52.0-1build1) ...
#10 53.55 Selecting previously unselected package gir1.2-atspi-2.0:arm64.
#10 53.55 Preparing to unpack .../173-gir1.2-atspi-2.0_2.52.0-1build1_arm64.deb ...
#10 53.55 Unpacking gir1.2-atspi-2.0:arm64 (2.52.0-1build1) ...
#10 53.56 Selecting previously unselected package gir1.2-gdkpixbuf-2.0:arm64.
#10 53.56 Preparing to unpack .../174-gir1.2-gdkpixbuf-2.0_2.42.10+dfsg-3ubuntu3.3_arm64.deb ...
#10 53.56 Unpacking gir1.2-gdkpixbuf-2.0:arm64 (2.42.10+dfsg-3ubuntu3.3) ...
#10 53.57 Selecting previously unselected package libgraphite2-3:arm64.
#10 53.57 Preparing to unpack .../175-libgraphite2-3_1.3.14-2ubuntu0.24.04.1_arm64.deb ...
#10 53.57 Unpacking libgraphite2-3:arm64 (1.3.14-2ubuntu0.24.04.1) ...
#10 53.58 Selecting previously unselected package libharfbuzz0b:arm64.
#10 53.58 Preparing to unpack .../176-libharfbuzz0b_8.3.0-2build2_arm64.deb ...
#10 53.58 Unpacking libharfbuzz0b:arm64 (8.3.0-2build2) ...
#10 53.59 Selecting previously unselected package libharfbuzz-gobject0:arm64.
#10 53.60 Preparing to unpack .../177-libharfbuzz-gobject0_8.3.0-2build2_arm64.deb ...
#10 53.60 Unpacking libharfbuzz-gobject0:arm64 (8.3.0-2build2) ...
#10 53.61 Selecting previously unselected package gir1.2-harfbuzz-0.0:arm64.
#10 53.61 Preparing to unpack .../178-gir1.2-harfbuzz-0.0_8.3.0-2build2_arm64.deb ...
#10 53.61 Unpacking gir1.2-harfbuzz-0.0:arm64 (8.3.0-2build2) ...
#10 53.62 Selecting previously unselected package libthai-data.
#10 53.62 Preparing to unpack .../179-libthai-data_0.1.29-2build1_all.deb ...
#10 53.62 Unpacking libthai-data (0.1.29-2build1) ...
#10 53.63 Selecting previously unselected package libdatrie1:arm64.
#10 53.63 Preparing to unpack .../180-libdatrie1_0.2.13-3build1_arm64.deb ...
#10 53.63 Unpacking libdatrie1:arm64 (0.2.13-3build1) ...
#10 53.64 Selecting previously unselected package libthai0:arm64.
#10 53.65 Preparing to unpack .../181-libthai0_0.1.29-2build1_arm64.deb ...
#10 53.65 Unpacking libthai0:arm64 (0.1.29-2build1) ...
#10 53.66 Selecting previously unselected package libpango-1.0-0:arm64.
#10 53.66 Preparing to unpack .../182-libpango-1.0-0_1.52.1+ds-1build1_arm64.deb ...
#10 53.66 Unpacking libpango-1.0-0:arm64 (1.52.1+ds-1build1) ...
#10 53.67 Selecting previously unselected package libpangoft2-1.0-0:arm64.
#10 53.67 Preparing to unpack .../183-libpangoft2-1.0-0_1.52.1+ds-1build1_arm64.deb ...
#10 53.68 Unpacking libpangoft2-1.0-0:arm64 (1.52.1+ds-1build1) ...
#10 53.69 Selecting previously unselected package libpangocairo-1.0-0:arm64.
#10 53.69 Preparing to unpack .../184-libpangocairo-1.0-0_1.52.1+ds-1build1_arm64.deb ...
#10 53.69 Unpacking libpangocairo-1.0-0:arm64 (1.52.1+ds-1build1) ...
#10 53.70 Selecting previously unselected package libxft2:arm64.
#10 53.70 Preparing to unpack .../185-libxft2_2.3.6-1build1_arm64.deb ...
#10 53.70 Unpacking libxft2:arm64 (2.3.6-1build1) ...
#10 53.71 Selecting previously unselected package libpangoxft-1.0-0:arm64.
#10 53.71 Preparing to unpack .../186-libpangoxft-1.0-0_1.52.1+ds-1build1_arm64.deb ...
#10 53.71 Unpacking libpangoxft-1.0-0:arm64 (1.52.1+ds-1build1) ...
#10 53.72 Selecting previously unselected package gir1.2-pango-1.0:arm64.
#10 53.72 Preparing to unpack .../187-gir1.2-pango-1.0_1.52.1+ds-1build1_arm64.deb ...
#10 53.72 Unpacking gir1.2-pango-1.0:arm64 (1.52.1+ds-1build1) ...
#10 53.74 Selecting previously unselected package libatk-bridge2.0-0t64:arm64.
#10 53.74 Preparing to unpack .../188-libatk-bridge2.0-0t64_2.52.0-1build1_arm64.deb ...
#10 53.74 Unpacking libatk-bridge2.0-0t64:arm64 (2.52.0-1build1) ...
#10 53.75 Selecting previously unselected package liblcms2-2:arm64.
#10 53.75 Preparing to unpack .../189-liblcms2-2_2.14-2ubuntu0.1_arm64.deb ...
#10 53.75 Unpacking liblcms2-2:arm64 (2.14-2ubuntu0.1) ...
#10 53.76 Selecting previously unselected package libcolord2:arm64.
#10 53.76 Preparing to unpack .../190-libcolord2_1.4.7-1build2_arm64.deb ...
#10 53.76 Unpacking libcolord2:arm64 (1.4.7-1build2) ...
#10 53.77 Selecting previously unselected package libavahi-common-data:arm64.
#10 53.78 Preparing to unpack .../191-libavahi-common-data_0.8-13ubuntu6.2_arm64.deb ...
#10 53.78 Unpacking libavahi-common-data:arm64 (0.8-13ubuntu6.2) ...
#10 53.79 Selecting previously unselected package libavahi-common3:arm64.
#10 53.79 Preparing to unpack .../192-libavahi-common3_0.8-13ubuntu6.2_arm64.deb ...
#10 53.79 Unpacking libavahi-common3:arm64 (0.8-13ubuntu6.2) ...
#10 53.80 Selecting previously unselected package libavahi-client3:arm64.
#10 53.80 Preparing to unpack .../193-libavahi-client3_0.8-13ubuntu6.2_arm64.deb ...
#10 53.80 Unpacking libavahi-client3:arm64 (0.8-13ubuntu6.2) ...
#10 53.81 Selecting previously unselected package libcups2t64:arm64.
#10 53.82 Preparing to unpack .../194-libcups2t64_2.4.7-1.2ubuntu7.14_arm64.deb ...
#10 53.82 Unpacking libcups2t64:arm64 (2.4.7-1.2ubuntu7.14) ...
#10 53.83 Selecting previously unselected package libepoxy0:arm64.
#10 53.83 Preparing to unpack .../195-libepoxy0_1.5.10-1build1_arm64.deb ...
#10 53.83 Unpacking libepoxy0:arm64 (1.5.10-1build1) ...
#10 53.84 Selecting previously unselected package libwayland-client0:arm64.
#10 53.84 Preparing to unpack .../196-libwayland-client0_1.22.0-2.1build1_arm64.deb ...
#10 53.85 Unpacking libwayland-client0:arm64 (1.22.0-2.1build1) ...
#10 53.86 Selecting previously unselected package libwayland-cursor0:arm64.
#10 53.86 Preparing to unpack .../197-libwayland-cursor0_1.22.0-2.1build1_arm64.deb ...
#10 53.86 Unpacking libwayland-cursor0:arm64 (1.22.0-2.1build1) ...
#10 53.87 Selecting previously unselected package libwayland-egl1:arm64.
#10 53.87 Preparing to unpack .../198-libwayland-egl1_1.22.0-2.1build1_arm64.deb ...
#10 53.87 Unpacking libwayland-egl1:arm64 (1.22.0-2.1build1) ...
#10 53.88 Selecting previously unselected package libxcomposite1:arm64.
#10 53.88 Preparing to unpack .../199-libxcomposite1_1%3a0.4.5-1build3_arm64.deb ...
#10 53.89 Unpacking libxcomposite1:arm64 (1:0.4.5-1build3) ...
#10 53.89 Selecting previously unselected package libxfixes3:arm64.
#10 53.90 Preparing to unpack .../200-libxfixes3_1%3a6.0.0-2build1_arm64.deb ...
#10 53.90 Unpacking libxfixes3:arm64 (1:6.0.0-2build1) ...
#10 53.91 Selecting previously unselected package libxcursor1:arm64.
#10 53.91 Preparing to unpack .../201-libxcursor1_1%3a1.2.1-1build1_arm64.deb ...
#10 53.91 Unpacking libxcursor1:arm64 (1:1.2.1-1build1) ...
#10 53.92 Selecting previously unselected package libxdamage1:arm64.
#10 53.92 Preparing to unpack .../202-libxdamage1_1%3a1.1.6-1build1_arm64.deb ...
#10 53.92 Unpacking libxdamage1:arm64 (1:1.1.6-1build1) ...
#10 53.93 Selecting previously unselected package libxinerama1:arm64.
#10 53.93 Preparing to unpack .../203-libxinerama1_2%3a1.1.4-3build1_arm64.deb ...
#10 53.94 Unpacking libxinerama1:arm64 (2:1.1.4-3build1) ...
#10 53.94 Selecting previously unselected package libxrandr2:arm64.
#10 53.95 Preparing to unpack .../204-libxrandr2_2%3a1.5.2-2build1_arm64.deb ...
#10 53.95 Unpacking libxrandr2:arm64 (2:1.5.2-2build1) ...
#10 53.96 Selecting previously unselected package libgtk-3-common.
#10 53.96 Preparing to unpack .../205-libgtk-3-common_3.24.41-4ubuntu1.3_all.deb ...
#10 53.96 Unpacking libgtk-3-common (3.24.41-4ubuntu1.3) ...
#10 53.98 Selecting previously unselected package libgtk-3-0t64:arm64.
#10 53.99 Preparing to unpack .../206-libgtk-3-0t64_3.24.41-4ubuntu1.3_arm64.deb ...
#10 53.99 Unpacking libgtk-3-0t64:arm64 (3.24.41-4ubuntu1.3) ...
#10 54.03 Selecting previously unselected package gir1.2-gtk-3.0:arm64.
#10 54.03 Preparing to unpack .../207-gir1.2-gtk-3.0_3.24.41-4ubuntu1.3_arm64.deb ...
#10 54.03 Unpacking gir1.2-gtk-3.0:arm64 (3.24.41-4ubuntu1.3) ...
#10 54.05 Selecting previously unselected package libayatana-ido3-0.4-0:arm64.
#10 54.05 Preparing to unpack .../208-libayatana-ido3-0.4-0_0.10.1-1build2_arm64.deb ...
#10 54.05 Unpacking libayatana-ido3-0.4-0:arm64 (0.10.1-1build2) ...
#10 54.07 Selecting previously unselected package libayatana-indicator3-7:arm64.
#10 54.07 Preparing to unpack .../209-libayatana-indicator3-7_0.9.4-1build1_arm64.deb ...
#10 54.07 Unpacking libayatana-indicator3-7:arm64 (0.9.4-1build1) ...
#10 54.08 Selecting previously unselected package libdbusmenu-glib4:arm64.
#10 54.09 Preparing to unpack .../210-libdbusmenu-glib4_18.10.20180917~bzr492+repack1-3.1ubuntu5_arm64.deb ...
#10 54.09 Unpacking libdbusmenu-glib4:arm64 (18.10.20180917~bzr492+repack1-3.1ubuntu5) ...
#10 54.10 Selecting previously unselected package libdbusmenu-gtk3-4:arm64.
#10 54.10 Preparing to unpack .../211-libdbusmenu-gtk3-4_18.10.20180917~bzr492+repack1-3.1ubuntu5_arm64.deb ...
#10 54.10 Unpacking libdbusmenu-gtk3-4:arm64 (18.10.20180917~bzr492+repack1-3.1ubuntu5) ...
#10 54.11 Selecting previously unselected package libayatana-appindicator3-1.
#10 54.11 Preparing to unpack .../212-libayatana-appindicator3-1_0.5.93-1build3_arm64.deb ...
#10 54.11 Unpacking libayatana-appindicator3-1 (0.5.93-1build3) ...
#10 54.12 Selecting previously unselected package gir1.2-ayatanaappindicator3-0.1.
#10 54.13 Preparing to unpack .../213-gir1.2-ayatanaappindicator3-0.1_0.5.93-1build3_arm64.deb ...
#10 54.13 Unpacking gir1.2-ayatanaappindicator3-0.1 (0.5.93-1build3) ...
#10 54.14 Selecting previously unselected package gir1.2-ayatanaido3-0.4:arm64.
#10 54.14 Preparing to unpack .../214-gir1.2-ayatanaido3-0.4_0.10.1-1build2_arm64.deb ...
#10 54.14 Unpacking gir1.2-ayatanaido3-0.4:arm64 (0.10.1-1build2) ...
#10 54.15 Selecting previously unselected package gir1.2-dbusmenu-glib-0.4:arm64.
#10 54.15 Preparing to unpack .../215-gir1.2-dbusmenu-glib-0.4_18.10.20180917~bzr492+repack1-3.1ubuntu5_arm64.deb ...
#10 54.15 Unpacking gir1.2-dbusmenu-glib-0.4:arm64 (18.10.20180917~bzr492+repack1-3.1ubuntu5) ...
#10 54.16 Selecting previously unselected package gir1.2-glib-2.0-dev:arm64.
#10 54.17 Preparing to unpack .../216-gir1.2-glib-2.0-dev_2.80.0-6ubuntu3.8_arm64.deb ...
#10 54.17 Unpacking gir1.2-glib-2.0-dev:arm64 (2.80.0-6ubuntu3.8) ...
#10 54.20 Selecting previously unselected package gir1.2-freedesktop-dev:arm64.
#10 54.20 Preparing to unpack .../217-gir1.2-freedesktop-dev_1.80.1-1_arm64.deb ...
#10 54.20 Unpacking gir1.2-freedesktop-dev:arm64 (1.80.1-1) ...
#10 54.21 Selecting previously unselected package libjavascriptcoregtk-4.1-0:arm64.
#10 54.22 Preparing to unpack .../218-libjavascriptcoregtk-4.1-0_2.52.3-0ubuntu0.24.04.1_arm64.deb ...
#10 54.22 Unpacking libjavascriptcoregtk-4.1-0:arm64 (2.52.3-0ubuntu0.24.04.1) ...
#10 54.30 Selecting previously unselected package gir1.2-javascriptcoregtk-4.1:arm64.
#10 54.30 Preparing to unpack .../219-gir1.2-javascriptcoregtk-4.1_2.52.3-0ubuntu0.24.04.1_arm64.deb ...
#10 54.30 Unpacking gir1.2-javascriptcoregtk-4.1:arm64 (2.52.3-0ubuntu0.24.04.1) ...
#10 54.31 Selecting previously unselected package libsecret-common.
#10 54.31 Preparing to unpack .../220-libsecret-common_0.21.4-1build3_all.deb ...
#10 54.31 Unpacking libsecret-common (0.21.4-1build3) ...
#10 54.32 Selecting previously unselected package libsecret-1-0:arm64.
#10 54.32 Preparing to unpack .../221-libsecret-1-0_0.21.4-1build3_arm64.deb ...
#10 54.32 Unpacking libsecret-1-0:arm64 (0.21.4-1build3) ...
#10 54.33 Selecting previously unselected package gir1.2-secret-1:arm64.
#10 54.34 Preparing to unpack .../222-gir1.2-secret-1_0.21.4-1build3_arm64.deb ...
#10 54.34 Unpacking gir1.2-secret-1:arm64 (0.21.4-1build3) ...
#10 54.35 Selecting previously unselected package libduktape207:arm64.
#10 54.35 Preparing to unpack .../223-libduktape207_2.7.0+tests-0ubuntu3_arm64.deb ...
#10 54.35 Unpacking libduktape207:arm64 (2.7.0+tests-0ubuntu3) ...
#10 54.36 Selecting previously unselected package libproxy1v5:arm64.
#10 54.36 Preparing to unpack .../224-libproxy1v5_0.5.4-4build1_arm64.deb ...
#10 54.36 Unpacking libproxy1v5:arm64 (0.5.4-4build1) ...
#10 54.37 Selecting previously unselected package glib-networking-common.
#10 54.38 Preparing to unpack .../225-glib-networking-common_2.80.0-1build1_all.deb ...
#10 54.38 Unpacking glib-networking-common (2.80.0-1build1) ...
#10 54.39 Selecting previously unselected package glib-networking-services.
#10 54.39 Preparing to unpack .../226-glib-networking-services_2.80.0-1build1_arm64.deb ...
#10 54.39 Unpacking glib-networking-services (2.80.0-1build1) ...
#10 54.41 Selecting previously unselected package session-migration.
#10 54.41 Preparing to unpack .../227-session-migration_0.3.9build1_arm64.deb ...
#10 54.41 Unpacking session-migration (0.3.9build1) ...
#10 54.43 Selecting previously unselected package gsettings-desktop-schemas.
#10 54.43 Preparing to unpack .../228-gsettings-desktop-schemas_46.1-0ubuntu1_all.deb ...
#10 54.43 Unpacking gsettings-desktop-schemas (46.1-0ubuntu1) ...
#10 54.44 Selecting previously unselected package glib-networking:arm64.
#10 54.45 Preparing to unpack .../229-glib-networking_2.80.0-1build1_arm64.deb ...
#10 54.45 Unpacking glib-networking:arm64 (2.80.0-1build1) ...
#10 54.46 Selecting previously unselected package libsoup-3.0-common.
#10 54.46 Preparing to unpack .../230-libsoup-3.0-common_3.4.4-5ubuntu0.7_all.deb ...
#10 54.46 Unpacking libsoup-3.0-common (3.4.4-5ubuntu0.7) ...
#10 54.47 Selecting previously unselected package libsoup-3.0-0:arm64.
#10 54.47 Preparing to unpack .../231-libsoup-3.0-0_3.4.4-5ubuntu0.7_arm64.deb ...
#10 54.47 Unpacking libsoup-3.0-0:arm64 (3.4.4-5ubuntu0.7) ...
#10 54.48 Selecting previously unselected package gir1.2-soup-3.0:arm64.
#10 54.49 Preparing to unpack .../232-gir1.2-soup-3.0_3.4.4-5ubuntu0.7_arm64.deb ...
#10 54.49 Unpacking gir1.2-soup-3.0:arm64 (3.4.4-5ubuntu0.7) ...
#10 54.50 Selecting previously unselected package libcdparanoia0:arm64.
#10 54.50 Preparing to unpack .../233-libcdparanoia0_3.10.2+debian-14build3_arm64.deb ...
#10 54.50 Unpacking libcdparanoia0:arm64 (3.10.2+debian-14build3) ...
#10 54.51 Selecting previously unselected package libunwind8:arm64.
#10 54.51 Preparing to unpack .../234-libunwind8_1.6.2-3build1.1_arm64.deb ...
#10 54.51 Unpacking libunwind8:arm64 (1.6.2-3build1.1) ...
#10 54.53 Selecting previously unselected package libgstreamer1.0-0:arm64.
#10 54.53 Preparing to unpack .../235-libgstreamer1.0-0_1.24.2-1ubuntu0.1_arm64.deb ...
#10 54.53 Unpacking libgstreamer1.0-0:arm64 (1.24.2-1ubuntu0.1) ...
#10 54.55 Selecting previously unselected package liborc-0.4-0t64:arm64.
#10 54.55 Preparing to unpack .../236-liborc-0.4-0t64_1%3a0.4.38-1ubuntu0.1_arm64.deb ...
#10 54.56 Unpacking liborc-0.4-0t64:arm64 (1:0.4.38-1ubuntu0.1) ...
#10 54.57 Selecting previously unselected package libgstreamer-plugins-base1.0-0:arm64.
#10 54.57 Preparing to unpack .../237-libgstreamer-plugins-base1.0-0_1.24.2-1ubuntu0.4_arm64.deb ...
#10 54.57 Unpacking libgstreamer-plugins-base1.0-0:arm64 (1.24.2-1ubuntu0.4) ...
#10 54.59 Selecting previously unselected package libogg0:arm64.
#10 54.59 Preparing to unpack .../238-libogg0_1.3.5-3build1_arm64.deb ...
#10 54.59 Unpacking libogg0:arm64 (1.3.5-3build1) ...
#10 54.60 Selecting previously unselected package libopus0:arm64.
#10 54.60 Preparing to unpack .../239-libopus0_1.4-1build1_arm64.deb ...
#10 54.60 Unpacking libopus0:arm64 (1.4-1build1) ...
#10 54.61 Selecting previously unselected package libtheora0:arm64.
#10 54.62 Preparing to unpack .../240-libtheora0_1.1.1+dfsg.1-16.1build3_arm64.deb ...
#10 54.62 Unpacking libtheora0:arm64 (1.1.1+dfsg.1-16.1build3) ...
#10 54.63 Selecting previously unselected package libvisual-0.4-0:arm64.
#10 54.63 Preparing to unpack .../241-libvisual-0.4-0_0.4.2-2build1_arm64.deb ...
#10 54.63 Unpacking libvisual-0.4-0:arm64 (0.4.2-2build1) ...
#10 54.64 Selecting previously unselected package libvorbis0a:arm64.
#10 54.65 Preparing to unpack .../242-libvorbis0a_1.3.7-1build3_arm64.deb ...
#10 54.65 Unpacking libvorbis0a:arm64 (1.3.7-1build3) ...
#10 54.66 Selecting previously unselected package libvorbisenc2:arm64.
#10 54.66 Preparing to unpack .../243-libvorbisenc2_1.3.7-1build3_arm64.deb ...
#10 54.66 Unpacking libvorbisenc2:arm64 (1.3.7-1build3) ...
#10 54.67 Selecting previously unselected package gstreamer1.0-plugins-base:arm64.
#10 54.67 Preparing to unpack .../244-gstreamer1.0-plugins-base_1.24.2-1ubuntu0.4_arm64.deb ...
#10 54.67 Unpacking gstreamer1.0-plugins-base:arm64 (1.24.2-1ubuntu0.4) ...
#10 54.69 Selecting previously unselected package libaa1:arm64.
#10 54.69 Preparing to unpack .../245-libaa1_1.4p5-51.1_arm64.deb ...
#10 54.69 Unpacking libaa1:arm64 (1.4p5-51.1) ...
#10 54.70 Selecting previously unselected package libraw1394-11:arm64.
#10 54.70 Preparing to unpack .../246-libraw1394-11_2.1.2-2build3_arm64.deb ...
#10 54.71 Unpacking libraw1394-11:arm64 (2.1.2-2build3) ...
#10 54.72 Selecting previously unselected package libavc1394-0:arm64.
#10 54.72 Preparing to unpack .../247-libavc1394-0_0.5.4-5build3_arm64.deb ...
#10 54.72 Unpacking libavc1394-0:arm64 (0.5.4-5build3) ...
#10 54.73 Selecting previously unselected package libcaca0:arm64.
#10 54.73 Preparing to unpack .../248-libcaca0_0.99.beta20-4ubuntu0.2_arm64.deb ...
#10 54.73 Unpacking libcaca0:arm64 (0.99.beta20-4ubuntu0.2) ...
#10 54.75 Selecting previously unselected package libdv4t64:arm64.
#10 54.75 Preparing to unpack .../249-libdv4t64_1.0.0-17.1build1_arm64.deb ...
#10 54.75 Unpacking libdv4t64:arm64 (1.0.0-17.1build1) ...
#10 54.77 Selecting previously unselected package libflac12t64:arm64.
#10 54.77 Preparing to unpack .../250-libflac12t64_1.4.3+ds-2.1ubuntu2_arm64.deb ...
#10 54.77 Unpacking libflac12t64:arm64 (1.4.3+ds-2.1ubuntu2) ...
#10 54.78 Selecting previously unselected package libgstreamer-plugins-good1.0-0:arm64.
#10 54.78 Preparing to unpack .../251-libgstreamer-plugins-good1.0-0_1.24.2-1ubuntu1.4_arm64.deb ...
#10 54.79 Unpacking libgstreamer-plugins-good1.0-0:arm64 (1.24.2-1ubuntu1.4) ...
#10 54.80 Selecting previously unselected package libgudev-1.0-0:arm64.
#10 54.80 Preparing to unpack .../252-libgudev-1.0-0_1%3a238-5ubuntu1_arm64.deb ...
#10 54.80 Unpacking libgudev-1.0-0:arm64 (1:238-5ubuntu1) ...
#10 54.81 Selecting previously unselected package libiec61883-0:arm64.
#10 54.82 Preparing to unpack .../253-libiec61883-0_1.2.0-6build1_arm64.deb ...
#10 54.82 Unpacking libiec61883-0:arm64 (1.2.0-6build1) ...
#10 54.83 Selecting previously unselected package libmp3lame0:arm64.
#10 54.83 Preparing to unpack .../254-libmp3lame0_3.100-6build1_arm64.deb ...
#10 54.83 Unpacking libmp3lame0:arm64 (3.100-6build1) ...
#10 54.84 Selecting previously unselected package libmpg123-0t64:arm64.
#10 54.85 Preparing to unpack .../255-libmpg123-0t64_1.32.5-1ubuntu1.1_arm64.deb ...
#10 54.85 Unpacking libmpg123-0t64:arm64 (1.32.5-1ubuntu1.1) ...
#10 54.86 Selecting previously unselected package libasyncns0:arm64.
#10 54.86 Preparing to unpack .../256-libasyncns0_0.8-6build4_arm64.deb ...
#10 54.86 Unpacking libasyncns0:arm64 (0.8-6build4) ...
#10 54.87 Selecting previously unselected package libsndfile1:arm64.
#10 54.87 Preparing to unpack .../257-libsndfile1_1.2.2-1ubuntu5.24.04.1_arm64.deb ...
#10 54.87 Unpacking libsndfile1:arm64 (1.2.2-1ubuntu5.24.04.1) ...
#10 54.89 Selecting previously unselected package libx11-xcb1:arm64.
#10 54.89 Preparing to unpack .../258-libx11-xcb1_2%3a1.8.7-1build1_arm64.deb ...
#10 54.89 Unpacking libx11-xcb1:arm64 (2:1.8.7-1build1) ...
#10 54.90 Selecting previously unselected package libpulse0:arm64.
#10 54.90 Preparing to unpack .../259-libpulse0_1%3a16.1+dfsg1-2ubuntu10.1_arm64.deb ...
#10 54.91 Unpacking libpulse0:arm64 (1:16.1+dfsg1-2ubuntu10.1) ...
#10 54.92 Selecting previously unselected package libspeex1:arm64.
#10 54.92 Preparing to unpack .../260-libspeex1_1.2.1-2ubuntu2.24.04.1_arm64.deb ...
#10 54.92 Unpacking libspeex1:arm64 (1.2.1-2ubuntu2.24.04.1) ...
#10 54.93 Selecting previously unselected package libshout3:arm64.
#10 54.93 Preparing to unpack .../261-libshout3_2.4.6-1build2_arm64.deb ...
#10 54.93 Unpacking libshout3:arm64 (2.4.6-1build2) ...
#10 54.94 Selecting previously unselected package libtag1v5-vanilla:arm64.
#10 54.95 Preparing to unpack .../262-libtag1v5-vanilla_1.13.1-1build1_arm64.deb ...
#10 54.95 Unpacking libtag1v5-vanilla:arm64 (1.13.1-1build1) ...
#10 54.96 Selecting previously unselected package libtag1v5:arm64.
#10 54.96 Preparing to unpack .../263-libtag1v5_1.13.1-1build1_arm64.deb ...
#10 54.96 Unpacking libtag1v5:arm64 (1.13.1-1build1) ...
#10 54.97 Selecting previously unselected package libtwolame0:arm64.
#10 54.97 Preparing to unpack .../264-libtwolame0_0.4.0-2build3_arm64.deb ...
#10 54.97 Unpacking libtwolame0:arm64 (0.4.0-2build3) ...
#10 54.99 Selecting previously unselected package libv4lconvert0t64:arm64.
#10 54.99 Preparing to unpack .../265-libv4lconvert0t64_1.26.1-4build3_arm64.deb ...
#10 54.99 Unpacking libv4lconvert0t64:arm64 (1.26.1-4build3) ...
#10 55.00 Selecting previously unselected package libv4l-0t64:arm64.
#10 55.00 Preparing to unpack .../266-libv4l-0t64_1.26.1-4build3_arm64.deb ...
#10 55.00 Unpacking libv4l-0t64:arm64 (1.26.1-4build3) ...
#10 55.01 Selecting previously unselected package libvpx9:arm64.
#10 55.01 Preparing to unpack .../267-libvpx9_1.14.0-1ubuntu2.3_arm64.deb ...
#10 55.01 Unpacking libvpx9:arm64 (1.14.0-1ubuntu2.3) ...
#10 55.03 Selecting previously unselected package libwavpack1:arm64.
#10 55.03 Preparing to unpack .../268-libwavpack1_5.6.0-1build1_arm64.deb ...
#10 55.03 Unpacking libwavpack1:arm64 (5.6.0-1build1) ...
#10 55.05 Selecting previously unselected package x11-common.
#10 55.05 Preparing to unpack .../269-x11-common_1%3a7.7+23ubuntu3_all.deb ...
#10 55.05 Unpacking x11-common (1:7.7+23ubuntu3) ...
#10 55.06 Selecting previously unselected package libxtst6:arm64.
#10 55.06 Preparing to unpack .../270-libxtst6_2%3a1.2.3-1.1build1_arm64.deb ...
#10 55.06 Unpacking libxtst6:arm64 (2:1.2.3-1.1build1) ...
#10 55.07 Selecting previously unselected package gstreamer1.0-plugins-good:arm64.
#10 55.07 Preparing to unpack .../271-gstreamer1.0-plugins-good_1.24.2-1ubuntu1.4_arm64.deb ...
#10 55.07 Unpacking gstreamer1.0-plugins-good:arm64 (1.24.2-1ubuntu1.4) ...
#10 55.11 Selecting previously unselected package libglvnd0:arm64.
#10 55.11 Preparing to unpack .../272-libglvnd0_1.7.0-1build1_arm64.deb ...
#10 55.12 Unpacking libglvnd0:arm64 (1.7.0-1build1) ...
#10 55.13 Selecting previously unselected package libgles2:arm64.
#10 55.13 Preparing to unpack .../273-libgles2_1.7.0-1build1_arm64.deb ...
#10 55.13 Unpacking libgles2:arm64 (1.7.0-1build1) ...
#10 55.14 Selecting previously unselected package xdg-dbus-proxy.
#10 55.14 Preparing to unpack .../274-xdg-dbus-proxy_0.1.5-1ubuntu0.2_arm64.deb ...
#10 55.14 Unpacking xdg-dbus-proxy (0.1.5-1ubuntu0.2) ...
#10 55.15 Selecting previously unselected package hunspell-en-us.
#10 55.16 Preparing to unpack .../275-hunspell-en-us_1%3a2020.12.07-2_all.deb ...
#10 55.16 Unpacking hunspell-en-us (1:2020.12.07-2) ...
#10 55.17 Selecting previously unselected package libaspell15:arm64.
#10 55.17 Preparing to unpack .../276-libaspell15_0.60.8.1-1build1_arm64.deb ...
#10 55.17 Unpacking libaspell15:arm64 (0.60.8.1-1build1) ...
#10 55.19 Selecting previously unselected package libhunspell-1.7-0:arm64.
#10 55.19 Preparing to unpack .../277-libhunspell-1.7-0_1.7.2+really1.7.2-10build3_arm64.deb ...
#10 55.19 Unpacking libhunspell-1.7-0:arm64 (1.7.2+really1.7.2-10build3) ...
#10 55.20 Selecting previously unselected package libenchant-2-2:arm64.
#10 55.21 Preparing to unpack .../278-libenchant-2-2_2.3.3-2build2_arm64.deb ...
#10 55.21 Unpacking libenchant-2-2:arm64 (2.3.3-2build2) ...
#10 55.22 Selecting previously unselected package libdrm-amdgpu1:arm64.
#10 55.22 Preparing to unpack .../279-libdrm-amdgpu1_2.4.125-1ubuntu0.1~24.04.2_arm64.deb ...
#10 55.22 Unpacking libdrm-amdgpu1:arm64 (2.4.125-1ubuntu0.1~24.04.2) ...
#10 55.23 Selecting previously unselected package libllvm20:arm64.
#10 55.23 Preparing to unpack .../280-libllvm20_1%3a20.1.2-0ubuntu1~24.04.3_arm64.deb ...
#10 55.23 Unpacking libllvm20:arm64 (1:20.1.2-0ubuntu1~24.04.3) ...
#10 55.56 Selecting previously unselected package libxcb-dri3-0:arm64.
#10 55.57 Preparing to unpack .../281-libxcb-dri3-0_1.15-1ubuntu2_arm64.deb ...
#10 55.57 Unpacking libxcb-dri3-0:arm64 (1.15-1ubuntu2) ...
#10 55.58 Selecting previously unselected package libxcb-present0:arm64.
#10 55.58 Preparing to unpack .../282-libxcb-present0_1.15-1ubuntu2_arm64.deb ...
#10 55.58 Unpacking libxcb-present0:arm64 (1.15-1ubuntu2) ...
#10 55.59 Selecting previously unselected package libxcb-randr0:arm64.
#10 55.59 Preparing to unpack .../283-libxcb-randr0_1.15-1ubuntu2_arm64.deb ...
#10 55.59 Unpacking libxcb-randr0:arm64 (1.15-1ubuntu2) ...
#10 55.60 Selecting previously unselected package libxcb-sync1:arm64.
#10 55.60 Preparing to unpack .../284-libxcb-sync1_1.15-1ubuntu2_arm64.deb ...
#10 55.60 Unpacking libxcb-sync1:arm64 (1.15-1ubuntu2) ...
#10 55.61 Selecting previously unselected package libxcb-xfixes0:arm64.
#10 55.61 Preparing to unpack .../285-libxcb-xfixes0_1.15-1ubuntu2_arm64.deb ...
#10 55.62 Unpacking libxcb-xfixes0:arm64 (1.15-1ubuntu2) ...
#10 55.63 Selecting previously unselected package libxshmfence1:arm64.
#10 55.63 Preparing to unpack .../286-libxshmfence1_1.3-1build5_arm64.deb ...
#10 55.63 Unpacking libxshmfence1:arm64 (1.3-1build5) ...
#10 55.64 Selecting previously unselected package mesa-libgallium:arm64.
#10 55.64 Preparing to unpack .../287-mesa-libgallium_25.2.8-0ubuntu0.24.04.2_arm64.deb ...
#10 55.64 Unpacking mesa-libgallium:arm64 (25.2.8-0ubuntu0.24.04.2) ...
#10 55.77 Selecting previously unselected package libgbm1:arm64.
#10 55.77 Preparing to unpack .../288-libgbm1_25.2.8-0ubuntu0.24.04.2_arm64.deb ...
#10 55.77 Unpacking libgbm1:arm64 (25.2.8-0ubuntu0.24.04.2) ...
#10 55.78 Selecting previously unselected package libegl-mesa0:arm64.
#10 55.78 Preparing to unpack .../289-libegl-mesa0_25.2.8-0ubuntu0.24.04.2_arm64.deb ...
#10 55.78 Unpacking libegl-mesa0:arm64 (25.2.8-0ubuntu0.24.04.2) ...
#10 55.80 Selecting previously unselected package libegl1:arm64.
#10 55.80 Preparing to unpack .../290-libegl1_1.7.0-1build1_arm64.deb ...
#10 55.80 Unpacking libegl1:arm64 (1.7.0-1build1) ...
#10 55.81 Selecting previously unselected package libxcb-glx0:arm64.
#10 55.81 Preparing to unpack .../291-libxcb-glx0_1.15-1ubuntu2_arm64.deb ...
#10 55.81 Unpacking libxcb-glx0:arm64 (1.15-1ubuntu2) ...
#10 55.82 Selecting previously unselected package libxxf86vm1:arm64.
#10 55.82 Preparing to unpack .../292-libxxf86vm1_1%3a1.1.4-1build4_arm64.deb ...
#10 55.83 Unpacking libxxf86vm1:arm64 (1:1.1.4-1build4) ...
#10 55.84 Selecting previously unselected package libvulkan1:arm64.
#10 55.84 Preparing to unpack .../293-libvulkan1_1.3.275.0-1build1_arm64.deb ...
#10 55.84 Unpacking libvulkan1:arm64 (1.3.275.0-1build1) ...
#10 55.85 Selecting previously unselected package libgl1-mesa-dri:arm64.
#10 55.86 Preparing to unpack .../294-libgl1-mesa-dri_25.2.8-0ubuntu0.24.04.2_arm64.deb ...
#10 55.86 Unpacking libgl1-mesa-dri:arm64 (25.2.8-0ubuntu0.24.04.2) ...
#10 55.87 Selecting previously unselected package libglx-mesa0:arm64.
#10 55.87 Preparing to unpack .../295-libglx-mesa0_25.2.8-0ubuntu0.24.04.2_arm64.deb ...
#10 55.87 Unpacking libglx-mesa0:arm64 (25.2.8-0ubuntu0.24.04.2) ...
#10 55.88 Selecting previously unselected package libglx0:arm64.
#10 55.89 Preparing to unpack .../296-libglx0_1.7.0-1build1_arm64.deb ...
#10 55.89 Unpacking libglx0:arm64 (1.7.0-1build1) ...
#10 55.90 Selecting previously unselected package libgl1:arm64.
#10 55.90 Preparing to unpack .../297-libgl1_1.7.0-1build1_arm64.deb ...
#10 55.90 Unpacking libgl1:arm64 (1.7.0-1build1) ...
#10 55.91 Selecting previously unselected package libgstreamer-gl1.0-0:arm64.
#10 55.91 Preparing to unpack .../298-libgstreamer-gl1.0-0_1.24.2-1ubuntu0.4_arm64.deb ...
#10 55.91 Unpacking libgstreamer-gl1.0-0:arm64 (1.24.2-1ubuntu0.4) ...
#10 55.93 Selecting previously unselected package libharfbuzz-icu0:arm64.
#10 55.93 Preparing to unpack .../299-libharfbuzz-icu0_8.3.0-2build2_arm64.deb ...
#10 55.93 Unpacking libharfbuzz-icu0:arm64 (8.3.0-2build2) ...
#10 55.94 Selecting previously unselected package libhyphen0:arm64.
#10 55.94 Preparing to unpack .../300-libhyphen0_2.8.8-7build3_arm64.deb ...
#10 55.94 Unpacking libhyphen0:arm64 (2.8.8-7build3) ...
#10 55.95 Selecting previously unselected package libmanette-0.2-0:arm64.
#10 55.95 Preparing to unpack .../301-libmanette-0.2-0_0.2.7-1build2_arm64.deb ...
#10 55.95 Unpacking libmanette-0.2-0:arm64 (0.2.7-1build2) ...
#10 55.96 Selecting previously unselected package libwayland-server0:arm64.
#10 55.97 Preparing to unpack .../302-libwayland-server0_1.22.0-2.1build1_arm64.deb ...
#10 55.97 Unpacking libwayland-server0:arm64 (1.22.0-2.1build1) ...
#10 55.98 Selecting previously unselected package libwebpdemux2:arm64.
#10 55.98 Preparing to unpack .../303-libwebpdemux2_1.3.2-0.4build3_arm64.deb ...
#10 55.98 Unpacking libwebpdemux2:arm64 (1.3.2-0.4build3) ...
#10 55.99 Selecting previously unselected package libwebpmux3:arm64.
#10 55.99 Preparing to unpack .../304-libwebpmux3_1.3.2-0.4build3_arm64.deb ...
#10 55.99 Unpacking libwebpmux3:arm64 (1.3.2-0.4build3) ...
#10 56.00 Selecting previously unselected package libxslt1.1:arm64.
#10 56.00 Preparing to unpack .../305-libxslt1.1_1.1.39-0exp1ubuntu0.24.04.3_arm64.deb ...
#10 56.00 Unpacking libxslt1.1:arm64 (1.1.39-0exp1ubuntu0.24.04.3) ...
#10 56.01 Selecting previously unselected package libwebkit2gtk-4.1-0:arm64.
#10 56.02 Preparing to unpack .../306-libwebkit2gtk-4.1-0_2.52.3-0ubuntu0.24.04.1_arm64.deb ...
#10 56.02 Unpacking libwebkit2gtk-4.1-0:arm64 (2.52.3-0ubuntu0.24.04.1) ...
#10 56.26 Selecting previously unselected package gir1.2-webkit2-4.1:arm64.
#10 56.26 Preparing to unpack .../307-gir1.2-webkit2-4.1_2.52.3-0ubuntu0.24.04.1_arm64.deb ...
#10 56.26 Unpacking gir1.2-webkit2-4.1:arm64 (2.52.3-0ubuntu0.24.04.1) ...
#10 56.27 Selecting previously unselected package python3-six.
#10 56.27 Preparing to unpack .../308-python3-six_1.16.0-4_all.deb ...
#10 56.28 Unpacking python3-six (1.16.0-4) ...
#10 56.29 Selecting previously unselected package gyp.
#10 56.29 Preparing to unpack .../309-gyp_0.1+20220404git9ecf45e-2_all.deb ...
#10 56.29 Unpacking gyp (0.1+20220404git9ecf45e-2) ...
#10 56.30 Selecting previously unselected package node-neo-async.
#10 56.30 Preparing to unpack .../310-node-neo-async_2.6.2+~cs3.0.0-3_all.deb ...
#10 56.30 Unpacking node-neo-async (2.6.2+~cs3.0.0-3) ...
#10 56.32 Selecting previously unselected package node-arrify.
#10 56.32 Preparing to unpack .../311-node-arrify_2.0.1-3_all.deb ...
#10 56.32 Unpacking node-arrify (2.0.1-3) ...
#10 56.33 Selecting previously unselected package node-is-plain-obj.
#10 56.33 Preparing to unpack .../312-node-is-plain-obj_3.0.0-2_all.deb ...
#10 56.33 Unpacking node-is-plain-obj (3.0.0-2) ...
#10 56.34 Selecting previously unselected package node-is-buffer.
#10 56.34 Preparing to unpack .../313-node-is-buffer_2.0.5-2_all.deb ...
#10 56.34 Unpacking node-is-buffer (2.0.5-2) ...
#10 56.35 Selecting previously unselected package node-kind-of.
#10 56.35 Preparing to unpack .../314-node-kind-of_6.0.3+dfsg-2_all.deb ...
#10 56.35 Unpacking node-kind-of (6.0.3+dfsg-2) ...
#10 56.36 Selecting previously unselected package node-minimist.
#10 56.37 Preparing to unpack .../315-node-minimist_1.2.8+~cs5.3.5-1_all.deb ...
#10 56.37 Unpacking node-minimist (1.2.8+~cs5.3.5-1) ...
#10 56.38 Selecting previously unselected package node-wordwrap.
#10 56.38 Preparing to unpack .../316-node-wordwrap_1.0.0-4_all.deb ...
#10 56.38 Unpacking node-wordwrap (1.0.0-4) ...
#10 56.39 Selecting previously unselected package node-optimist.
#10 56.39 Preparing to unpack .../317-node-optimist_0.6.1+~0.0.30-2_all.deb ...
#10 56.39 Unpacking node-optimist (0.6.1+~0.0.30-2) ...
#10 56.41 Selecting previously unselected package libjs-source-map.
#10 56.41 Preparing to unpack .../318-libjs-source-map_0.7.0++dfsg2+really.0.6.1-15_all.deb ...
#10 56.41 Unpacking libjs-source-map (0.7.0++dfsg2+really.0.6.1-15) ...
#10 56.42 Selecting previously unselected package node-source-map.
#10 56.42 Preparing to unpack .../319-node-source-map_0.7.0++dfsg2+really.0.6.1-15_all.deb ...
#10 56.42 Unpacking node-source-map (0.7.0++dfsg2+really.0.6.1-15) ...
#10 56.43 Selecting previously unselected package handlebars.
#10 56.43 Preparing to unpack .../320-handlebars_3%3a4.7.7+~4.1.0-1_all.deb ...
#10 56.44 Unpacking handlebars (3:4.7.7+~4.1.0-1) ...
#10 56.45 Selecting previously unselected package libonig5:arm64.
#10 56.45 Preparing to unpack .../321-libonig5_6.9.9-1build1_arm64.deb ...
#10 56.45 Unpacking libonig5:arm64 (6.9.9-1build1) ...
#10 56.47 Selecting previously unselected package libjq1:arm64.
#10 56.47 Preparing to unpack .../322-libjq1_1.7.1-3ubuntu0.24.04.2_arm64.deb ...
#10 56.47 Unpacking libjq1:arm64 (1.7.1-3ubuntu0.24.04.2) ...
#10 56.48 Selecting previously unselected package jq.
#10 56.48 Preparing to unpack .../323-jq_1.7.1-3ubuntu0.24.04.2_arm64.deb ...
#10 56.48 Unpacking jq (1.7.1-3ubuntu0.24.04.2) ...
#10 56.49 Selecting previously unselected package libarchive13t64:arm64.
#10 56.49 Preparing to unpack .../324-libarchive13t64_3.7.2-2ubuntu0.7_arm64.deb ...
#10 56.49 Unpacking libarchive13t64:arm64 (3.7.2-2ubuntu0.7) ...
#10 56.51 Selecting previously unselected package libasound2-data.
#10 56.51 Preparing to unpack .../325-libasound2-data_1.2.11-1ubuntu0.2_all.deb ...
#10 56.51 Unpacking libasound2-data (1.2.11-1ubuntu0.2) ...
#10 56.52 Selecting previously unselected package libasound2t64:arm64.
#10 56.52 Preparing to unpack .../326-libasound2t64_1.2.11-1ubuntu0.2_arm64.deb ...
#10 56.52 Unpacking libasound2t64:arm64 (1.2.11-1ubuntu0.2) ...
#10 56.53 Selecting previously unselected package libffi-dev:arm64.
#10 56.54 Preparing to unpack .../327-libffi-dev_3.4.6-1build1_arm64.deb ...
#10 56.54 Unpacking libffi-dev:arm64 (3.4.6-1build1) ...
#10 56.55 Selecting previously unselected package libglib2.0-bin.
#10 56.55 Preparing to unpack .../328-libglib2.0-bin_2.80.0-6ubuntu3.8_arm64.deb ...
#10 56.55 Unpacking libglib2.0-bin (2.80.0-6ubuntu3.8) ...
#10 56.56 Selecting previously unselected package python3-packaging.
#10 56.57 Preparing to unpack .../329-python3-packaging_24.0-1_all.deb ...
#10 56.57 Unpacking python3-packaging (24.0-1) ...
#10 56.58 Selecting previously unselected package libglib2.0-dev-bin.
#10 56.58 Preparing to unpack .../330-libglib2.0-dev-bin_2.80.0-6ubuntu3.8_arm64.deb ...
#10 56.58 Unpacking libglib2.0-dev-bin (2.80.0-6ubuntu3.8) ...
#10 56.59 Selecting previously unselected package uuid-dev:arm64.
#10 56.59 Preparing to unpack .../331-uuid-dev_2.39.3-9ubuntu6.5_arm64.deb ...
#10 56.60 Unpacking uuid-dev:arm64 (2.39.3-9ubuntu6.5) ...
#10 56.61 Selecting previously unselected package libblkid-dev:arm64.
#10 56.61 Preparing to unpack .../332-libblkid-dev_2.39.3-9ubuntu6.5_arm64.deb ...
#10 56.61 Unpacking libblkid-dev:arm64 (2.39.3-9ubuntu6.5) ...
#10 56.63 Selecting previously unselected package libsepol-dev:arm64.
#10 56.63 Preparing to unpack .../333-libsepol-dev_3.5-2build1_arm64.deb ...
#10 56.63 Unpacking libsepol-dev:arm64 (3.5-2build1) ...
#10 56.65 Selecting previously unselected package libpcre2-16-0:arm64.
#10 56.65 Preparing to unpack .../334-libpcre2-16-0_10.42-4ubuntu2.1_arm64.deb ...
#10 56.65 Unpacking libpcre2-16-0:arm64 (10.42-4ubuntu2.1) ...
#10 56.67 Selecting previously unselected package libpcre2-32-0:arm64.
#10 56.67 Preparing to unpack .../335-libpcre2-32-0_10.42-4ubuntu2.1_arm64.deb ...
#10 56.67 Unpacking libpcre2-32-0:arm64 (10.42-4ubuntu2.1) ...
#10 56.68 Selecting previously unselected package libpcre2-posix3:arm64.
#10 56.68 Preparing to unpack .../336-libpcre2-posix3_10.42-4ubuntu2.1_arm64.deb ...
#10 56.68 Unpacking libpcre2-posix3:arm64 (10.42-4ubuntu2.1) ...
#10 56.69 Selecting previously unselected package libpcre2-dev:arm64.
#10 56.69 Preparing to unpack .../337-libpcre2-dev_10.42-4ubuntu2.1_arm64.deb ...
#10 56.70 Unpacking libpcre2-dev:arm64 (10.42-4ubuntu2.1) ...
#10 56.71 Selecting previously unselected package libselinux1-dev:arm64.
#10 56.71 Preparing to unpack .../338-libselinux1-dev_3.5-2ubuntu2.1_arm64.deb ...
#10 56.71 Unpacking libselinux1-dev:arm64 (3.5-2ubuntu2.1) ...
#10 56.73 Selecting previously unselected package libmount-dev:arm64.
#10 56.73 Preparing to unpack .../339-libmount-dev_2.39.3-9ubuntu6.5_arm64.deb ...
#10 56.73 Unpacking libmount-dev:arm64 (2.39.3-9ubuntu6.5) ...
#10 56.74 Selecting previously unselected package libgirepository-2.0-0:arm64.
#10 56.74 Preparing to unpack .../340-libgirepository-2.0-0_2.80.0-6ubuntu3.8_arm64.deb ...
#10 56.74 Unpacking libgirepository-2.0-0:arm64 (2.80.0-6ubuntu3.8) ...
#10 56.75 Selecting previously unselected package libglib2.0-dev:arm64.
#10 56.75 Preparing to unpack .../341-libglib2.0-dev_2.80.0-6ubuntu3.8_arm64.deb ...
#10 56.75 Unpacking libglib2.0-dev:arm64 (2.80.0-6ubuntu3.8) ...
#10 56.90 Selecting previously unselected package libatk1.0-dev:arm64.
#10 56.90 Preparing to unpack .../342-libatk1.0-dev_2.52.0-1build1_arm64.deb ...
#10 56.90 Unpacking libatk1.0-dev:arm64 (2.52.0-1build1) ...
#10 56.92 Selecting previously unselected package xml-core.
#10 56.93 Preparing to unpack .../343-xml-core_0.19_all.deb ...
#10 56.93 Unpacking xml-core (0.19) ...
#10 56.94 Selecting previously unselected package libdbus-1-dev:arm64.
#10 56.94 Preparing to unpack .../344-libdbus-1-dev_1.14.10-4ubuntu4.1_arm64.deb ...
#10 56.94 Unpacking libdbus-1-dev:arm64 (1.14.10-4ubuntu4.1) ...
#10 56.96 Selecting previously unselected package xorg-sgml-doctools.
#10 56.96 Preparing to unpack .../345-xorg-sgml-doctools_1%3a1.11-1.1_all.deb ...
#10 56.96 Unpacking xorg-sgml-doctools (1:1.11-1.1) ...
#10 56.97 Selecting previously unselected package x11proto-dev.
#10 56.97 Preparing to unpack .../346-x11proto-dev_2023.2-1_all.deb ...
#10 56.97 Unpacking x11proto-dev (2023.2-1) ...
#10 56.99 Selecting previously unselected package libxau-dev:arm64.
#10 56.99 Preparing to unpack .../347-libxau-dev_1%3a1.0.9-1build6_arm64.deb ...
#10 56.99 Unpacking libxau-dev:arm64 (1:1.0.9-1build6) ...
#10 57.00 Selecting previously unselected package libxdmcp-dev:arm64.
#10 57.00 Preparing to unpack .../348-libxdmcp-dev_1%3a1.1.3-0ubuntu6_arm64.deb ...
#10 57.00 Unpacking libxdmcp-dev:arm64 (1:1.1.3-0ubuntu6) ...
#10 57.01 Selecting previously unselected package xtrans-dev.
#10 57.01 Preparing to unpack .../349-xtrans-dev_1.4.0-1_all.deb ...
#10 57.01 Unpacking xtrans-dev (1.4.0-1) ...
#10 57.02 Selecting previously unselected package libpthread-stubs0-dev:arm64.
#10 57.03 Preparing to unpack .../350-libpthread-stubs0-dev_0.4-1build3_arm64.deb ...
#10 57.03 Unpacking libpthread-stubs0-dev:arm64 (0.4-1build3) ...
#10 57.03 Selecting previously unselected package libxcb1-dev:arm64.
#10 57.04 Preparing to unpack .../351-libxcb1-dev_1.15-1ubuntu2_arm64.deb ...
#10 57.04 Unpacking libxcb1-dev:arm64 (1.15-1ubuntu2) ...
#10 57.05 Selecting previously unselected package libx11-dev:arm64.
#10 57.05 Preparing to unpack .../352-libx11-dev_2%3a1.8.7-1build1_arm64.deb ...
#10 57.05 Unpacking libx11-dev:arm64 (2:1.8.7-1build1) ...
#10 57.07 Selecting previously unselected package libxext-dev:arm64.
#10 57.07 Preparing to unpack .../353-libxext-dev_2%3a1.3.4-1build2_arm64.deb ...
#10 57.07 Unpacking libxext-dev:arm64 (2:1.3.4-1build2) ...
#10 57.08 Selecting previously unselected package libxfixes-dev:arm64.
#10 57.08 Preparing to unpack .../354-libxfixes-dev_1%3a6.0.0-2build1_arm64.deb ...
#10 57.08 Unpacking libxfixes-dev:arm64 (1:6.0.0-2build1) ...
#10 57.09 Selecting previously unselected package libxi-dev:arm64.
#10 57.09 Preparing to unpack .../355-libxi-dev_2%3a1.8.1-1build1_arm64.deb ...
#10 57.10 Unpacking libxi-dev:arm64 (2:1.8.1-1build1) ...
#10 57.11 Selecting previously unselected package libxtst-dev:arm64.
#10 57.11 Preparing to unpack .../356-libxtst-dev_2%3a1.2.3-1.1build1_arm64.deb ...
#10 57.11 Unpacking libxtst-dev:arm64 (2:1.2.3-1.1build1) ...
#10 57.12 Selecting previously unselected package libatspi2.0-dev:arm64.
#10 57.12 Preparing to unpack .../357-libatspi2.0-dev_2.52.0-1build1_arm64.deb ...
#10 57.12 Unpacking libatspi2.0-dev:arm64 (2.52.0-1build1) ...
#10 57.14 Selecting previously unselected package libatk-bridge2.0-dev:arm64.
#10 57.14 Preparing to unpack .../358-libatk-bridge2.0-dev_2.52.0-1build1_arm64.deb ...
#10 57.14 Unpacking libatk-bridge2.0-dev:arm64 (2.52.0-1build1) ...
#10 57.15 Selecting previously unselected package liblzo2-2:arm64.
#10 57.15 Preparing to unpack .../359-liblzo2-2_2.10-2build4_arm64.deb ...
#10 57.15 Unpacking liblzo2-2:arm64 (2.10-2build4) ...
#10 57.16 Selecting previously unselected package libcairo-script-interpreter2:arm64.
#10 57.17 Preparing to unpack .../360-libcairo-script-interpreter2_1.18.0-3build1_arm64.deb ...
#10 57.17 Unpacking libcairo-script-interpreter2:arm64 (1.18.0-3build1) ...
#10 57.18 Selecting previously unselected package libbrotli-dev:arm64.
#10 57.18 Preparing to unpack .../361-libbrotli-dev_1.1.0-2build2_arm64.deb ...
#10 57.18 Unpacking libbrotli-dev:arm64 (1.1.0-2build2) ...
#10 57.20 Selecting previously unselected package libbz2-dev:arm64.
#10 57.20 Preparing to unpack .../362-libbz2-dev_1.0.8-5.1build0.1_arm64.deb ...
#10 57.20 Unpacking libbz2-dev:arm64 (1.0.8-5.1build0.1) ...
#10 57.21 Selecting previously unselected package libpng-dev:arm64.
#10 57.21 Preparing to unpack .../363-libpng-dev_1.6.43-5ubuntu0.6_arm64.deb ...
#10 57.21 Unpacking libpng-dev:arm64 (1.6.43-5ubuntu0.6) ...
#10 57.22 Selecting previously unselected package libfreetype-dev:arm64.
#10 57.22 Preparing to unpack .../364-libfreetype-dev_2.13.2+dfsg-1ubuntu0.1_arm64.deb ...
#10 57.22 Unpacking libfreetype-dev:arm64 (2.13.2+dfsg-1ubuntu0.1) ...
#10 57.24 Selecting previously unselected package libfontconfig-dev:arm64.
#10 57.24 Preparing to unpack .../365-libfontconfig-dev_2.15.0-1.1ubuntu2_arm64.deb ...
#10 57.24 Unpacking libfontconfig-dev:arm64 (2.15.0-1.1ubuntu2) ...
#10 57.25 Selecting previously unselected package libpixman-1-dev:arm64.
#10 57.25 Preparing to unpack .../366-libpixman-1-dev_0.42.2-1build1_arm64.deb ...
#10 57.25 Unpacking libpixman-1-dev:arm64 (0.42.2-1build1) ...
#10 57.26 Selecting previously unselected package libice6:arm64.
#10 57.27 Preparing to unpack .../367-libice6_2%3a1.0.10-1build3_arm64.deb ...
#10 57.27 Unpacking libice6:arm64 (2:1.0.10-1build3) ...
#10 57.28 Selecting previously unselected package libsm6:arm64.
#10 57.28 Preparing to unpack .../368-libsm6_2%3a1.2.3-1build3_arm64.deb ...
#10 57.28 Unpacking libsm6:arm64 (2:1.2.3-1build3) ...
#10 57.29 Selecting previously unselected package libice-dev:arm64.
#10 57.29 Preparing to unpack .../369-libice-dev_2%3a1.0.10-1build3_arm64.deb ...
#10 57.29 Unpacking libice-dev:arm64 (2:1.0.10-1build3) ...
#10 57.30 Selecting previously unselected package libsm-dev:arm64.
#10 57.30 Preparing to unpack .../370-libsm-dev_2%3a1.2.3-1build3_arm64.deb ...
#10 57.30 Unpacking libsm-dev:arm64 (2:1.2.3-1build3) ...
#10 57.31 Selecting previously unselected package libxcb-render0-dev:arm64.
#10 57.31 Preparing to unpack .../371-libxcb-render0-dev_1.15-1ubuntu2_arm64.deb ...
#10 57.32 Unpacking libxcb-render0-dev:arm64 (1.15-1ubuntu2) ...
#10 57.32 Selecting previously unselected package libxcb-shm0-dev:arm64.
#10 57.33 Preparing to unpack .../372-libxcb-shm0-dev_1.15-1ubuntu2_arm64.deb ...
#10 57.33 Unpacking libxcb-shm0-dev:arm64 (1.15-1ubuntu2) ...
#10 57.34 Selecting previously unselected package libxrender-dev:arm64.
#10 57.34 Preparing to unpack .../373-libxrender-dev_1%3a0.9.10-1.1build1_arm64.deb ...
#10 57.34 Unpacking libxrender-dev:arm64 (1:0.9.10-1.1build1) ...
#10 57.35 Selecting previously unselected package libcairo2-dev:arm64.
#10 57.36 Preparing to unpack .../374-libcairo2-dev_1.18.0-3build1_arm64.deb ...
#10 57.36 Unpacking libcairo2-dev:arm64 (1.18.0-3build1) ...
#10 57.37 Selecting previously unselected package libglx-dev:arm64.
#10 57.37 Preparing to unpack .../375-libglx-dev_1.7.0-1build1_arm64.deb ...
#10 57.37 Unpacking libglx-dev:arm64 (1.7.0-1build1) ...
#10 57.38 Selecting previously unselected package libgl-dev:arm64.
#10 57.38 Preparing to unpack .../376-libgl-dev_1.7.0-1build1_arm64.deb ...
#10 57.38 Unpacking libgl-dev:arm64 (1.7.0-1build1) ...
#10 57.39 Selecting previously unselected package libegl-dev:arm64.
#10 57.40 Preparing to unpack .../377-libegl-dev_1.7.0-1build1_arm64.deb ...
#10 57.40 Unpacking libegl-dev:arm64 (1.7.0-1build1) ...
#10 57.41 Selecting previously unselected package libglvnd-core-dev:arm64.
#10 57.41 Preparing to unpack .../378-libglvnd-core-dev_1.7.0-1build1_arm64.deb ...
#10 57.41 Unpacking libglvnd-core-dev:arm64 (1.7.0-1build1) ...
#10 57.42 Selecting previously unselected package libgles1:arm64.
#10 57.42 Preparing to unpack .../379-libgles1_1.7.0-1build1_arm64.deb ...
#10 57.42 Unpacking libgles1:arm64 (1.7.0-1build1) ...
#10 57.43 Selecting previously unselected package libgles-dev:arm64.
#10 57.43 Preparing to unpack .../380-libgles-dev_1.7.0-1build1_arm64.deb ...
#10 57.43 Unpacking libgles-dev:arm64 (1.7.0-1build1) ...
#10 57.45 Selecting previously unselected package libopengl0:arm64.
#10 57.45 Preparing to unpack .../381-libopengl0_1.7.0-1build1_arm64.deb ...
#10 57.45 Unpacking libopengl0:arm64 (1.7.0-1build1) ...
#10 57.46 Selecting previously unselected package libopengl-dev:arm64.
#10 57.46 Preparing to unpack .../382-libopengl-dev_1.7.0-1build1_arm64.deb ...
#10 57.46 Unpacking libopengl-dev:arm64 (1.7.0-1build1) ...
#10 57.47 Selecting previously unselected package libglvnd-dev:arm64.
#10 57.47 Preparing to unpack .../383-libglvnd-dev_1.7.0-1build1_arm64.deb ...
#10 57.47 Unpacking libglvnd-dev:arm64 (1.7.0-1build1) ...
#10 57.48 Selecting previously unselected package libegl1-mesa-dev:arm64.
#10 57.48 Preparing to unpack .../384-libegl1-mesa-dev_25.2.8-0ubuntu0.24.04.2_arm64.deb ...
#10 57.48 Unpacking libegl1-mesa-dev:arm64 (25.2.8-0ubuntu0.24.04.2) ...
#10 57.49 Selecting previously unselected package libepoxy-dev:arm64.
#10 57.50 Preparing to unpack .../385-libepoxy-dev_1.5.10-1build1_arm64.deb ...
#10 57.50 Unpacking libepoxy-dev:arm64 (1.5.10-1build1) ...
#10 57.51 Selecting previously unselected package libfribidi-dev:arm64.
#10 57.51 Preparing to unpack .../386-libfribidi-dev_1.0.13-3build1_arm64.deb ...
#10 57.51 Unpacking libfribidi-dev:arm64 (1.0.13-3build1) ...
#10 57.52 Selecting previously unselected package libgdk-pixbuf2.0-bin.
#10 57.53 Preparing to unpack .../387-libgdk-pixbuf2.0-bin_2.42.10+dfsg-3ubuntu3.3_arm64.deb ...
#10 57.53 Unpacking libgdk-pixbuf2.0-bin (2.42.10+dfsg-3ubuntu3.3) ...
#10 57.54 Selecting previously unselected package libjpeg-turbo8-dev:arm64.
#10 57.54 Preparing to unpack .../388-libjpeg-turbo8-dev_2.1.5-2ubuntu2_arm64.deb ...
#10 57.54 Unpacking libjpeg-turbo8-dev:arm64 (2.1.5-2ubuntu2) ...
#10 57.55 Selecting previously unselected package libjpeg8-dev:arm64.
#10 57.55 Preparing to unpack .../389-libjpeg8-dev_8c-2ubuntu11_arm64.deb ...
#10 57.56 Unpacking libjpeg8-dev:arm64 (8c-2ubuntu11) ...
#10 57.56 Selecting previously unselected package libjpeg-dev:arm64.
#10 57.57 Preparing to unpack .../390-libjpeg-dev_8c-2ubuntu11_arm64.deb ...
#10 57.57 Unpacking libjpeg-dev:arm64 (8c-2ubuntu11) ...
#10 57.58 Selecting previously unselected package libjbig-dev:arm64.
#10 57.58 Preparing to unpack .../391-libjbig-dev_2.1-6.1ubuntu2_arm64.deb ...
#10 57.58 Unpacking libjbig-dev:arm64 (2.1-6.1ubuntu2) ...
#10 57.59 Selecting previously unselected package liblzma-dev:arm64.
#10 57.59 Preparing to unpack .../392-liblzma-dev_5.6.1+really5.4.5-1ubuntu0.3_arm64.deb ...
#10 57.60 Unpacking liblzma-dev:arm64 (5.6.1+really5.4.5-1ubuntu0.3) ...
#10 57.61 Selecting previously unselected package libzstd-dev:arm64.
#10 57.61 Preparing to unpack .../393-libzstd-dev_1.5.5+dfsg2-2build1.1_arm64.deb ...
#10 57.61 Unpacking libzstd-dev:arm64 (1.5.5+dfsg2-2build1.1) ...
#10 57.63 Selecting previously unselected package libwebpdecoder3:arm64.
#10 57.63 Preparing to unpack .../394-libwebpdecoder3_1.3.2-0.4build3_arm64.deb ...
#10 57.63 Unpacking libwebpdecoder3:arm64 (1.3.2-0.4build3) ...
#10 57.65 Selecting previously unselected package libsharpyuv-dev:arm64.
#10 57.65 Preparing to unpack .../395-libsharpyuv-dev_1.3.2-0.4build3_arm64.deb ...
#10 57.65 Unpacking libsharpyuv-dev:arm64 (1.3.2-0.4build3) ...
#10 57.66 Selecting previously unselected package libwebp-dev:arm64.
#10 57.66 Preparing to unpack .../396-libwebp-dev_1.3.2-0.4build3_arm64.deb ...
#10 57.66 Unpacking libwebp-dev:arm64 (1.3.2-0.4build3) ...
#10 57.68 Selecting previously unselected package libtiffxx6:arm64.
#10 57.68 Preparing to unpack .../397-libtiffxx6_4.5.1+git230720-4ubuntu2.5_arm64.deb ...
#10 57.68 Unpacking libtiffxx6:arm64 (4.5.1+git230720-4ubuntu2.5) ...
#10 57.69 Selecting previously unselected package libdeflate-dev:arm64.
#10 57.69 Preparing to unpack .../398-libdeflate-dev_1.19-1build1.1_arm64.deb ...
#10 57.70 Unpacking libdeflate-dev:arm64 (1.19-1build1.1) ...
#10 57.71 Selecting previously unselected package liblerc-dev:arm64.
#10 57.71 Preparing to unpack .../399-liblerc-dev_4.0.0+ds-4ubuntu2_arm64.deb ...
#10 57.71 Unpacking liblerc-dev:arm64 (4.0.0+ds-4ubuntu2) ...
#10 57.73 Selecting previously unselected package libtiff-dev:arm64.
#10 57.73 Preparing to unpack .../400-libtiff-dev_4.5.1+git230720-4ubuntu2.5_arm64.deb ...
#10 57.73 Unpacking libtiff-dev:arm64 (4.5.1+git230720-4ubuntu2.5) ...
#10 57.75 Selecting previously unselected package libgdk-pixbuf-2.0-dev:arm64.
#10 57.75 Preparing to unpack .../401-libgdk-pixbuf-2.0-dev_2.42.10+dfsg-3ubuntu3.3_arm64.deb ...
#10 57.75 Unpacking libgdk-pixbuf-2.0-dev:arm64 (2.42.10+dfsg-3ubuntu3.3) ...
#10 57.76 Selecting previously unselected package libharfbuzz-subset0:arm64.
#10 57.77 Preparing to unpack .../402-libharfbuzz-subset0_8.3.0-2build2_arm64.deb ...
#10 57.77 Unpacking libharfbuzz-subset0:arm64 (8.3.0-2build2) ...
#10 57.78 Selecting previously unselected package libharfbuzz-cairo0:arm64.
#10 57.78 Preparing to unpack .../403-libharfbuzz-cairo0_8.3.0-2build2_arm64.deb ...
#10 57.79 Unpacking libharfbuzz-cairo0:arm64 (8.3.0-2build2) ...
#10 57.79 Selecting previously unselected package libgraphite2-dev:arm64.
#10 57.80 Preparing to unpack .../404-libgraphite2-dev_1.3.14-2ubuntu0.24.04.1_arm64.deb ...
#10 57.80 Unpacking libgraphite2-dev:arm64 (1.3.14-2ubuntu0.24.04.1) ...
#10 57.81 Selecting previously unselected package libharfbuzz-dev:arm64.
#10 57.81 Preparing to unpack .../405-libharfbuzz-dev_8.3.0-2build2_arm64.deb ...
#10 57.81 Unpacking libharfbuzz-dev:arm64 (8.3.0-2build2) ...
#10 57.83 Selecting previously unselected package libdatrie-dev:arm64.
#10 57.83 Preparing to unpack .../406-libdatrie-dev_0.2.13-3build1_arm64.deb ...
#10 57.83 Unpacking libdatrie-dev:arm64 (0.2.13-3build1) ...
#10 57.84 Selecting previously unselected package libthai-dev:arm64.
#10 57.84 Preparing to unpack .../407-libthai-dev_0.1.29-2build1_arm64.deb ...
#10 57.85 Unpacking libthai-dev:arm64 (0.1.29-2build1) ...
#10 57.86 Selecting previously unselected package libxft-dev:arm64.
#10 57.86 Preparing to unpack .../408-libxft-dev_2.3.6-1build1_arm64.deb ...
#10 57.86 Unpacking libxft-dev:arm64 (2.3.6-1build1) ...
#10 57.87 Selecting previously unselected package pango1.0-tools.
#10 57.87 Preparing to unpack .../409-pango1.0-tools_1.52.1+ds-1build1_arm64.deb ...
#10 57.87 Unpacking pango1.0-tools (1.52.1+ds-1build1) ...
#10 57.88 Selecting previously unselected package libpango1.0-dev:arm64.
#10 57.89 Preparing to unpack .../410-libpango1.0-dev_1.52.1+ds-1build1_arm64.deb ...
#10 57.89 Unpacking libpango1.0-dev:arm64 (1.52.1+ds-1build1) ...
#10 57.90 Selecting previously unselected package libwayland-bin.
#10 57.90 Preparing to unpack .../411-libwayland-bin_1.22.0-2.1build1_arm64.deb ...
#10 57.91 Unpacking libwayland-bin (1.22.0-2.1build1) ...
#10 57.92 Selecting previously unselected package libwayland-dev:arm64.
#10 57.92 Preparing to unpack .../412-libwayland-dev_1.22.0-2.1build1_arm64.deb ...
#10 57.92 Unpacking libwayland-dev:arm64 (1.22.0-2.1build1) ...
#10 57.93 Selecting previously unselected package libxcomposite-dev:arm64.
#10 57.93 Preparing to unpack .../413-libxcomposite-dev_1%3a0.4.5-1build3_arm64.deb ...
#10 57.94 Unpacking libxcomposite-dev:arm64 (1:0.4.5-1build3) ...
#10 57.94 Selecting previously unselected package libxcursor-dev:arm64.
#10 57.95 Preparing to unpack .../414-libxcursor-dev_1%3a1.2.1-1build1_arm64.deb ...
#10 57.95 Unpacking libxcursor-dev:arm64 (1:1.2.1-1build1) ...
#10 57.96 Selecting previously unselected package libxdamage-dev:arm64.
#10 57.96 Preparing to unpack .../415-libxdamage-dev_1%3a1.1.6-1build1_arm64.deb ...
#10 57.96 Unpacking libxdamage-dev:arm64 (1:1.1.6-1build1) ...
#10 57.97 Selecting previously unselected package libxinerama-dev:arm64.
#10 57.98 Preparing to unpack .../416-libxinerama-dev_2%3a1.1.4-3build1_arm64.deb ...
#10 57.98 Unpacking libxinerama-dev:arm64 (2:1.1.4-3build1) ...
#10 57.99 Selecting previously unselected package libxkbcommon-dev:arm64.
#10 57.99 Preparing to unpack .../417-libxkbcommon-dev_1.6.0-1build1_arm64.deb ...
#10 57.99 Unpacking libxkbcommon-dev:arm64 (1.6.0-1build1) ...
#10 58.00 Selecting previously unselected package libxrandr-dev:arm64.
#10 58.00 Preparing to unpack .../418-libxrandr-dev_2%3a1.5.2-2build1_arm64.deb ...
#10 58.01 Unpacking libxrandr-dev:arm64 (2:1.5.2-2build1) ...
#10 58.01 Selecting previously unselected package wayland-protocols.
#10 58.02 Preparing to unpack .../419-wayland-protocols_1.45-1~ubuntu0.24.04.2_all.deb ...
#10 58.02 Unpacking wayland-protocols (1.45-1~ubuntu0.24.04.2) ...
#10 58.03 Selecting previously unselected package libgtk-3-dev:arm64.
#10 58.04 Preparing to unpack .../420-libgtk-3-dev_3.24.41-4ubuntu1.3_arm64.deb ...
#10 58.04 Unpacking libgtk-3-dev:arm64 (3.24.41-4ubuntu1.3) ...
#10 58.09 Selecting previously unselected package libayatana-ido3-dev.
#10 58.09 Preparing to unpack .../421-libayatana-ido3-dev_0.10.1-1build2_arm64.deb ...
#10 58.09 Unpacking libayatana-ido3-dev (0.10.1-1build2) ...
#10 58.10 Selecting previously unselected package libayatana-indicator3-dev.
#10 58.11 Preparing to unpack .../422-libayatana-indicator3-dev_0.9.4-1build1_arm64.deb ...
#10 58.11 Unpacking libayatana-indicator3-dev (0.9.4-1build1) ...
#10 58.12 Selecting previously unselected package libdbusmenu-glib-dev:arm64.
#10 58.12 Preparing to unpack .../423-libdbusmenu-glib-dev_18.10.20180917~bzr492+repack1-3.1ubuntu5_arm64.deb ...
#10 58.12 Unpacking libdbusmenu-glib-dev:arm64 (18.10.20180917~bzr492+repack1-3.1ubuntu5) ...
#10 58.13 Selecting previously unselected package libayatana-appindicator3-dev.
#10 58.13 Preparing to unpack .../424-libayatana-appindicator3-dev_0.5.93-1build3_arm64.deb ...
#10 58.13 Unpacking libayatana-appindicator3-dev (0.5.93-1build3) ...
#10 58.14 Selecting previously unselected package libltdl7:arm64.
#10 58.15 Preparing to unpack .../425-libltdl7_2.4.7-7build1_arm64.deb ...
#10 58.15 Unpacking libltdl7:arm64 (2.4.7-7build1) ...
#10 58.16 Selecting previously unselected package libtdb1:arm64.
#10 58.16 Preparing to unpack .../426-libtdb1_1.4.10-1build1_arm64.deb ...
#10 58.16 Unpacking libtdb1:arm64 (1.4.10-1build1) ...
#10 58.17 Selecting previously unselected package libvorbisfile3:arm64.
#10 58.18 Preparing to unpack .../427-libvorbisfile3_1.3.7-1build3_arm64.deb ...
#10 58.18 Unpacking libvorbisfile3:arm64 (1.3.7-1build3) ...
#10 58.19 Selecting previously unselected package sound-theme-freedesktop.
#10 58.19 Preparing to unpack .../428-sound-theme-freedesktop_0.8-2ubuntu1_all.deb ...
#10 58.19 Unpacking sound-theme-freedesktop (0.8-2ubuntu1) ...
#10 58.22 Selecting previously unselected package libcanberra0t64:arm64.
#10 58.22 Preparing to unpack .../429-libcanberra0t64_0.30-10ubuntu10_arm64.deb ...
#10 58.22 Unpacking libcanberra0t64:arm64 (0.30-10ubuntu10) ...
#10 58.23 Selecting previously unselected package libdouble-conversion3:arm64.
#10 58.23 Preparing to unpack .../430-libdouble-conversion3_3.3.0-1build1_arm64.deb ...
#10 58.23 Unpacking libdouble-conversion3:arm64 (3.3.0-1build1) ...
#10 58.25 Selecting previously unselected package libqt5core5t64:arm64.
#10 58.25 Preparing to unpack .../431-libqt5core5t64_5.15.13+dfsg-1ubuntu1_arm64.deb ...
#10 58.25 Unpacking libqt5core5t64:arm64 (5.15.13+dfsg-1ubuntu1) ...
#10 58.28 Selecting previously unselected package libqt5dbus5t64:arm64.
#10 58.29 Preparing to unpack .../432-libqt5dbus5t64_5.15.13+dfsg-1ubuntu1_arm64.deb ...
#10 58.29 Unpacking libqt5dbus5t64:arm64 (5.15.13+dfsg-1ubuntu1) ...
#10 58.30 Selecting previously unselected package libmtdev1t64:arm64.
#10 58.31 Preparing to unpack .../433-libmtdev1t64_1.1.6-1.1build1_arm64.deb ...
#10 58.31 Unpacking libmtdev1t64:arm64 (1.1.6-1.1build1) ...
#10 58.31 Selecting previously unselected package libwacom-common.
#10 58.32 Preparing to unpack .../434-libwacom-common_2.10.0-2_all.deb ...
#10 58.32 Unpacking libwacom-common (2.10.0-2) ...
#10 58.35 Selecting previously unselected package libwacom9:arm64.
#10 58.35 Preparing to unpack .../435-libwacom9_2.10.0-2_arm64.deb ...
#10 58.35 Unpacking libwacom9:arm64 (2.10.0-2) ...
#10 58.36 Selecting previously unselected package libinput-bin.
#10 58.36 Preparing to unpack .../436-libinput-bin_1.25.0-1ubuntu3.4_arm64.deb ...
#10 58.36 Unpacking libinput-bin (1.25.0-1ubuntu3.4) ...
#10 58.38 Selecting previously unselected package libinput10:arm64.
#10 58.38 Preparing to unpack .../437-libinput10_1.25.0-1ubuntu3.4_arm64.deb ...
#10 58.38 Unpacking libinput10:arm64 (1.25.0-1ubuntu3.4) ...
#10 58.39 Selecting previously unselected package libmd4c0:arm64.
#10 58.39 Preparing to unpack .../438-libmd4c0_0.4.8-1build1_arm64.deb ...
#10 58.39 Unpacking libmd4c0:arm64 (0.4.8-1build1) ...
#10 58.41 Selecting previously unselected package libqt5network5t64:arm64.
#10 58.41 Preparing to unpack .../439-libqt5network5t64_5.15.13+dfsg-1ubuntu1_arm64.deb ...
#10 58.41 Unpacking libqt5network5t64:arm64 (5.15.13+dfsg-1ubuntu1) ...
#10 58.43 Selecting previously unselected package libxcb-icccm4:arm64.
#10 58.43 Preparing to unpack .../440-libxcb-icccm4_0.4.1-1.1build3_arm64.deb ...
#10 58.43 Unpacking libxcb-icccm4:arm64 (0.4.1-1.1build3) ...
#10 58.44 Selecting previously unselected package libxcb-util1:arm64.
#10 58.45 Preparing to unpack .../441-libxcb-util1_0.4.0-1build3_arm64.deb ...
#10 58.45 Unpacking libxcb-util1:arm64 (0.4.0-1build3) ...
#10 58.46 Selecting previously unselected package libxcb-image0:arm64.
#10 58.46 Preparing to unpack .../442-libxcb-image0_0.4.0-2build1_arm64.deb ...
#10 58.47 Unpacking libxcb-image0:arm64 (0.4.0-2build1) ...
#10 58.48 Selecting previously unselected package libxcb-keysyms1:arm64.
#10 58.48 Preparing to unpack .../443-libxcb-keysyms1_0.4.0-1build4_arm64.deb ...
#10 58.48 Unpacking libxcb-keysyms1:arm64 (0.4.0-1build4) ...
#10 58.49 Selecting previously unselected package libxcb-render-util0:arm64.
#10 58.50 Preparing to unpack .../444-libxcb-render-util0_0.3.9-1build4_arm64.deb ...
#10 58.50 Unpacking libxcb-render-util0:arm64 (0.3.9-1build4) ...
#10 58.51 Selecting previously unselected package libxcb-shape0:arm64.
#10 58.51 Preparing to unpack .../445-libxcb-shape0_1.15-1ubuntu2_arm64.deb ...
#10 58.51 Unpacking libxcb-shape0:arm64 (1.15-1ubuntu2) ...
#10 58.53 Selecting previously unselected package libxcb-xinerama0:arm64.
#10 58.53 Preparing to unpack .../446-libxcb-xinerama0_1.15-1ubuntu2_arm64.deb ...
#10 58.53 Unpacking libxcb-xinerama0:arm64 (1.15-1ubuntu2) ...
#10 58.55 Selecting previously unselected package libxcb-xinput0:arm64.
#10 58.55 Preparing to unpack .../447-libxcb-xinput0_1.15-1ubuntu2_arm64.deb ...
#10 58.55 Unpacking libxcb-xinput0:arm64 (1.15-1ubuntu2) ...
#10 58.56 Selecting previously unselected package libxcb-xkb1:arm64.
#10 58.57 Preparing to unpack .../448-libxcb-xkb1_1.15-1ubuntu2_arm64.deb ...
#10 58.57 Unpacking libxcb-xkb1:arm64 (1.15-1ubuntu2) ...
#10 58.58 Selecting previously unselected package libxkbcommon-x11-0:arm64.
#10 58.58 Preparing to unpack .../449-libxkbcommon-x11-0_1.6.0-1build1_arm64.deb ...
#10 58.58 Unpacking libxkbcommon-x11-0:arm64 (1.6.0-1build1) ...
#10 58.59 Selecting previously unselected package libqt5gui5t64:arm64.
#10 58.60 Preparing to unpack .../450-libqt5gui5t64_5.15.13+dfsg-1ubuntu1_arm64.deb ...
#10 58.60 Unpacking libqt5gui5t64:arm64 (5.15.13+dfsg-1ubuntu1) ...
#10 58.64 Selecting previously unselected package libqt5widgets5t64:arm64.
#10 58.64 Preparing to unpack .../451-libqt5widgets5t64_5.15.13+dfsg-1ubuntu1_arm64.deb ...
#10 58.64 Unpacking libqt5widgets5t64:arm64 (5.15.13+dfsg-1ubuntu1) ...
#10 58.67 Selecting previously unselected package libdbusmenu-qt5-2:arm64.
#10 58.67 Preparing to unpack .../452-libdbusmenu-qt5-2_0.9.3+16.04.20160218-2build3_arm64.deb ...
#10 58.68 Unpacking libdbusmenu-qt5-2:arm64 (0.9.3+16.04.20160218-2build3) ...
#10 58.69 Selecting previously unselected package libei1:arm64.
#10 58.69 Preparing to unpack .../453-libei1_1.2.1-1_arm64.deb ...
#10 58.69 Unpacking libei1:arm64 (1.2.1-1) ...
#10 58.70 Selecting previously unselected package libei-dev:arm64.
#10 58.70 Preparing to unpack .../454-libei-dev_1.2.1-1_arm64.deb ...
#10 58.70 Unpacking libei-dev:arm64 (1.2.1-1) ...
#10 58.71 Selecting previously unselected package libfsverity0:arm64.
#10 58.71 Preparing to unpack .../455-libfsverity0_1.5-1.1build3_arm64.deb ...
#10 58.71 Unpacking libfsverity0:arm64 (1.5-1.1build3) ...
#10 58.72 Selecting previously unselected package libgpg-error-dev.
#10 58.73 Preparing to unpack .../456-libgpg-error-dev_1.47-3build2.1_arm64.deb ...
#10 58.73 Unpacking libgpg-error-dev (1.47-3build2.1) ...
#10 58.74 Selecting previously unselected package libgcrypt20-dev.
#10 58.74 Preparing to unpack .../457-libgcrypt20-dev_1.10.3-2ubuntu0.1_arm64.deb ...
#10 58.74 Unpacking libgcrypt20-dev (1.10.3-2ubuntu0.1) ...
#10 58.76 Selecting previously unselected package libglu1-mesa:arm64.
#10 58.76 Preparing to unpack .../458-libglu1-mesa_9.0.2-1.1build1_arm64.deb ...
#10 58.76 Unpacking libglu1-mesa:arm64 (9.0.2-1.1build1) ...
#10 58.77 Selecting previously unselected package libglu1-mesa-dev:arm64.
#10 58.77 Preparing to unpack .../459-libglu1-mesa-dev_9.0.2-1.1build1_arm64.deb ...
#10 58.77 Unpacking libglu1-mesa-dev:arm64 (9.0.2-1.1build1) ...
#10 58.78 Selecting previously unselected package libgpgme11t64:arm64.
#10 58.79 Preparing to unpack .../460-libgpgme11t64_1.18.0-4.1ubuntu4_arm64.deb ...
#10 58.79 Unpacking libgpgme11t64:arm64 (1.18.0-4.1ubuntu4) ...
#10 58.80 Selecting previously unselected package libgpgmepp6t64:arm64.
#10 58.80 Preparing to unpack .../461-libgpgmepp6t64_1.18.0-4.1ubuntu4_arm64.deb ...
#10 58.80 Unpacking libgpgmepp6t64:arm64 (1.18.0-4.1ubuntu4) ...
#10 58.81 Selecting previously unselected package libjavascriptcoregtk-4.1-dev:arm64.
#10 58.81 Preparing to unpack .../462-libjavascriptcoregtk-4.1-dev_2.52.3-0ubuntu0.24.04.1_arm64.deb ...
#10 58.82 Unpacking libjavascriptcoregtk-4.1-dev:arm64 (2.52.3-0ubuntu0.24.04.1) ...
#10 58.83 Selecting previously unselected package libjs-async.
#10 58.83 Preparing to unpack .../463-libjs-async_0.8.0-6_all.deb ...
#10 58.83 Unpacking libjs-async (0.8.0-6) ...
#10 58.84 Selecting previously unselected package libjs-events.
#10 58.84 Preparing to unpack .../464-libjs-events_3.3.0+~3.0.0-3_all.deb ...
#10 58.84 Unpacking libjs-events (3.3.0+~3.0.0-3) ...
#10 58.85 Selecting previously unselected package libjs-is-typedarray.
#10 58.85 Preparing to unpack .../465-libjs-is-typedarray_1.0.0-4_all.deb ...
#10 58.85 Unpacking libjs-is-typedarray (1.0.0-4) ...
#10 58.86 Selecting previously unselected package libjs-prettify.
#10 58.86 Preparing to unpack .../466-libjs-prettify_2015.12.04+dfsg-1.1_all.deb ...
#10 58.86 Unpacking libjs-prettify (2015.12.04+dfsg-1.1) ...
#10 58.87 Selecting previously unselected package libjs-sprintf-js.
#10 58.88 Preparing to unpack .../467-libjs-sprintf-js_1.1.2+ds1+~1.1.2-1_all.deb ...
#10 58.88 Unpacking libjs-sprintf-js (1.1.2+ds1+~1.1.2-1) ...
#10 58.88 Selecting previously unselected package libjs-typedarray-to-buffer.
#10 58.89 Preparing to unpack .../468-libjs-typedarray-to-buffer_4.0.0-2_all.deb ...
#10 58.89 Unpacking libjs-typedarray-to-buffer (4.0.0-2) ...
#10 58.90 Selecting previously unselected package node-lodash-packages.
#10 58.90 Preparing to unpack .../469-node-lodash-packages_4.17.21+dfsg+~cs8.31.198.20210220-9_all.deb ...
#10 58.90 Unpacking node-lodash-packages (4.17.21+dfsg+~cs8.31.198.20210220-9) ...
#10 59.00 Selecting previously unselected package node-function-bind.
#10 59.00 Preparing to unpack .../470-node-function-bind_1.1.2+~cs2.1.14-1_all.deb ...
#10 59.00 Unpacking node-function-bind (1.1.2+~cs2.1.14-1) ...
#10 59.01 Selecting previously unselected package node-object-inspect.
#10 59.01 Preparing to unpack .../471-node-object-inspect_1.12.2+~cs1.8.1-1_all.deb ...
#10 59.01 Unpacking node-object-inspect (1.12.2+~cs1.8.1-1) ...
#10 59.02 Selecting previously unselected package node-es-abstract.
#10 59.02 Preparing to unpack .../472-node-es-abstract_1.20.4+~cs26.27.47-1_all.deb ...
#10 59.02 Unpacking node-es-abstract (1.20.4+~cs26.27.47-1) ...
#10 59.09 Selecting previously unselected package node-resolve.
#10 59.09 Preparing to unpack .../473-node-resolve_1.22.8+~cs5.34.15-2_all.deb ...
#10 59.09 Unpacking node-resolve (1.22.8+~cs5.34.15-2) ...
#10 59.10 Selecting previously unselected package node-define-properties.
#10 59.10 Preparing to unpack .../474-node-define-properties_1.2.1+~cs2.2.3-1_all.deb ...
#10 59.10 Unpacking node-define-properties (1.2.1+~cs2.2.3-1) ...
#10 59.11 Selecting previously unselected package node-debbundle-es-to-primitive.
#10 59.12 Preparing to unpack .../475-node-debbundle-es-to-primitive_1.2.1+~cs9.7.25-2_all.deb ...
#10 59.12 Unpacking node-debbundle-es-to-primitive (1.2.1+~cs9.7.25-2) ...
#10 59.13 Selecting previously unselected package node-isobject.
#10 59.13 Preparing to unpack .../476-node-isobject_4.0.0-2_all.deb ...
#10 59.13 Unpacking node-isobject (4.0.0-2) ...
#10 59.14 Selecting previously unselected package node-is-descriptor.
#10 59.14 Preparing to unpack .../477-node-is-descriptor_3.0.0-2_all.deb ...
#10 59.14 Unpacking node-is-descriptor (3.0.0-2) ...
#10 59.15 Selecting previously unselected package node-define-property.
#10 59.15 Preparing to unpack .../478-node-define-property_2.0.2+really+2.0.2-3_all.deb ...
#10 59.15 Unpacking node-define-property (2.0.2+really+2.0.2-3) ...
#10 59.16 Selecting previously unselected package node-defined.
#10 59.16 Preparing to unpack .../479-node-defined_1.0.1+~1.0.0-1_all.deb ...
#10 59.17 Unpacking node-defined (1.0.1+~1.0.0-1) ...
#10 59.18 Selecting previously unselected package node-abbrev.
#10 59.18 Preparing to unpack .../480-node-abbrev_1.1.1+~1.1.2-1_all.deb ...
#10 59.18 Unpacking node-abbrev (1.1.1+~1.1.2-1) ...
#10 59.19 Selecting previously unselected package node-archy.
#10 59.19 Preparing to unpack .../481-node-archy_1.0.0-6_all.deb ...
#10 59.19 Unpacking node-archy (1.0.0-6) ...
#10 59.20 Selecting previously unselected package node-async.
#10 59.20 Preparing to unpack .../482-node-async_0.8.0-6_all.deb ...
#10 59.20 Unpacking node-async (0.8.0-6) ...
#10 59.21 Selecting previously unselected package node-convert-source-map.
#10 59.21 Preparing to unpack .../483-node-convert-source-map_1.9.0+~1.5.2-1_all.deb ...
#10 59.22 Unpacking node-convert-source-map (1.9.0+~1.5.2-1) ...
#10 59.23 Selecting previously unselected package node-decamelize.
#10 59.23 Preparing to unpack .../484-node-decamelize_4.0.0-2_all.deb ...
#10 59.23 Unpacking node-decamelize (4.0.0-2) ...
#10 59.24 Selecting previously unselected package node-es6-error.
#10 59.24 Preparing to unpack .../485-node-es6-error_4.1.1-5_all.deb ...
#10 59.24 Unpacking node-es6-error (4.1.1-5) ...
#10 59.25 Selecting previously unselected package node-esprima.
#10 59.25 Preparing to unpack .../486-node-esprima_4.0.1+ds+~4.0.3-2_all.deb ...
#10 59.26 Unpacking node-esprima (4.0.1+ds+~4.0.3-2) ...
#10 59.27 Selecting previously unselected package node-escodegen.
#10 59.27 Preparing to unpack .../487-node-escodegen_2.1.0+dfsg+~0.0.8-1_all.deb ...
#10 59.28 Unpacking node-escodegen (2.1.0+dfsg+~0.0.8-1) ...
#10 59.29 Selecting previously unselected package node-commondir.
#10 59.30 Preparing to unpack .../488-node-commondir_1.0.1+~1.0.0-1_all.deb ...
#10 59.30 Unpacking node-commondir (1.0.1+~1.0.0-1) ...
#10 59.31 Selecting previously unselected package node-is-number.
#10 59.31 Preparing to unpack .../489-node-is-number_7.0.0-4_all.deb ...
#10 59.31 Unpacking node-is-number (7.0.0-4) ...
#10 59.32 Selecting previously unselected package node-repeat-string.
#10 59.32 Preparing to unpack .../490-node-repeat-string_1.6.1+repack-1_all.deb ...
#10 59.32 Unpacking node-repeat-string (1.6.1+repack-1) ...
#10 59.33 Selecting previously unselected package node-to-regex-range.
#10 59.34 Preparing to unpack .../491-node-to-regex-range_5.0.1-4_all.deb ...
#10 59.34 Unpacking node-to-regex-range (5.0.1-4) ...
#10 59.35 Selecting previously unselected package node-fill-range.
#10 59.35 Preparing to unpack .../492-node-fill-range_7.0.1+~7.0.0-1_all.deb ...
#10 59.35 Unpacking node-fill-range (7.0.1+~7.0.0-1) ...
#10 59.36 Selecting previously unselected package node-braces.
#10 59.36 Preparing to unpack .../493-node-braces_3.0.2+~3.0.1-1_all.deb ...
#10 59.37 Unpacking node-braces (3.0.2+~3.0.1-1) ...
#10 59.38 Selecting previously unselected package node-normalize-path.
#10 59.38 Preparing to unpack .../494-node-normalize-path_3.0.0+~3.0.0-1_all.deb ...
#10 59.38 Unpacking node-normalize-path (3.0.0+~3.0.0-1) ...
#10 59.39 Selecting previously unselected package node-anymatch.
#10 59.39 Preparing to unpack .../495-node-anymatch_3.1.3+~cs4.6.1-2_all.deb ...
#10 59.39 Unpacking node-anymatch (3.1.3+~cs4.6.1-2) ...
#10 59.40 Selecting previously unselected package node-micromatch.
#10 59.40 Preparing to unpack .../496-node-micromatch_4.0.5+~4.0.2-1_all.deb ...
#10 59.40 Unpacking node-micromatch (4.0.5+~4.0.2-1) ...
#10 59.41 Selecting previously unselected package node-pify.
#10 59.42 Preparing to unpack .../497-node-pify_5.0.0+~cs5.0.1-1_all.deb ...
#10 59.42 Unpacking node-pify (5.0.0+~cs5.0.1-1) ...
#10 59.43 Selecting previously unselected package node-path-type.
#10 59.43 Preparing to unpack .../498-node-path-type_4.0.0-3_all.deb ...
#10 59.43 Unpacking node-path-type (4.0.0-3) ...
#10 59.44 Selecting previously unselected package node-n3.
#10 59.44 Preparing to unpack .../499-node-n3_1.16.3+~1.2.3+~1.10.4-1_all.deb ...
#10 59.44 Unpacking node-n3 (1.16.3+~1.2.3+~1.10.4-1) ...
#10 59.45 Selecting previously unselected package node-slash.
#10 59.45 Preparing to unpack .../500-node-slash_4.0.0-3_all.deb ...
#10 59.46 Unpacking node-slash (4.0.0-3) ...
#10 59.47 Selecting previously unselected package node-globby.
#10 59.47 Preparing to unpack .../501-node-globby_13.1.3+~cs16.25.40-2_all.deb ...
#10 59.47 Unpacking node-globby (13.1.3+~cs16.25.40-2) ...
#10 59.49 Selecting previously unselected package node-graceful-fs.
#10 59.49 Preparing to unpack .../502-node-graceful-fs_4.2.10-1_all.deb ...
#10 59.49 Unpacking node-graceful-fs (4.2.10-1) ...
#10 59.50 Selecting previously unselected package node-is-path-cwd.
#10 59.50 Preparing to unpack .../503-node-is-path-cwd_2.2.0-2_all.deb ...
#10 59.50 Unpacking node-is-path-cwd (2.2.0-2) ...
#10 59.51 Selecting previously unselected package node-path-is-inside.
#10 59.51 Preparing to unpack .../504-node-path-is-inside_1.0.2+~1.0.0-1_all.deb ...
#10 59.51 Unpacking node-path-is-inside (1.0.2+~1.0.0-1) ...
#10 59.52 Selecting previously unselected package node-is-path-inside.
#10 59.53 Preparing to unpack .../505-node-is-path-inside_3.0.3-2_all.deb ...
#10 59.53 Unpacking node-is-path-inside (3.0.3-2) ...
#10 59.54 Selecting previously unselected package node-escape-string-regexp.
#10 59.54 Preparing to unpack .../506-node-escape-string-regexp_4.0.0-2_all.deb ...
#10 59.54 Unpacking node-escape-string-regexp (4.0.0-2) ...
#10 59.55 Selecting previously unselected package node-indent-string.
#10 59.55 Preparing to unpack .../507-node-indent-string_4.0.0-2_all.deb ...
#10 59.55 Unpacking node-indent-string (4.0.0-2) ...
#10 59.56 Selecting previously unselected package node-p-map.
#10 59.56 Preparing to unpack .../508-node-p-map_4.0.0+~3.1.0+~3.0.1-1_all.deb ...
#10 59.56 Unpacking node-p-map (4.0.0+~3.1.0+~3.0.1-1) ...
#10 59.57 Selecting previously unselected package node-del.
#10 59.57 Preparing to unpack .../509-node-del_7.0.0-5_all.deb ...
#10 59.57 Unpacking node-del (7.0.0-5) ...
#10 59.58 Selecting previously unselected package node-make-dir.
#10 59.58 Preparing to unpack .../510-node-make-dir_3.1.0-3_all.deb ...
#10 59.58 Unpacking node-make-dir (3.1.0-3) ...
#10 59.59 Selecting previously unselected package node-p-limit.
#10 59.59 Preparing to unpack .../511-node-p-limit_4.0.0+~cs4.0.0-5_all.deb ...
#10 59.60 Unpacking node-p-limit (4.0.0+~cs4.0.0-5) ...
#10 59.60 Selecting previously unselected package node-p-locate.
#10 59.61 Preparing to unpack .../512-node-p-locate_6.0.0-12_all.deb ...
#10 59.61 Unpacking node-p-locate (6.0.0-12) ...
#10 59.62 Selecting previously unselected package node-locate-path.
#10 59.62 Preparing to unpack .../513-node-locate-path_7.1.1-2_all.deb ...
#10 59.62 Unpacking node-locate-path (7.1.1-2) ...
#10 59.63 Selecting previously unselected package node-path-exists.
#10 59.63 Preparing to unpack .../514-node-path-exists_5.0.0-8_all.deb ...
#10 59.63 Unpacking node-path-exists (5.0.0-8) ...
#10 59.64 Selecting previously unselected package node-find-up.
#10 59.64 Preparing to unpack .../515-node-find-up_6.3.0-7_all.deb ...
#10 59.65 Unpacking node-find-up (6.3.0-7) ...
#10 59.65 Selecting previously unselected package node-pkg-dir.
#10 59.66 Preparing to unpack .../516-node-pkg-dir_5.0.0-2_all.deb ...
#10 59.66 Unpacking node-pkg-dir (5.0.0-2) ...
#10 59.66 Selecting previously unselected package node-find-cache-dir.
#10 59.67 Preparing to unpack .../517-node-find-cache-dir_3.3.2+~3.2.1-1_all.deb ...
#10 59.67 Unpacking node-find-cache-dir (3.3.2+~3.2.1-1) ...
#10 59.68 Selecting previously unselected package node-signal-exit.
#10 59.68 Preparing to unpack .../518-node-signal-exit_4.1.0-6_all.deb ...
#10 59.68 Unpacking node-signal-exit (4.1.0-6) ...
#10 59.69 Selecting previously unselected package node-foreground-child.
#10 59.69 Preparing to unpack .../519-node-foreground-child_3.1.1-2_all.deb ...
#10 59.69 Unpacking node-foreground-child (3.1.1-2) ...
#10 59.70 Selecting previously unselected package node-is-stream.
#10 59.70 Preparing to unpack .../520-node-is-stream_3.0.0-4_all.deb ...
#10 59.70 Unpacking node-is-stream (3.0.0-4) ...
#10 59.71 Selecting previously unselected package node-is-windows.
#10 59.72 Preparing to unpack .../521-node-is-windows_1.0.2+~cs1.0.0-1_all.deb ...
#10 59.72 Unpacking node-is-windows (1.0.2+~cs1.0.0-1) ...
#10 59.73 Selecting previously unselected package node-ampproject-remapping.
#10 59.73 Preparing to unpack .../522-node-ampproject-remapping_2.2.0+~cs5.15.37-1_all.deb ...
#10 59.73 Unpacking node-ampproject-remapping (2.2.0+~cs5.15.37-1) ...
#10 59.74 Selecting previously unselected package node-sprintf-js.
#10 59.75 Preparing to unpack .../523-node-sprintf-js_1.1.2+ds1+~1.1.2-1_all.deb ...
#10 59.75 Unpacking node-sprintf-js (1.1.2+ds1+~1.1.2-1) ...
#10 59.76 Selecting previously unselected package node-argparse.
#10 59.76 Preparing to unpack .../524-node-argparse_2.0.1-2_all.deb ...
#10 59.76 Unpacking node-argparse (2.0.1-2) ...
#10 59.77 Selecting previously unselected package node-js-yaml.
#10 59.77 Preparing to unpack .../525-node-js-yaml_4.1.0+dfsg+~4.0.5-7_all.deb ...
#10 59.77 Unpacking node-js-yaml (4.1.0+dfsg+~4.0.5-7) ...
#10 59.78 Selecting previously unselected package node-nopt.
#10 59.79 Preparing to unpack .../526-node-nopt_5.0.0-4_all.deb ...
#10 59.79 Unpacking node-nopt (5.0.0-4) ...
#10 59.80 Selecting previously unselected package node-npm-run-path.
#10 59.80 Preparing to unpack .../527-node-npm-run-path_5.1.0+~4.0.0-8_all.deb ...
#10 59.80 Unpacking node-npm-run-path (5.1.0+~4.0.0-8) ...
#10 59.81 Selecting previously unselected package node-shebang-regex.
#10 59.81 Preparing to unpack .../528-node-shebang-regex_3.0.0-2_all.deb ...
#10 59.81 Unpacking node-shebang-regex (3.0.0-2) ...
#10 59.82 Selecting previously unselected package node-shebang-command.
#10 59.82 Preparing to unpack .../529-node-shebang-command_2.0.0-1_all.deb ...
#10 59.82 Unpacking node-shebang-command (2.0.0-1) ...
#10 59.84 Selecting previously unselected package node-strip-bom.
#10 59.84 Preparing to unpack .../530-node-strip-bom_4.0.0-2_all.deb ...
#10 59.84 Unpacking node-strip-bom (4.0.0-2) ...
#10 59.85 Selecting previously unselected package node-has-flag.
#10 59.85 Preparing to unpack .../531-node-has-flag_4.0.0-3_all.deb ...
#10 59.85 Unpacking node-has-flag (4.0.0-3) ...
#10 59.86 Selecting previously unselected package node-supports-color.
#10 59.86 Preparing to unpack .../532-node-supports-color_8.1.1+~8.1.1-1_all.deb ...
#10 59.86 Unpacking node-supports-color (8.1.1+~8.1.1-1) ...
#10 59.87 Selecting previously unselected package node-util.
#10 59.87 Preparing to unpack .../533-node-util_0.12.5+~1.0.10-1_all.deb ...
#10 59.88 Unpacking node-util (0.12.5+~1.0.10-1) ...
#10 59.88 Selecting previously unselected package node-assert.
#10 59.89 Preparing to unpack .../534-node-assert_2.0.0+~cs3.9.8-2_all.deb ...
#10 59.89 Unpacking node-assert (2.0.0+~cs3.9.8-2) ...
#10 59.90 Selecting previously unselected package node-babel-plugin-add-module-exports.
#10 59.90 Preparing to unpack .../535-node-babel-plugin-add-module-exports_1.0.4+dfsg1~cs5.8.0-4_all.deb ...
#10 59.90 Unpacking node-babel-plugin-add-module-exports (1.0.4+dfsg1~cs5.8.0-4) ...
#10 59.91 Selecting previously unselected package node-regenerator-runtime.
#10 59.91 Preparing to unpack .../536-node-regenerator-runtime_0.15.2+~0.10.8-1_all.deb ...
#10 59.91 Unpacking node-regenerator-runtime (0.15.2+~0.10.8-1) ...
#10 59.92 Selecting previously unselected package node-babel7-runtime.
#10 59.93 Preparing to unpack .../537-node-babel7-runtime_7.20.15+ds1+~cs214.269.168-6build1_all.deb ...
#10 59.93 Unpacking node-babel7-runtime (7.20.15+ds1+~cs214.269.168-6build1) ...
#10 59.95 Selecting previously unselected package node-babel-helper-define-polyfill-provider.
#10 59.95 Preparing to unpack .../538-node-babel-helper-define-polyfill-provider_0.3.3~0~20220913+ds1-1_all.deb ...
#10 59.95 Unpacking node-babel-helper-define-polyfill-provider (0.3.3~0~20220913+ds1-1) ...
#10 59.96 Selecting previously unselected package node-babel-plugin-polyfill-corejs2.
#10 59.97 Preparing to unpack .../539-node-babel-plugin-polyfill-corejs2_0.3.3~0~20220913+ds1-1_all.deb ...
#10 59.97 Unpacking node-babel-plugin-polyfill-corejs2 (0.3.3~0~20220913+ds1-1) ...
#10 59.98 Selecting previously unselected package node-caniuse-lite.
#10 59.98 Preparing to unpack .../540-node-caniuse-lite_1.0.30001571+dfsg+~1.0.5-1_all.deb ...
#10 59.98 Unpacking node-caniuse-lite (1.0.30001571+dfsg+~1.0.5-1) ...
#10 60.02 Selecting previously unselected package node-electron-to-chromium.
#10 60.03 Preparing to unpack .../541-node-electron-to-chromium_1.4.616-1_all.deb ...
#10 60.03 Unpacking node-electron-to-chromium (1.4.616-1) ...
#10 60.04 Selecting previously unselected package node-picocolors.
#10 60.04 Preparing to unpack .../542-node-picocolors_1.0.0-4_all.deb ...
#10 60.04 Unpacking node-picocolors (1.0.0-4) ...
#10 60.05 Selecting previously unselected package node-browserslist.
#10 60.05 Preparing to unpack .../543-node-browserslist_4.22.1+~cs6.1.28-1_all.deb ...
#10 60.06 Unpacking node-browserslist (4.22.1+~cs6.1.28-1) ...
#10 60.07 Selecting previously unselected package node-core-js-compat.
#10 60.07 Preparing to unpack .../544-node-core-js-compat_3.33.2-1build2_all.deb ...
#10 60.07 Unpacking node-core-js-compat (3.33.2-1build2) ...
#10 60.09 Selecting previously unselected package node-babel-plugin-polyfill-corejs3.
#10 60.10 Preparing to unpack .../545-node-babel-plugin-polyfill-corejs3_0.6.0~0~20220913+ds1-1_all.deb ...
#10 60.10 Unpacking node-babel-plugin-polyfill-corejs3 (0.6.0~0~20220913+ds1-1) ...
#10 60.11 Selecting previously unselected package node-babel-plugin-polyfill-regenerator.
#10 60.12 Preparing to unpack .../546-node-babel-plugin-polyfill-regenerator_0.4.1~0~20220913+ds1-1_all.deb ...
#10 60.12 Unpacking node-babel-plugin-polyfill-regenerator (0.4.1~0~20220913+ds1-1) ...
#10 60.13 Selecting previously unselected package node-color-name.
#10 60.13 Preparing to unpack .../547-node-color-name_1.1.4+~1.1.1-2_all.deb ...
#10 60.14 Unpacking node-color-name (1.1.4+~1.1.1-2) ...
#10 60.15 Selecting previously unselected package node-color-convert.
#10 60.15 Preparing to unpack .../548-node-color-convert_2.0.1+~cs2.0.0-2_all.deb ...
#10 60.15 Unpacking node-color-convert (2.0.1+~cs2.0.0-2) ...
#10 60.16 Selecting previously unselected package node-ansi-styles.
#10 60.16 Preparing to unpack .../549-node-ansi-styles_6.2.1-2_all.deb ...
#10 60.17 Unpacking node-ansi-styles (6.2.1-2) ...
#10 60.18 Selecting previously unselected package node-chalk.
#10 60.18 Preparing to unpack .../550-node-chalk_5.3.0-1build1_all.deb ...
#10 60.18 Unpacking node-chalk (5.3.0-1build1) ...
#10 60.19 Selecting previously unselected package node-for-in.
#10 60.19 Preparing to unpack .../551-node-for-in_1.0.2-4_all.deb ...
#10 60.19 Unpacking node-for-in (1.0.2-4) ...
#10 60.20 Selecting previously unselected package node-for-own.
#10 60.21 Preparing to unpack .../552-node-for-own_1.0.0-3_all.deb ...
#10 60.21 Unpacking node-for-own (1.0.0-3) ...
#10 60.22 Selecting previously unselected package node-is-plain-object.
#10 60.22 Preparing to unpack .../553-node-is-plain-object_5.0.0-7_all.deb ...
#10 60.22 Unpacking node-is-plain-object (5.0.0-7) ...
#10 60.23 Selecting previously unselected package node-is-extendable.
#10 60.23 Preparing to unpack .../554-node-is-extendable_1.0.1-3_all.deb ...
#10 60.24 Unpacking node-is-extendable (1.0.1-3) ...
#10 60.24 Selecting previously unselected package node-clone-deep.
#10 60.25 Preparing to unpack .../555-node-clone-deep_4.0.1+~cs7.0.2-1_all.deb ...
#10 60.25 Unpacking node-clone-deep (4.0.1+~cs7.0.2-1) ...
#10 60.26 Selecting previously unselected package node-commander.
#10 60.26 Preparing to unpack .../556-node-commander_9.4.1-1_all.deb ...
#10 60.26 Unpacking node-commander (9.4.1-1) ...
#10 60.28 Selecting previously unselected package node-core-js.
#10 60.28 Preparing to unpack .../557-node-core-js_3.33.2-1build2_all.deb ...
#10 60.28 Unpacking node-core-js (3.33.2-1build2) ...
#10 60.41 Selecting previously unselected package node-core-js-pure.
#10 60.42 Preparing to unpack .../558-node-core-js-pure_3.33.2-1build2_all.deb ...
#10 60.42 Unpacking node-core-js-pure (3.33.2-1build2) ...
#10 60.53 Selecting previously unselected package node-fs-readdir-recursive.
#10 60.53 Preparing to unpack .../559-node-fs-readdir-recursive_1.1.0+~1.1.0-1_all.deb ...
#10 60.54 Unpacking node-fs-readdir-recursive (1.1.0+~1.1.0-1) ...
#10 60.55 Selecting previously unselected package node-js-tokens.
#10 60.55 Preparing to unpack .../560-node-js-tokens_8.0.0-2_all.deb ...
#10 60.55 Unpacking node-js-tokens (8.0.0-2) ...
#10 60.56 Selecting previously unselected package node-jsesc.
#10 60.56 Preparing to unpack .../561-node-jsesc_3.0.2+~3.0.1-1_all.deb ...
#10 60.56 Unpacking node-jsesc (3.0.2+~3.0.1-1) ...
#10 60.57 Selecting previously unselected package node-json5.
#10 60.58 Preparing to unpack .../562-node-json5_2.2.3+dfsg-1build1_all.deb ...
#10 60.58 Unpacking node-json5 (2.2.3+dfsg-1build1) ...
#10 60.59 Selecting previously unselected package node-quick-lru.
#10 60.59 Preparing to unpack .../563-node-quick-lru_6.1.1-4_all.deb ...
#10 60.59 Unpacking node-quick-lru (6.1.1-4) ...
#10 60.60 Selecting previously unselected package node-regenerator-transform.
#10 60.60 Preparing to unpack .../564-node-regenerator-transform_0.15.2+~0.10.8-1_all.deb ...
#10 60.60 Unpacking node-regenerator-transform (0.15.2+~0.10.8-1) ...
#10 60.62 Selecting previously unselected package node-regjsgen.
#10 60.62 Preparing to unpack .../565-node-regjsgen_0.7.1+ds-1_all.deb ...
#10 60.62 Unpacking node-regjsgen (0.7.1+ds-1) ...
#10 60.63 Selecting previously unselected package node-regjsparser.
#10 60.64 Preparing to unpack .../566-node-regjsparser_0.9.1+ds-2_all.deb ...
#10 60.64 Unpacking node-regjsparser (0.9.1+ds-2) ...
#10 60.65 Selecting previously unselected package node-unicode-canonical-property-names-ecmascript.
#10 60.66 Preparing to unpack .../567-node-unicode-canonical-property-names-ecmascript_2.0.0-2_all.deb ...
#10 60.66 Unpacking node-unicode-canonical-property-names-ecmascript (2.0.0-2) ...
#10 60.67 Selecting previously unselected package node-unicode-property-aliases-ecmascript.
#10 60.67 Preparing to unpack .../568-node-unicode-property-aliases-ecmascript_2.1.0+ds-1_all.deb ...
#10 60.67 Unpacking node-unicode-property-aliases-ecmascript (2.1.0+ds-1) ...
#10 60.68 Selecting previously unselected package node-unicode-match-property-ecmascript.
#10 60.69 Preparing to unpack .../569-node-unicode-match-property-ecmascript_2.0.0-2_all.deb ...
#10 60.69 Unpacking node-unicode-match-property-ecmascript (2.0.0-2) ...
#10 60.70 Selecting previously unselected package node-unicode-match-property-value-ecmascript.
#10 60.70 Preparing to unpack .../570-node-unicode-match-property-value-ecmascript_2.1.0+ds-1_all.deb ...
#10 60.70 Unpacking node-unicode-match-property-value-ecmascript (2.1.0+ds-1) ...
#10 60.71 Selecting previously unselected package node-regexpu-core.
#10 60.72 Preparing to unpack .../571-node-regexpu-core_5.2.2-3_all.deb ...
#10 60.72 Unpacking node-regexpu-core (5.2.2-3) ...
#10 60.73 Selecting previously unselected package node-source-map-support.
#10 60.73 Preparing to unpack .../572-node-source-map-support_0.5.21+ds+~0.5.4-1_all.deb ...
#10 60.73 Unpacking node-source-map-support (0.5.21+ds+~0.5.4-1) ...
#10 60.74 Selecting previously unselected package node-to-fast-properties.
#10 60.75 Preparing to unpack .../573-node-to-fast-properties_3.0.1-3_all.deb ...
#10 60.75 Unpacking node-to-fast-properties (3.0.1-3) ...
#10 60.76 Selecting previously unselected package node-v8flags.
#10 60.76 Preparing to unpack .../574-node-v8flags_3.2.0+~3.1.1-1_all.deb ...
#10 60.76 Unpacking node-v8flags (3.2.0+~3.1.1-1) ...
#10 60.77 Selecting previously unselected package node-babel7.
#10 60.77 Preparing to unpack .../575-node-babel7_7.20.15+ds1+~cs214.269.168-6build1_all.deb ...
#10 60.78 Unpacking node-babel7 (7.20.15+ds1+~cs214.269.168-6build1) ...
#10 60.92 Selecting previously unselected package node-is-arrayish.
#10 60.93 Preparing to unpack .../576-node-is-arrayish_0.3.2-3_all.deb ...
#10 60.93 Unpacking node-is-arrayish (0.3.2-3) ...
#10 60.94 Selecting previously unselected package node-error-ex.
#10 60.95 Preparing to unpack .../577-node-error-ex_1.3.2-4_all.deb ...
#10 60.95 Unpacking node-error-ex (1.3.2-4) ...
#10 60.96 Selecting previously unselected package node-json-parse-better-errors.
#10 60.96 Preparing to unpack .../578-node-json-parse-better-errors_1.0.2+~cs3.3.1-2_all.deb ...
#10 60.96 Unpacking node-json-parse-better-errors (1.0.2+~cs3.3.1-2) ...
#10 60.97 Selecting previously unselected package node-parse-json.
#10 60.98 Preparing to unpack .../579-node-parse-json_5.2.0+~cs5.1.7-1_all.deb ...
#10 60.98 Unpacking node-parse-json (5.2.0+~cs5.1.7-1) ...
#10 60.99 Selecting previously unselected package node-hosted-git-info.
#10 60.99 Preparing to unpack .../580-node-hosted-git-info_6.1.1-2_all.deb ...
#10 60.99 Unpacking node-hosted-git-info (6.1.1-2) ...
#10 61.01 Selecting previously unselected package node-spdx-license-ids.
#10 61.01 Preparing to unpack .../581-node-spdx-license-ids_3.0.12-1_all.deb ...
#10 61.01 Unpacking node-spdx-license-ids (3.0.12-1) ...
#10 61.02 Selecting previously unselected package node-spdx-exceptions.
#10 61.02 Preparing to unpack .../582-node-spdx-exceptions_2.3.0-2_all.deb ...
#10 61.02 Unpacking node-spdx-exceptions (2.3.0-2) ...
#10 61.03 Selecting previously unselected package node-spdx-expression-parse.
#10 61.04 Preparing to unpack .../583-node-spdx-expression-parse_3.0.1+~3.0.1-1_all.deb ...
#10 61.04 Unpacking node-spdx-expression-parse (3.0.1+~3.0.1-1) ...
#10 61.05 Selecting previously unselected package node-spdx-correct.
#10 61.05 Preparing to unpack .../584-node-spdx-correct_3.1.1-2_all.deb ...
#10 61.05 Unpacking node-spdx-correct (3.1.1-2) ...
#10 61.07 Selecting previously unselected package node-validate-npm-package-license.
#10 61.07 Preparing to unpack .../585-node-validate-npm-package-license_3.0.4-2_all.deb ...
#10 61.07 Unpacking node-validate-npm-package-license (3.0.4-2) ...
#10 61.08 Selecting previously unselected package node-normalize-package-data.
#10 61.08 Preparing to unpack .../586-node-normalize-package-data_4.0.1+~2.4.1-1_all.deb ...
#10 61.08 Unpacking node-normalize-package-data (4.0.1+~2.4.1-1) ...
#10 61.09 Selecting previously unselected package node-read-pkg.
#10 61.09 Preparing to unpack .../587-node-read-pkg_5.2.0-2_all.deb ...
#10 61.09 Unpacking node-read-pkg (5.2.0-2) ...
#10 61.10 Selecting previously unselected package node-uuid.
#10 61.10 Preparing to unpack .../588-node-uuid_8.3.2+~8.3.3-4_all.deb ...
#10 61.11 Unpacking node-uuid (8.3.2+~8.3.3-4) ...
#10 61.12 Selecting previously unselected package node-isexe.
#10 61.12 Preparing to unpack .../589-node-isexe_2.0.0+~2.0.1-5_all.deb ...
#10 61.12 Unpacking node-isexe (2.0.0+~2.0.1-5) ...
#10 61.13 Selecting previously unselected package node-which.
#10 61.13 Preparing to unpack .../590-node-which_2.0.2+~cs1.3.2-3_all.deb ...
#10 61.13 Unpacking node-which (2.0.2+~cs1.3.2-3) ...
#10 61.14 Selecting previously unselected package node-is-typedarray.
#10 61.14 Preparing to unpack .../591-node-is-typedarray_1.0.0-4_all.deb ...
#10 61.14 Unpacking node-is-typedarray (1.0.0-4) ...
#10 61.15 Selecting previously unselected package node-typedarray-to-buffer.
#10 61.16 Preparing to unpack .../592-node-typedarray-to-buffer_4.0.0-2_all.deb ...
#10 61.16 Unpacking node-typedarray-to-buffer (4.0.0-2) ...
#10 61.17 Selecting previously unselected package node-write-file-atomic.
#10 61.17 Preparing to unpack .../593-node-write-file-atomic_4.0.2+~4.0.0-2_all.deb ...
#10 61.17 Unpacking node-write-file-atomic (4.0.2+~4.0.0-2) ...
#10 61.18 Selecting previously unselected package node-slice-ansi.
#10 61.18 Preparing to unpack .../594-node-slice-ansi_5.0.0+~cs9.0.0-5_all.deb ...
#10 61.18 Unpacking node-slice-ansi (5.0.0+~cs9.0.0-5) ...
#10 61.19 Selecting previously unselected package node-ansi-regex.
#10 61.20 Preparing to unpack .../595-node-ansi-regex_5.0.1-1_all.deb ...
#10 61.20 Unpacking node-ansi-regex (5.0.1-1) ...
#10 61.21 Selecting previously unselected package node-strip-ansi.
#10 61.21 Preparing to unpack .../596-node-strip-ansi_6.0.1-2_all.deb ...
#10 61.21 Unpacking node-strip-ansi (6.0.1-2) ...
#10 61.22 Selecting previously unselected package node-clone.
#10 61.22 Preparing to unpack .../597-node-clone_2.1.2+~2.1.2-1_all.deb ...
#10 61.22 Unpacking node-clone (2.1.2+~2.1.2-1) ...
#10 61.23 Selecting previously unselected package node-defaults.
#10 61.23 Preparing to unpack .../598-node-defaults_1.0.4+~1.0.3-1_all.deb ...
#10 61.23 Unpacking node-defaults (1.0.4+~1.0.3-1) ...
#10 61.24 Selecting previously unselected package node-wcwidth.js.
#10 61.25 Preparing to unpack .../599-node-wcwidth.js_1.0.2-2_all.deb ...
#10 61.25 Unpacking node-wcwidth.js (1.0.2-2) ...
#10 61.25 Selecting previously unselected package node-string-width.
#10 61.26 Preparing to unpack .../600-node-string-width_4.2.3+~cs13.2.3-1_all.deb ...
#10 61.26 Unpacking node-string-width (4.2.3+~cs13.2.3-1) ...
#10 61.27 Selecting previously unselected package node-wrap-ansi.
#10 61.27 Preparing to unpack .../601-node-wrap-ansi_8.0.1+~8.0.1-3_all.deb ...
#10 61.27 Unpacking node-wrap-ansi (8.0.1+~8.0.1-3) ...
#10 61.28 Selecting previously unselected package node-cliui.
#10 61.28 Preparing to unpack .../602-node-cliui_7.0.4+repack+~cs3.1.0-4_all.deb ...
#10 61.28 Unpacking node-cliui (7.0.4+repack+~cs3.1.0-4) ...
#10 61.29 Selecting previously unselected package node-get-caller-file.
#10 61.30 Preparing to unpack .../603-node-get-caller-file_2.0.5+~cs1.1.1-4_all.deb ...
#10 61.30 Unpacking node-get-caller-file (2.0.5+~cs1.1.1-4) ...
#10 61.31 Selecting previously unselected package node-require-directory.
#10 61.31 Preparing to unpack .../604-node-require-directory_2.1.1+~2.1.2-1_all.deb ...
#10 61.31 Unpacking node-require-directory (2.1.1+~2.1.2-1) ...
#10 61.32 Selecting previously unselected package node-y18n.
#10 61.32 Preparing to unpack .../605-node-y18n_5.0.8+~5.0.0-3_all.deb ...
#10 61.32 Unpacking node-y18n (5.0.8+~5.0.0-3) ...
#10 61.33 Selecting previously unselected package node-camelcase.
#10 61.33 Preparing to unpack .../606-node-camelcase_7.0.0-3_all.deb ...
#10 61.34 Unpacking node-camelcase (7.0.0-3) ...
#10 61.35 Selecting previously unselected package node-yargs-parser.
#10 61.35 Preparing to unpack .../607-node-yargs-parser_21.1.1+~21.0.0-4_all.deb ...
#10 61.35 Unpacking node-yargs-parser (21.1.1+~21.0.0-4) ...
#10 61.36 Selecting previously unselected package node-yargs.
#10 61.36 Preparing to unpack .../608-node-yargs_16.2.0+~16.0.4-7_all.deb ...
#10 61.36 Unpacking node-yargs (16.2.0+~16.0.4-7) ...
#10 61.38 Selecting previously unselected package node-istanbul.
#10 61.38 Preparing to unpack .../609-node-istanbul_0.4.5+repack10+~cs98.25.59-2_all.deb ...
#10 61.38 Unpacking node-istanbul (0.4.5+repack10+~cs98.25.59-2) ...
#10 61.40 Selecting previously unselected package node-through.
#10 61.41 Preparing to unpack .../610-node-through_2.3.8+~cs0.0.30-1_all.deb ...
#10 61.41 Unpacking node-through (2.3.8+~cs0.0.30-1) ...
#10 61.42 Selecting previously unselected package node-resumer.
#10 61.42 Preparing to unpack .../611-node-resumer_0.0.0-6_all.deb ...
#10 61.42 Unpacking node-resumer (0.0.0-6) ...
#10 61.44 Selecting previously unselected package node-tape.
#10 61.44 Preparing to unpack .../612-node-tape_5.6.1+~cs8.20.19-1_all.deb ...
#10 61.44 Unpacking node-tape (5.6.1+~cs8.20.19-1) ...
#10 61.45 Selecting previously unselected package node-deep-equal.
#10 61.46 Preparing to unpack .../613-node-deep-equal_2.2.3+~cs43.15.94-1_all.deb ...
#10 61.46 Unpacking node-deep-equal (2.2.3+~cs43.15.94-1) ...
#10 61.47 Selecting previously unselected package libjs-util.
#10 61.47 Preparing to unpack .../614-libjs-util_0.12.5+~1.0.10-1_all.deb ...
#10 61.48 Unpacking libjs-util (0.12.5+~1.0.10-1) ...
#10 61.49 Selecting previously unselected package libjson-glib-1.0-common.
#10 61.49 Preparing to unpack .../615-libjson-glib-1.0-common_1.8.0-2build2_all.deb ...
#10 61.49 Unpacking libjson-glib-1.0-common (1.8.0-2build2) ...
#10 61.50 Selecting previously unselected package libjson-glib-1.0-0:arm64.
#10 61.50 Preparing to unpack .../616-libjson-glib-1.0-0_1.8.0-2build2_arm64.deb ...
#10 61.50 Unpacking libjson-glib-1.0-0:arm64 (1.8.0-2build2) ...
#10 61.51 Selecting previously unselected package libkf5config-data.
#10 61.52 Preparing to unpack .../617-libkf5config-data_5.115.0-0ubuntu5_all.deb ...
#10 61.52 Unpacking libkf5config-data (5.115.0-0ubuntu5) ...
#10 61.58 Selecting previously unselected package libkf5configcore5:arm64.
#10 61.58 Preparing to unpack .../618-libkf5configcore5_5.115.0-0ubuntu5_arm64.deb ...
#10 61.58 Unpacking libkf5configcore5:arm64 (5.115.0-0ubuntu5) ...
#10 61.59 Selecting previously unselected package libkf5config-bin.
#10 61.59 Preparing to unpack .../619-libkf5config-bin_5.115.0-0ubuntu5_arm64.deb ...
#10 61.59 Unpacking libkf5config-bin (5.115.0-0ubuntu5) ...
#10 61.61 Selecting previously unselected package libqt5xml5t64:arm64.
#10 61.61 Preparing to unpack .../620-libqt5xml5t64_5.15.13+dfsg-1ubuntu1_arm64.deb ...
#10 61.61 Unpacking libqt5xml5t64:arm64 (5.15.13+dfsg-1ubuntu1) ...
#10 61.62 Selecting previously unselected package libkf5config-dev-bin.
#10 61.62 Preparing to unpack .../621-libkf5config-dev-bin_5.115.0-0ubuntu5_arm64.deb ...
#10 61.62 Unpacking libkf5config-dev-bin (5.115.0-0ubuntu5) ...
#10 61.64 Selecting previously unselected package libkf5configgui5:arm64.
#10 61.64 Preparing to unpack .../622-libkf5configgui5_5.115.0-0ubuntu5_arm64.deb ...
#10 61.64 Unpacking libkf5configgui5:arm64 (5.115.0-0ubuntu5) ...
#10 61.65 Selecting previously unselected package libqt5qml5:arm64.
#10 61.66 Preparing to unpack .../623-libqt5qml5_5.15.13+dfsg-1ubuntu0.1_arm64.deb ...
#10 61.66 Unpacking libqt5qml5:arm64 (5.15.13+dfsg-1ubuntu0.1) ...
#10 61.68 Selecting previously unselected package libkf5configqml5:arm64.
#10 61.69 Preparing to unpack .../624-libkf5configqml5_5.115.0-0ubuntu5_arm64.deb ...
#10 61.69 Unpacking libkf5configqml5:arm64 (5.115.0-0ubuntu5) ...
#10 61.70 Selecting previously unselected package libqt5concurrent5t64:arm64.
#10 61.70 Preparing to unpack .../625-libqt5concurrent5t64_5.15.13+dfsg-1ubuntu1_arm64.deb ...
#10 61.70 Unpacking libqt5concurrent5t64:arm64 (5.15.13+dfsg-1ubuntu1) ...
#10 61.71 Selecting previously unselected package libqt5printsupport5t64:arm64.
#10 61.72 Preparing to unpack .../626-libqt5printsupport5t64_5.15.13+dfsg-1ubuntu1_arm64.deb ...
#10 61.72 Unpacking libqt5printsupport5t64:arm64 (5.15.13+dfsg-1ubuntu1) ...
#10 61.73 Selecting previously unselected package libqt5sql5t64:arm64.
#10 61.73 Preparing to unpack .../627-libqt5sql5t64_5.15.13+dfsg-1ubuntu1_arm64.deb ...
#10 61.73 Unpacking libqt5sql5t64:arm64 (5.15.13+dfsg-1ubuntu1) ...
#10 61.75 Selecting previously unselected package libqt5test5t64:arm64.
#10 61.75 Preparing to unpack .../628-libqt5test5t64_5.15.13+dfsg-1ubuntu1_arm64.deb ...
#10 61.75 Unpacking libqt5test5t64:arm64 (5.15.13+dfsg-1ubuntu1) ...
#10 61.76 Selecting previously unselected package libvulkan-dev:arm64.
#10 61.77 Preparing to unpack .../629-libvulkan-dev_1.3.275.0-1build1_arm64.deb ...
#10 61.77 Unpacking libvulkan-dev:arm64 (1.3.275.0-1build1) ...
#10 61.83 Selecting previously unselected package qt5-qmake-bin.
#10 61.83 Preparing to unpack .../630-qt5-qmake-bin_5.15.13+dfsg-1ubuntu1_arm64.deb ...
#10 61.83 Unpacking qt5-qmake-bin (5.15.13+dfsg-1ubuntu1) ...
#10 61.85 Selecting previously unselected package qtchooser.
#10 61.85 Preparing to unpack .../631-qtchooser_66-2build2_arm64.deb ...
#10 61.85 Unpacking qtchooser (66-2build2) ...
#10 61.86 Selecting previously unselected package qt5-qmake:arm64.
#10 61.87 Preparing to unpack .../632-qt5-qmake_5.15.13+dfsg-1ubuntu1_arm64.deb ...
#10 61.87 Unpacking qt5-qmake:arm64 (5.15.13+dfsg-1ubuntu1) ...
#10 61.90 Selecting previously unselected package qtbase5-dev-tools.
#10 61.90 Preparing to unpack .../633-qtbase5-dev-tools_5.15.13+dfsg-1ubuntu1_arm64.deb ...
#10 61.90 Unpacking qtbase5-dev-tools (5.15.13+dfsg-1ubuntu1) ...
#10 61.92 Selecting previously unselected package qtbase5-dev:arm64.
#10 61.92 Preparing to unpack .../634-qtbase5-dev_5.15.13+dfsg-1ubuntu1_arm64.deb ...
#10 61.93 Unpacking qtbase5-dev:arm64 (5.15.13+dfsg-1ubuntu1) ...
#10 62.02 Selecting previously unselected package libkf5config-dev:arm64.
#10 62.02 Preparing to unpack .../635-libkf5config-dev_5.115.0-0ubuntu5_arm64.deb ...
#10 62.02 Unpacking libkf5config-dev:arm64 (5.115.0-0ubuntu5) ...
#10 62.09 Selecting previously unselected package libkf5coreaddons-data.
#10 62.09 Preparing to unpack .../636-libkf5coreaddons-data_5.115.0-0ubuntu5_all.deb ...
#10 62.10 Unpacking libkf5coreaddons-data (5.115.0-0ubuntu5) ...
#10 62.12 Selecting previously unselected package libkf5coreaddons5:arm64.
#10 62.12 Preparing to unpack .../637-libkf5coreaddons5_5.115.0-0ubuntu5_arm64.deb ...
#10 62.12 Unpacking libkf5coreaddons5:arm64 (5.115.0-0ubuntu5) ...
#10 62.14 Selecting previously unselected package libkf5i18n-data.
#10 62.14 Preparing to unpack .../638-libkf5i18n-data_5.115.0-0ubuntu6_all.deb ...
#10 62.14 Unpacking libkf5i18n-data (5.115.0-0ubuntu6) ...
#10 62.19 Selecting previously unselected package libkf5i18n5:arm64.
#10 62.19 Preparing to unpack .../639-libkf5i18n5_5.115.0-0ubuntu6_arm64.deb ...
#10 62.20 Unpacking libkf5i18n5:arm64 (5.115.0-0ubuntu6) ...
#10 62.21 Selecting previously unselected package libkf5notifications-data.
#10 62.21 Preparing to unpack .../640-libkf5notifications-data_5.115.0-0ubuntu6_all.deb ...
#10 62.22 Unpacking libkf5notifications-data (5.115.0-0ubuntu6) ...
#10 62.24 Selecting previously unselected package libkf5windowsystem-data.
#10 62.24 Preparing to unpack .../641-libkf5windowsystem-data_5.115.0-0ubuntu4_all.deb ...
#10 62.25 Unpacking libkf5windowsystem-data (5.115.0-0ubuntu4) ...
#10 62.26 Selecting previously unselected package libqt5x11extras5:arm64.
#10 62.27 Preparing to unpack .../642-libqt5x11extras5_5.15.13-1_arm64.deb ...
#10 62.27 Unpacking libqt5x11extras5:arm64 (5.15.13-1) ...
#10 62.28 Selecting previously unselected package libxcb-res0:arm64.
#10 62.29 Preparing to unpack .../643-libxcb-res0_1.15-1ubuntu2_arm64.deb ...
#10 62.29 Unpacking libxcb-res0:arm64 (1.15-1ubuntu2) ...
#10 62.30 Selecting previously unselected package libkf5windowsystem5:arm64.
#10 62.30 Preparing to unpack .../644-libkf5windowsystem5_5.115.0-0ubuntu4_arm64.deb ...
#10 62.31 Unpacking libkf5windowsystem5:arm64 (5.115.0-0ubuntu4) ...
#10 62.33 Selecting previously unselected package libqt5texttospeech5:arm64.
#10 62.33 Preparing to unpack .../645-libqt5texttospeech5_5.15.13-1_arm64.deb ...
#10 62.33 Unpacking libqt5texttospeech5:arm64 (5.15.13-1) ...
#10 62.35 Selecting previously unselected package libkf5notifications5:arm64.
#10 62.35 Preparing to unpack .../646-libkf5notifications5_5.115.0-0ubuntu6_arm64.deb ...
#10 62.35 Unpacking libkf5notifications5:arm64 (5.115.0-0ubuntu6) ...
#10 62.37 Selecting previously unselected package libkf5wallet-data.
#10 62.37 Preparing to unpack .../647-libkf5wallet-data_5.115.0-0ubuntu3_all.deb ...
#10 62.37 Unpacking libkf5wallet-data (5.115.0-0ubuntu3) ...
#10 62.39 Selecting previously unselected package libkf5widgetsaddons-data.
#10 62.39 Preparing to unpack .../648-libkf5widgetsaddons-data_5.115.0-0ubuntu4_all.deb ...
#10 62.39 Unpacking libkf5widgetsaddons-data (5.115.0-0ubuntu4) ...
#10 62.42 Selecting previously unselected package libkf5widgetsaddons5:arm64.
#10 62.42 Preparing to unpack .../649-libkf5widgetsaddons5_5.115.0-0ubuntu4_arm64.deb ...
#10 62.42 Unpacking libkf5widgetsaddons5:arm64 (5.115.0-0ubuntu4) ...
#10 62.44 Selecting previously unselected package libkwalletbackend5-5:arm64.
#10 62.44 Preparing to unpack .../650-libkwalletbackend5-5_5.115.0-0ubuntu3_arm64.deb ...
#10 62.44 Unpacking libkwalletbackend5-5:arm64 (5.115.0-0ubuntu3) ...
#10 62.45 Selecting previously unselected package libkf5wallet5:arm64.
#10 62.45 Preparing to unpack .../651-libkf5wallet5_5.115.0-0ubuntu3_arm64.deb ...
#10 62.45 Unpacking libkf5wallet5:arm64 (5.115.0-0ubuntu3) ...
#10 62.46 Selecting previously unselected package libkf5windowsystem-dev.
#10 62.47 Preparing to unpack .../652-libkf5windowsystem-dev_5.115.0-0ubuntu4_arm64.deb ...
#10 62.47 Unpacking libkf5windowsystem-dev (5.115.0-0ubuntu4) ...
#10 62.48 Selecting previously unselected package libkf5wallet-dev:arm64.
#10 62.48 Preparing to unpack .../653-libkf5wallet-dev_5.115.0-0ubuntu3_arm64.deb ...
#10 62.48 Unpacking libkf5wallet-dev:arm64 (5.115.0-0ubuntu3) ...
#10 62.49 Selecting previously unselected package liblua5.3-0:arm64.
#10 62.49 Preparing to unpack .../654-liblua5.3-0_5.3.6-2build2_arm64.deb ...
#10 62.50 Unpacking liblua5.3-0:arm64 (5.3.6-2build2) ...
#10 62.51 Selecting previously unselected package libnghttp2-dev:arm64.
#10 62.51 Preparing to unpack .../655-libnghttp2-dev_1.59.0-1ubuntu0.4_arm64.deb ...
#10 62.51 Unpacking libnghttp2-dev:arm64 (1.59.0-1ubuntu0.4) ...
#10 62.52 Selecting previously unselected package libssl-dev:arm64.
#10 62.52 Preparing to unpack .../656-libssl-dev_3.0.13-0ubuntu3.11_arm64.deb ...
#10 62.52 Unpacking libssl-dev:arm64 (3.0.13-0ubuntu3.11) ...
#10 62.56 Selecting previously unselected package libuv1-dev:arm64.
#10 62.57 Preparing to unpack .../657-libuv1-dev_1.48.0-1.1build1_arm64.deb ...
#10 62.57 Unpacking libuv1-dev:arm64 (1.48.0-1.1build1) ...
#10 62.58 Selecting previously unselected package libnode-dev.
#10 62.58 Preparing to unpack .../658-libnode-dev_18.19.1+dfsg-6ubuntu5_arm64.deb ...
#10 62.58 Unpacking libnode-dev (18.19.1+dfsg-6ubuntu5) ...
#10 62.61 Selecting previously unselected package libwebrtc-audio-processing1:arm64.
#10 62.61 Preparing to unpack .../659-libwebrtc-audio-processing1_0.3.1-0ubuntu6_arm64.deb ...
#10 62.61 Unpacking libwebrtc-audio-processing1:arm64 (0.3.1-0ubuntu6) ...
#10 62.62 Selecting previously unselected package libspa-0.2-modules:arm64.
#10 62.63 Preparing to unpack .../660-libspa-0.2-modules_1.0.5-1ubuntu3.2_arm64.deb ...
#10 62.63 Unpacking libspa-0.2-modules:arm64 (1.0.5-1ubuntu3.2) ...
#10 62.64 Selecting previously unselected package libpipewire-0.3-0t64:arm64.
#10 62.65 Preparing to unpack .../661-libpipewire-0.3-0t64_1.0.5-1ubuntu3.2_arm64.deb ...
#10 62.65 Unpacking libpipewire-0.3-0t64:arm64 (1.0.5-1ubuntu3.2) ...
#10 62.66 Selecting previously unselected package libspa-0.2-dev:arm64.
#10 62.66 Preparing to unpack .../662-libspa-0.2-dev_1.0.5-1ubuntu3.2_arm64.deb ...
#10 62.66 Unpacking libspa-0.2-dev:arm64 (1.0.5-1ubuntu3.2) ...
#10 62.68 Selecting previously unselected package libpipewire-0.3-dev:arm64.
#10 62.68 Preparing to unpack .../663-libpipewire-0.3-dev_1.0.5-1ubuntu3.2_arm64.deb ...
#10 62.68 Unpacking libpipewire-0.3-dev:arm64 (1.0.5-1ubuntu3.2) ...
#10 62.70 Selecting previously unselected package libspeexdsp1:arm64.
#10 62.70 Preparing to unpack .../664-libspeexdsp1_1.2.1-1ubuntu3_arm64.deb ...
#10 62.70 Unpacking libspeexdsp1:arm64 (1.2.1-1ubuntu3) ...
#10 62.71 Selecting previously unselected package libroc0.3:arm64.
#10 62.71 Preparing to unpack .../665-libroc0.3_0.3.0+dfsg-7ubuntu2_arm64.deb ...
#10 62.72 Unpacking libroc0.3:arm64 (0.3.0+dfsg-7ubuntu2) ...
#10 62.73 Selecting previously unselected package libsnapd-glib-2-1:arm64.
#10 62.73 Preparing to unpack .../666-libsnapd-glib-2-1_1.64-0ubuntu5_arm64.deb ...
#10 62.73 Unpacking libsnapd-glib-2-1:arm64 (1.64-0ubuntu5) ...
#10 62.74 Selecting previously unselected package libpipewire-0.3-modules:arm64.
#10 62.75 Preparing to unpack .../667-libpipewire-0.3-modules_1.0.5-1ubuntu3.2_arm64.deb ...
#10 62.75 Unpacking libpipewire-0.3-modules:arm64 (1.0.5-1ubuntu3.2) ...
#10 62.77 Selecting previously unselected package libpsl-dev:arm64.
#10 62.78 Preparing to unpack .../668-libpsl-dev_0.21.2-1.1build1_arm64.deb ...
#10 62.78 Unpacking libpsl-dev:arm64 (0.21.2-1.1build1) ...
#10 62.79 Selecting previously unselected package libreadline-dev:arm64.
#10 62.79 Preparing to unpack .../669-libreadline-dev_8.2-4build1_arm64.deb ...
#10 62.79 Unpacking libreadline-dev:arm64 (8.2-4build1) ...
#10 62.81 Selecting previously unselected package librpmio9t64.
#10 62.81 Preparing to unpack .../670-librpmio9t64_4.18.2+dfsg-2.1build2_arm64.deb ...
#10 62.81 Unpacking librpmio9t64 (4.18.2+dfsg-2.1build2) ...
#10 62.82 Selecting previously unselected package librpm9t64.
#10 62.83 Preparing to unpack .../671-librpm9t64_4.18.2+dfsg-2.1build2_arm64.deb ...
#10 62.83 Unpacking librpm9t64 (4.18.2+dfsg-2.1build2) ...
#10 62.84 Selecting previously unselected package librpmbuild9t64.
#10 62.84 Preparing to unpack .../672-librpmbuild9t64_4.18.2+dfsg-2.1build2_arm64.deb ...
#10 62.85 Unpacking librpmbuild9t64 (4.18.2+dfsg-2.1build2) ...
#10 62.86 Selecting previously unselected package librpmsign9t64.
#10 62.86 Preparing to unpack .../673-librpmsign9t64_4.18.2+dfsg-2.1build2_arm64.deb ...
#10 62.86 Unpacking librpmsign9t64 (4.18.2+dfsg-2.1build2) ...
#10 62.87 Selecting previously unselected package libsecret-1-dev:arm64.
#10 62.88 Preparing to unpack .../674-libsecret-1-dev_0.21.4-1build3_arm64.deb ...
#10 62.88 Unpacking libsecret-1-dev:arm64 (0.21.4-1build3) ...
#10 62.89 Selecting previously unselected package libsqlite3-dev:arm64.
#10 62.90 Preparing to unpack .../675-libsqlite3-dev_3.45.1-1ubuntu2.6_arm64.deb ...
#10 62.90 Unpacking libsqlite3-dev:arm64 (3.45.1-1ubuntu2.6) ...
#10 62.92 Selecting previously unselected package libsysprof-capture-4-dev:arm64.
#10 62.92 Preparing to unpack .../676-libsysprof-capture-4-dev_46.0-1build1_arm64.deb ...
#10 62.92 Unpacking libsysprof-capture-4-dev:arm64 (46.0-1build1) ...
#10 62.93 Selecting previously unselected package libsoup-3.0-dev:arm64.
#10 62.93 Preparing to unpack .../677-libsoup-3.0-dev_3.4.4-5ubuntu0.7_arm64.deb ...
#10 62.94 Unpacking libsoup-3.0-dev:arm64 (3.4.4-5ubuntu0.7) ...
#10 62.95 Selecting previously unselected package libtcl8.6:arm64.
#10 62.95 Preparing to unpack .../678-libtcl8.6_8.6.14+dfsg-1build1_arm64.deb ...
#10 62.95 Unpacking libtcl8.6:arm64 (8.6.14+dfsg-1build1) ...
#10 62.98 Selecting previously unselected package libwebkit2gtk-4.1-dev.
#10 62.98 Preparing to unpack .../679-libwebkit2gtk-4.1-dev_2.52.3-0ubuntu0.24.04.1_arm64.deb ...
#10 62.98 Unpacking libwebkit2gtk-4.1-dev (2.52.3-0ubuntu0.24.04.1) ...
#10 63.01 Selecting previously unselected package node-agent-base.
#10 63.01 Preparing to unpack .../680-node-agent-base_7.1.0~0~2023071921-5_all.deb ...
#10 63.01 Unpacking node-agent-base (7.1.0~0~2023071921-5) ...
#10 63.02 Selecting previously unselected package node-ajv-keywords.
#10 63.03 Preparing to unpack .../681-node-ajv-keywords_5.1.0-4_all.deb ...
#10 63.03 Unpacking node-ajv-keywords (5.1.0-4) ...
#10 63.04 Selecting previously unselected package node-ansi-escapes.
#10 63.04 Preparing to unpack .../682-node-ansi-escapes_5.0.0+really.4.3.1-1_all.deb ...
#10 63.05 Unpacking node-ansi-escapes (5.0.0+really.4.3.1-1) ...
#10 63.06 Selecting previously unselected package node-aproba.
#10 63.06 Preparing to unpack .../683-node-aproba_2.0.0-3_all.deb ...
#10 63.06 Unpacking node-aproba (2.0.0-3) ...
#10 63.07 Selecting previously unselected package node-delegates.
#10 63.07 Preparing to unpack .../684-node-delegates_1.0.0-3_all.deb ...
#10 63.07 Unpacking node-delegates (1.0.0-3) ...
#10 63.08 Selecting previously unselected package node-are-we-there-yet.
#10 63.09 Preparing to unpack .../685-node-are-we-there-yet_3.0.1+~1.1.0-1_all.deb ...
#10 63.09 Unpacking node-are-we-there-yet (3.0.1+~1.1.0-1) ...
#10 63.10 Selecting previously unselected package node-async-each.
#10 63.10 Preparing to unpack .../686-node-async-each_1.0.3-3_all.deb ...
#10 63.10 Unpacking node-async-each (1.0.3-3) ...
#10 63.11 Selecting previously unselected package node-babel-plugin-lodash.
#10 63.11 Preparing to unpack .../687-node-babel-plugin-lodash_3.3.4+~cs2.0.1-7_all.deb ...
#10 63.11 Unpacking node-babel-plugin-lodash (3.3.4+~cs2.0.1-7) ...
#10 63.12 Selecting previously unselected package node-base64-js.
#10 63.13 Preparing to unpack .../688-node-base64-js_1.5.1+dfsg+~1.3.0-2_all.deb ...
#10 63.13 Unpacking node-base64-js (1.5.1+dfsg+~1.3.0-2) ...
#10 63.14 Selecting previously unselected package node-binary-extensions.
#10 63.14 Preparing to unpack .../689-node-binary-extensions_2.2.0-2_all.deb ...
#10 63.14 Unpacking node-binary-extensions (2.2.0-2) ...
#10 63.15 Selecting previously unselected package node-builtins.
#10 63.15 Preparing to unpack .../690-node-builtins_5.0.1-1_all.deb ...
#10 63.15 Unpacking node-builtins (5.0.1-1) ...
#10 63.16 Selecting previously unselected package node-chownr.
#10 63.17 Preparing to unpack .../691-node-chownr_2.0.0-2_all.deb ...
#10 63.17 Unpacking node-chownr (2.0.0-2) ...
#10 63.18 Selecting previously unselected package node-iconv-lite.
#10 63.18 Preparing to unpack .../692-node-iconv-lite_0.6.3-3_all.deb ...
#10 63.18 Unpacking node-iconv-lite (0.6.3-3) ...
#10 63.19 Selecting previously unselected package node-encoding.
#10 63.20 Preparing to unpack .../693-node-encoding_0.1.13-2_all.deb ...
#10 63.20 Unpacking node-encoding (0.1.13-2) ...
#10 63.21 Selecting previously unselected package node-jsonparse.
#10 63.21 Preparing to unpack .../694-node-jsonparse_1.3.1-10_all.deb ...
#10 63.21 Unpacking node-jsonparse (1.3.1-10) ...
#10 63.22 Selecting previously unselected package node-minipass.
#10 63.22 Preparing to unpack .../695-node-minipass_3.3.6+~cs9.4.19-1_all.deb ...
#10 63.22 Unpacking node-minipass (3.3.6+~cs9.4.19-1) ...
#10 63.24 Selecting previously unselected package node-iferr.
#10 63.24 Preparing to unpack .../696-node-iferr_1.0.2+~1.0.2-1_all.deb ...
#10 63.24 Unpacking node-iferr (1.0.2+~1.0.2-1) ...
#10 63.25 Selecting previously unselected package node-fs-write-stream-atomic.
#10 63.25 Preparing to unpack .../697-node-fs-write-stream-atomic_1.0.10-6_all.deb ...
#10 63.25 Unpacking node-fs-write-stream-atomic (1.0.10-6) ...
#10 63.26 Selecting previously unselected package node-run-queue.
#10 63.27 Preparing to unpack .../698-node-run-queue_2.0.0-3_all.deb ...
#10 63.27 Unpacking node-run-queue (2.0.0-3) ...
#10 63.28 Selecting previously unselected package node-copy-concurrently.
#10 63.28 Preparing to unpack .../699-node-copy-concurrently_1.0.5-9_all.deb ...
#10 63.28 Unpacking node-copy-concurrently (1.0.5-9) ...
#10 63.29 Selecting previously unselected package node-move-concurrently.
#10 63.30 Preparing to unpack .../700-node-move-concurrently_1.0.1-5_all.deb ...
#10 63.30 Unpacking node-move-concurrently (1.0.1-5) ...
#10 63.31 Selecting previously unselected package node-promise-inflight.
#10 63.31 Preparing to unpack .../701-node-promise-inflight_1.0.1+~1.0.0-1_all.deb ...
#10 63.31 Unpacking node-promise-inflight (1.0.1+~1.0.0-1) ...
#10 63.32 Selecting previously unselected package node-ssri.
#10 63.33 Preparing to unpack .../702-node-ssri_9.0.1-2_all.deb ...
#10 63.33 Unpacking node-ssri (9.0.1-2) ...
#10 63.34 Selecting previously unselected package node-unique-filename.
#10 63.34 Preparing to unpack .../703-node-unique-filename_1.1.1+ds-2_all.deb ...
#10 63.34 Unpacking node-unique-filename (1.1.1+ds-2) ...
#10 63.35 Selecting previously unselected package node-cacache.
#10 63.35 Preparing to unpack .../704-node-cacache_17.0.3+~cs10.3.7-1_all.deb ...
#10 63.36 Unpacking node-cacache (17.0.3+~cs10.3.7-1) ...
#10 63.37 Selecting previously unselected package node-is-binary-path.
#10 63.37 Preparing to unpack .../705-node-is-binary-path_2.1.0-5_all.deb ...
#10 63.37 Unpacking node-is-binary-path (2.1.0-5) ...
#10 63.38 Selecting previously unselected package node-path-is-absolute.
#10 63.39 Preparing to unpack .../706-node-path-is-absolute_2.0.0-2_all.deb ...
#10 63.39 Unpacking node-path-is-absolute (2.0.0-2) ...
#10 63.40 Selecting previously unselected package node-set-immediate-shim.
#10 63.40 Preparing to unpack .../707-node-set-immediate-shim_2.0.0-2_all.deb ...
#10 63.40 Unpacking node-set-immediate-shim (2.0.0-2) ...
#10 63.41 Selecting previously unselected package node-readdirp.
#10 63.41 Preparing to unpack .../708-node-readdirp_3.6.0-1_all.deb ...
#10 63.42 Unpacking node-readdirp (3.6.0-1) ...
#10 63.43 Selecting previously unselected package node-chokidar.
#10 63.43 Preparing to unpack .../709-node-chokidar_3.6.0-2_all.deb ...
#10 63.43 Unpacking node-chokidar (3.6.0-2) ...
#10 63.44 Selecting previously unselected package node-tslib.
#10 63.44 Preparing to unpack .../710-node-tslib_2.4.1-1_all.deb ...
#10 63.45 Unpacking node-tslib (2.4.1-1) ...
#10 63.46 Selecting previously unselected package node-chrome-trace-event.
#10 63.46 Preparing to unpack .../711-node-chrome-trace-event_1.0.3-2_all.deb ...
#10 63.46 Unpacking node-chrome-trace-event (1.0.3-2) ...
#10 63.47 Selecting previously unselected package node-ci-info.
#10 63.47 Preparing to unpack .../712-node-ci-info_4.0.0+~cs1.1.0-1build2_all.deb ...
#10 63.47 Unpacking node-ci-info (4.0.0+~cs1.1.0-1build2) ...
#10 63.49 Selecting previously unselected package node-colors.
#10 63.49 Preparing to unpack .../713-node-colors_1.4.0-4_all.deb ...
#10 63.49 Unpacking node-colors (1.4.0-4) ...
#10 63.50 Selecting previously unselected package node-columnify.
#10 63.50 Preparing to unpack .../714-node-columnify_1.6.0+~1.5.1-1_all.deb ...
#10 63.51 Unpacking node-columnify (1.6.0+~1.5.1-1) ...
#10 63.52 Selecting previously unselected package node-console-control-strings.
#10 63.52 Preparing to unpack .../715-node-console-control-strings_1.1.0-3_all.deb ...
#10 63.52 Unpacking node-console-control-strings (1.1.0-3) ...
#10 63.53 Selecting previously unselected package node-css-selector-tokenizer.
#10 63.54 Preparing to unpack .../716-node-css-selector-tokenizer_0.8.0+~cs4.8.3-1_all.deb ...
#10 63.54 Unpacking node-css-selector-tokenizer (0.8.0+~cs4.8.3-1) ...
#10 63.56 Selecting previously unselected package node-postcss.
#10 63.56 Preparing to unpack .../717-node-postcss_8.4.31+~cs8.0.26-1_all.deb ...
#10 63.57 Unpacking node-postcss (8.4.31+~cs8.0.26-1) ...
#10 63.58 Selecting previously unselected package node-icss-utils.
#10 63.59 Preparing to unpack .../718-node-icss-utils_5.1.0+~5.1.0-1_all.deb ...
#10 63.59 Unpacking node-icss-utils (5.1.0+~5.1.0-1) ...
#10 63.60 Selecting previously unselected package node-postcss-modules-extract-imports.
#10 63.60 Preparing to unpack .../719-node-postcss-modules-extract-imports_3.0.0-2_all.deb ...
#10 63.60 Unpacking node-postcss-modules-extract-imports (3.0.0-2) ...
#10 63.61 Selecting previously unselected package node-postcss-modules-values.
#10 63.62 Preparing to unpack .../720-node-postcss-modules-values_4.0.0+~4.0.0-1_all.deb ...
#10 63.62 Unpacking node-postcss-modules-values (4.0.0+~4.0.0-1) ...
#10 63.63 Selecting previously unselected package node-postcss-value-parser.
#10 63.63 Preparing to unpack .../721-node-postcss-value-parser_4.2.0-1_all.deb ...
#10 63.63 Unpacking node-postcss-value-parser (4.2.0-1) ...
#10 63.65 Selecting previously unselected package node-prr.
#10 63.65 Preparing to unpack .../722-node-prr_1.0.1-3_all.deb ...
#10 63.65 Unpacking node-prr (1.0.1-3) ...
#10 63.66 Selecting previously unselected package node-errno.
#10 63.67 Preparing to unpack .../723-node-errno_1.0.0-3_all.deb ...
#10 63.67 Unpacking node-errno (1.0.0-3) ...
#10 63.68 Selecting previously unselected package node-memory-fs.
#10 63.68 Preparing to unpack .../724-node-memory-fs_0.5.0+~0.3.3-2_all.deb ...
#10 63.68 Unpacking node-memory-fs (0.5.0+~0.3.3-2) ...
#10 63.70 Selecting previously unselected package node-tapable.
#10 63.70 Preparing to unpack .../725-node-tapable_2.2.1-3_all.deb ...
#10 63.70 Unpacking node-tapable (2.2.1-3) ...
#10 63.72 Selecting previously unselected package node-enhanced-resolve.
#10 63.72 Preparing to unpack .../726-node-enhanced-resolve_5.15.0-1_all.deb ...
#10 63.72 Unpacking node-enhanced-resolve (5.15.0-1) ...
#10 63.73 Selecting previously unselected package node-es-module-lexer.
#10 63.74 Preparing to unpack .../727-node-es-module-lexer_1.1.0+dfsg-3_all.deb ...
#10 63.74 Unpacking node-es-module-lexer (1.1.0+dfsg-3) ...
#10 63.75 Selecting previously unselected package node-events.
#10 63.75 Preparing to unpack .../728-node-events_3.3.0+~3.0.0-3_all.deb ...
#10 63.75 Unpacking node-events (3.3.0+~3.0.0-3) ...
#10 63.76 Selecting previously unselected package node-resolve-cwd.
#10 63.77 Preparing to unpack .../729-node-resolve-cwd_3.0.0-2_all.deb ...
#10 63.77 Unpacking node-resolve-cwd (3.0.0-2) ...
#10 63.78 Selecting previously unselected package node-jest-debbundle.
#10 63.78 Preparing to unpack .../730-node-jest-debbundle_29.6.2~ds1+~cs73.45.28-5_all.deb ...
#10 63.79 Unpacking node-jest-debbundle (29.6.2~ds1+~cs73.45.28-5) ...
#10 63.81 Selecting previously unselected package node-interpret.
#10 63.81 Preparing to unpack .../731-node-interpret_2.2.0-3_all.deb ...
#10 63.81 Unpacking node-interpret (2.2.0-3) ...
#10 63.82 Selecting previously unselected package node-merge-stream.
#10 63.83 Preparing to unpack .../732-node-merge-stream_2.0.0+~1.1.2-2_all.deb ...
#10 63.83 Unpacking node-merge-stream (2.0.0+~1.1.2-2) ...
#10 63.84 Selecting previously unselected package node-jest-worker.
#10 63.84 Preparing to unpack .../733-node-jest-worker_29.6.2~ds1+~cs73.45.28-5_all.deb ...
#10 63.85 Unpacking node-jest-worker (29.6.2~ds1+~cs73.45.28-5) ...
#10 63.87 Selecting previously unselected package node-loader-runner.
#10 63.87 Preparing to unpack .../734-node-loader-runner_4.3.0-1_all.deb ...
#10 63.87 Unpacking node-loader-runner (4.3.0-1) ...
#10 63.89 Selecting previously unselected package node-mime.
#10 63.89 Preparing to unpack .../735-node-mime_3.0.0+dfsg+~cs6.97.2-1_all.deb ...
#10 63.89 Unpacking node-mime (3.0.0+dfsg+~cs6.97.2-1) ...
#10 63.91 Selecting previously unselected package node-mime-types.
#10 63.91 Preparing to unpack .../736-node-mime-types_2.1.35-2_all.deb ...
#10 63.91 Unpacking node-mime-types (2.1.35-2) ...
#10 63.92 Selecting previously unselected package node-rechoir.
#10 63.93 Preparing to unpack .../737-node-rechoir_0.8.0+~0.6.1-2_all.deb ...
#10 63.93 Unpacking node-rechoir (0.8.0+~0.6.1-2) ...
#10 63.94 Selecting previously unselected package node-schema-utils.
#10 63.94 Preparing to unpack .../738-node-schema-utils_4.2.0~ds-3build3_all.deb ...
#10 63.94 Unpacking node-schema-utils (4.2.0~ds-3build3) ...
#10 63.96 Selecting previously unselected package node-randombytes.
#10 63.96 Preparing to unpack .../739-node-randombytes_2.1.0+~2.0.0-2_all.deb ...
#10 63.96 Unpacking node-randombytes (2.1.0+~2.0.0-2) ...
#10 63.97 Selecting previously unselected package node-serialize-javascript.
#10 63.98 Preparing to unpack .../740-node-serialize-javascript_6.0.1-1_all.deb ...
#10 63.98 Unpacking node-serialize-javascript (6.0.1-1) ...
#10 63.99 Selecting previously unselected package node-watchpack.
#10 63.99 Preparing to unpack .../741-node-watchpack_2.4.0+~cs2.8.1-1_all.deb ...
#10 64.00 Unpacking node-watchpack (2.4.0+~cs2.8.1-1) ...
#10 64.01 Selecting previously unselected package node-webassemblyjs.
#10 64.01 Preparing to unpack .../742-node-webassemblyjs_1.11.4+dfsg+~cs10.11.17-2_all.deb ...
#10 64.02 Unpacking node-webassemblyjs (1.11.4+dfsg+~cs10.11.17-2) ...
#10 64.05 Selecting previously unselected package node-source-list-map.
#10 64.06 Preparing to unpack .../743-node-source-list-map_2.0.1+dfsg+~0.1.2-1_all.deb ...
#10 64.06 Unpacking node-source-list-map (2.0.1+dfsg+~0.1.2-1) ...
#10 64.07 Selecting previously unselected package node-webpack-sources.
#10 64.07 Preparing to unpack .../744-node-webpack-sources_3.2.3+~3.2.0-2_all.deb ...
#10 64.07 Unpacking node-webpack-sources (3.2.3+~3.2.0-2) ...
#10 64.09 Selecting previously unselected package node-terser.
#10 64.09 Preparing to unpack .../745-node-terser_5.19.2-1_all.deb ...
#10 64.09 Unpacking node-terser (5.19.2-1) ...
#10 64.11 Selecting previously unselected package terser.
#10 64.11 Preparing to unpack .../746-terser_5.19.2-1_all.deb ...
#10 64.11 Unpacking terser (5.19.2-1) ...
#10 64.12 Selecting previously unselected package webpack.
#10 64.13 Preparing to unpack .../747-webpack_5.76.1+dfsg1+~cs17.16.16-1_all.deb ...
#10 64.13 Unpacking webpack (5.76.1+dfsg1+~cs17.16.16-1) ...
#10 64.17 Selecting previously unselected package node-css-loader.
#10 64.18 Preparing to unpack .../748-node-css-loader_6.8.1+~cs14.0.17-1_all.deb ...
#10 64.18 Unpacking node-css-loader (6.8.1+~cs14.0.17-1) ...
#10 64.19 Selecting previously unselected package node-data-uri-to-buffer.
#10 64.19 Preparing to unpack .../749-node-data-uri-to-buffer_5.0.1~0~2023071921-5_all.deb ...
#10 64.19 Unpacking node-data-uri-to-buffer (5.0.1~0~2023071921-5) ...
#10 64.20 Selecting previously unselected package node-mimic-response.
#10 64.21 Preparing to unpack .../750-node-mimic-response_3.1.0-8_all.deb ...
#10 64.21 Unpacking node-mimic-response (3.1.0-8) ...
#10 64.22 Selecting previously unselected package node-decompress-response.
#10 64.22 Preparing to unpack .../751-node-decompress-response_6.0.0-2_all.deb ...
#10 64.22 Unpacking node-decompress-response (6.0.0-2) ...
#10 64.24 Selecting previously unselected package node-diff.
#10 64.24 Preparing to unpack .../752-node-diff_5.0.0~dfsg+~5.0.1-4_all.deb ...
#10 64.24 Unpacking node-diff (5.0.0~dfsg+~5.0.1-4) ...
#10 64.25 Selecting previously unselected package node-err-code.
#10 64.26 Preparing to unpack .../753-node-err-code_2.0.3+dfsg-3_all.deb ...
#10 64.33 Unpacking node-err-code (2.0.3+dfsg-3) ...
#10 64.34 Selecting previously unselected package node-time-stamp.
#10 64.34 Preparing to unpack .../754-node-time-stamp_2.2.0-2_all.deb ...
#10 64.35 Unpacking node-time-stamp (2.2.0-2) ...
#10 64.36 Selecting previously unselected package node-fancy-log.
#10 64.36 Preparing to unpack .../755-node-fancy-log_1.3.3+~cs1.3.1-2_all.deb ...
#10 64.36 Unpacking node-fancy-log (1.3.3+~cs1.3.1-2) ...
#10 64.37 Selecting previously unselected package node-fetch.
#10 64.38 Preparing to unpack .../756-node-fetch_3.3.2+~cs11.4.11-1_all.deb ...
#10 64.38 Unpacking node-fetch (3.3.2+~cs11.4.11-1) ...
#10 64.41 Selecting previously unselected package node-has-unicode.
#10 64.41 Preparing to unpack .../757-node-has-unicode_2.0.1-5_all.deb ...
#10 64.41 Unpacking node-has-unicode (2.0.1-5) ...
#10 64.43 Selecting previously unselected package node-wide-align.
#10 64.43 Preparing to unpack .../758-node-wide-align_1.1.3-4_all.deb ...
#10 64.43 Unpacking node-wide-align (1.1.3-4) ...
#10 64.44 Selecting previously unselected package node-gauge.
#10 64.45 Preparing to unpack .../759-node-gauge_4.0.4-2_all.deb ...
#10 64.45 Unpacking node-gauge (4.0.4-2) ...
#10 64.46 Selecting previously unselected package node-end-of-stream.
#10 64.47 Preparing to unpack .../760-node-end-of-stream_1.4.4+~1.4.1-1_all.deb ...
#10 64.47 Unpacking node-end-of-stream (1.4.4+~1.4.1-1) ...
#10 64.48 Selecting previously unselected package node-pump.
#10 64.48 Preparing to unpack .../761-node-pump_3.0.0-5_all.deb ...
#10 64.48 Unpacking node-pump (3.0.0-5) ...
#10 64.49 Selecting previously unselected package node-get-stream.
#10 64.50 Preparing to unpack .../762-node-get-stream_6.0.1-1_all.deb ...
#10 64.50 Unpacking node-get-stream (6.0.1-1) ...
#10 64.51 Selecting previously unselected package node-lowercase-keys.
#10 64.51 Preparing to unpack .../763-node-lowercase-keys_2.0.0-2_all.deb ...
#10 64.51 Unpacking node-lowercase-keys (2.0.0-2) ...
#10 64.52 Selecting previously unselected package node-json-buffer.
#10 64.53 Preparing to unpack .../764-node-json-buffer_3.0.1+~3.0.0-1_all.deb ...
#10 64.53 Unpacking node-json-buffer (3.0.1+~3.0.0-1) ...
#10 64.54 Selecting previously unselected package node-p-cancelable.
#10 64.54 Preparing to unpack .../765-node-p-cancelable_2.1.1-1_all.deb ...
#10 64.54 Unpacking node-p-cancelable (2.1.1-1) ...
#10 64.55 Selecting previously unselected package node-got.
#10 64.56 Preparing to unpack .../766-node-got_11.8.5+~cs58.13.36-3_all.deb ...
#10 64.56 Unpacking node-got (11.8.5+~cs58.13.36-3) ...
#10 64.58 Selecting previously unselected package node-http-proxy-agent.
#10 64.58 Preparing to unpack .../767-node-http-proxy-agent_7.0.0~0~2023071921-5_all.deb ...
#10 64.58 Unpacking node-http-proxy-agent (7.0.0~0~2023071921-5) ...
#10 64.59 Selecting previously unselected package node-https-proxy-agent.
#10 64.59 Preparing to unpack .../768-node-https-proxy-agent_7.0.1~0~2023071921-5_all.deb ...
#10 64.59 Unpacking node-https-proxy-agent (7.0.1~0~2023071921-5) ...
#10 64.61 Selecting previously unselected package node-ieee754.
#10 64.61 Preparing to unpack .../769-node-ieee754_1.2.1-3_all.deb ...
#10 64.61 Unpacking node-ieee754 (1.2.1-3) ...
#10 64.62 Selecting previously unselected package node-ip.
#10 64.62 Preparing to unpack .../770-node-ip_2.0.0+~1.1.0-1ubuntu1_all.deb ...
#10 64.62 Unpacking node-ip (2.0.0+~1.1.0-1ubuntu1) ...
#10 64.64 Selecting previously unselected package node-ip-regex.
#10 64.64 Preparing to unpack .../771-node-ip-regex_4.3.0+~4.1.1-1_all.deb ...
#10 64.64 Unpacking node-ip-regex (4.3.0+~4.1.1-1) ...
#10 64.66 Selecting previously unselected package node-read-package-json.
#10 64.66 Preparing to unpack .../772-node-read-package-json_5.0.2+~2.0.0-1_all.deb ...
#10 64.66 Unpacking node-read-package-json (5.0.2+~2.0.0-1) ...
#10 64.67 Selecting previously unselected package node-npm-bundled.
#10 64.68 Preparing to unpack .../773-node-npm-bundled_2.0.1-2_all.deb ...
#10 64.68 Unpacking node-npm-bundled (2.0.1-2) ...
#10 64.69 Selecting previously unselected package node-osenv.
#10 64.69 Preparing to unpack .../774-node-osenv_0.1.5+~0.1.1-1_all.deb ...
#10 64.69 Unpacking node-osenv (0.1.5+~0.1.1-1) ...
#10 64.70 Selecting previously unselected package node-validate-npm-package-name.
#10 64.71 Preparing to unpack .../775-node-validate-npm-package-name_5.0.0+~4.0.0-1_all.deb ...
#10 64.71 Unpacking node-validate-npm-package-name (5.0.0+~4.0.0-1) ...
#10 64.72 Selecting previously unselected package node-npm-package-arg.
#10 64.73 Preparing to unpack .../776-node-npm-package-arg_10.0.0+~3.0.0-2_all.deb ...
#10 64.73 Unpacking node-npm-package-arg (10.0.0+~3.0.0-2) ...
#10 64.74 Selecting previously unselected package node-retry.
#10 64.74 Preparing to unpack .../777-node-retry_0.13.1+~0.12.1-1_all.deb ...
#10 64.75 Unpacking node-retry (0.13.1+~0.12.1-1) ...
#10 64.76 Selecting previously unselected package node-promise-retry.
#10 64.76 Preparing to unpack .../778-node-promise-retry_2.0.1-4_all.deb ...
#10 64.76 Unpacking node-promise-retry (2.0.1-4) ...
#10 64.77 Selecting previously unselected package node-mute-stream.
#10 64.77 Preparing to unpack .../779-node-mute-stream_0.0.8+~0.0.1-3_all.deb ...
#10 64.78 Unpacking node-mute-stream (0.0.8+~0.0.1-3) ...
#10 64.79 Selecting previously unselected package node-read.
#10 64.79 Preparing to unpack .../780-node-read_1.0.7-5_all.deb ...
#10 64.79 Unpacking node-read (1.0.7-5) ...
#10 64.80 Selecting previously unselected package node-promzard.
#10 64.80 Preparing to unpack .../781-node-promzard_0.3.0-2_all.deb ...
#10 64.80 Unpacking node-promzard (0.3.0-2) ...
#10 64.81 Selecting previously unselected package node-set-blocking.
#10 64.82 Preparing to unpack .../782-node-set-blocking_2.0.0-2_all.deb ...
#10 64.82 Unpacking node-set-blocking (2.0.0-2) ...
#10 64.83 Selecting previously unselected package node-text-table.
#10 64.83 Preparing to unpack .../783-node-text-table_0.2.0-4_all.deb ...
#10 64.83 Unpacking node-text-table (0.2.0-4) ...
#10 64.84 Selecting previously unselected package patchelf.
#10 64.85 Preparing to unpack .../784-patchelf_0.18.0-1.1build1_arm64.deb ...
#10 64.85 Unpacking patchelf (0.18.0-1.1build1) ...
#10 64.86 Selecting previously unselected package pipewire-bin.
#10 64.87 Preparing to unpack .../785-pipewire-bin_1.0.5-1ubuntu3.2_arm64.deb ...
#10 64.89 Unpacking pipewire-bin (1.0.5-1ubuntu3.2) ...
#10 64.91 Selecting previously unselected package pipewire:arm64.
#10 64.91 Preparing to unpack .../786-pipewire_1.0.5-1ubuntu3.2_arm64.deb ...
#10 64.91 Unpacking pipewire:arm64 (1.0.5-1ubuntu3.2) ...
#10 64.92 Selecting previously unselected package rpm-common.
#10 64.93 Preparing to unpack .../787-rpm-common_4.18.2+dfsg-2.1build2_arm64.deb ...
#10 64.93 Unpacking rpm-common (4.18.2+dfsg-2.1build2) ...
#10 64.94 Selecting previously unselected package rpm2cpio.
#10 64.95 Preparing to unpack .../788-rpm2cpio_4.18.2+dfsg-2.1build2_arm64.deb ...
#10 64.95 Unpacking rpm2cpio (4.18.2+dfsg-2.1build2) ...
#10 64.96 Selecting previously unselected package rpm.
#10 64.96 Preparing to unpack .../789-rpm_4.18.2+dfsg-2.1build2_arm64.deb ...
#10 64.96 Unpacking rpm (4.18.2+dfsg-2.1build2) ...
#10 64.98 Selecting previously unselected package sqlite3.
#10 64.98 Preparing to unpack .../790-sqlite3_3.45.1-1ubuntu2.6_arm64.deb ...
#10 64.98 Unpacking sqlite3 (3.45.1-1ubuntu2.6) ...
#10 64.99 Selecting previously unselected package tcl8.6.
#10 65.00 Preparing to unpack .../791-tcl8.6_8.6.14+dfsg-1build1_arm64.deb ...
#10 65.00 Unpacking tcl8.6 (8.6.14+dfsg-1build1) ...
#10 65.01 Selecting previously unselected package tcl.
#10 65.01 Preparing to unpack .../792-tcl_8.6.14build1_arm64.deb ...
#10 65.01 Unpacking tcl (8.6.14build1) ...
#10 65.02 Selecting previously unselected package xdg-desktop-portal.
#10 65.03 Preparing to unpack .../793-xdg-desktop-portal_1.18.4-1ubuntu2.24.04.2_arm64.deb ...
#10 65.03 Unpacking xdg-desktop-portal (1.18.4-1ubuntu2.24.04.2) ...
#10 65.04 Selecting previously unselected package xdg-desktop-portal-gtk.
#10 65.05 Preparing to unpack .../794-xdg-desktop-portal-gtk_1.15.1-1build2_arm64.deb ...
#10 65.05 Unpacking xdg-desktop-portal-gtk (1.15.1-1build2) ...
#10 65.06 Selecting previously unselected package node-cli-table.
#10 65.06 Preparing to unpack .../795-node-cli-table_0.3.11+~cs0.13.4-3_all.deb ...
#10 65.06 Unpacking node-cli-table (0.3.11+~cs0.13.4-3) ...
#10 65.08 Selecting previously unselected package node-depd.
#10 65.08 Preparing to unpack .../796-node-depd_2.0.0-2_all.deb ...
#10 65.08 Unpacking node-depd (2.0.0-2) ...
#10 65.09 Selecting previously unselected package node-npmlog.
#10 65.10 Preparing to unpack .../797-node-npmlog_7.0.1+~4.1.4-1_all.deb ...
#10 65.10 Unpacking node-npmlog (7.0.1+~4.1.4-1) ...
#10 65.11 Selecting previously unselected package node-tar.
#10 65.12 Preparing to unpack .../798-node-tar_6.1.13+~cs7.0.5-3_all.deb ...
#10 65.12 Unpacking node-tar (6.1.13+~cs7.0.5-3) ...
#10 65.13 Selecting previously unselected package node-gyp.
#10 65.14 Preparing to unpack .../799-node-gyp_9.3.0-3_all.deb ...
#10 65.14 Unpacking node-gyp (9.3.0-3) ...
#10 65.15 Selecting previously unselected package node-ini.
#10 65.15 Preparing to unpack .../800-node-ini_3.0.1-2_all.deb ...
#10 65.16 Unpacking node-ini (3.0.1-2) ...
#10 65.16 Selecting previously unselected package node-negotiator.
#10 65.17 Preparing to unpack .../801-node-negotiator_0.6.3+~0.6.1-1_all.deb ...
#10 65.17 Unpacking node-negotiator (0.6.3+~0.6.1-1) ...
#10 65.18 Selecting previously unselected package npm.
#10 65.19 Preparing to unpack .../802-npm_9.2.0~ds1-2_all.deb ...
#10 65.19 Unpacking npm (9.2.0~ds1-2) ...
#10 65.24 Setting up bubblewrap (0.9.0-1ubuntu0.1) ...
#10 65.25 Setting up libtext-iconv-perl:arm64 (1.7-8build3) ...
#10 65.25 Setting up libgraphite2-3:arm64 (1.3.14-2ubuntu0.24.04.1) ...
#10 65.26 Setting up libxcb-dri3-0:arm64 (1.15-1ubuntu2) ...
#10 65.26 Setting up liblcms2-2:arm64 (2.14-2ubuntu0.1) ...
#10 65.26 Setting up node-colors (1.4.0-4) ...
#10 65.27 Setting up libpixman-1-0:arm64 (0.42.2-1build1) ...
#10 65.27 Setting up node-fs.realpath (1.0.0-3) ...
#10 65.27 Setting up libcdparanoia0:arm64 (3.10.2+debian-14build3) ...
#10 65.28 Setting up libwayland-server0:arm64 (1.22.0-2.1build1) ...
#10 65.28 Setting up node-ampproject-remapping (2.2.0+~cs5.15.37-1) ...
#10 65.28 Setting up node-diff (5.0.0~dfsg+~5.0.1-4) ...
#10 65.29 Setting up libx11-xcb1:arm64 (2:1.8.7-1build1) ...
#10 65.29 Setting up libxcb-res0:arm64 (1.15-1ubuntu2) ...
#10 65.29 Setting up fontconfig (2.15.0-1.1ubuntu2) ...
#10 65.29 Regenerating fonts cache... done.
#10 67.32 Setting up libjpeg-turbo8-dev:arm64 (2.1.5-2ubuntu2) ...
#10 67.32 Setting up libdouble-conversion3:arm64 (3.3.0-1build1) ...
#10 67.33 Setting up libraw1394-11:arm64 (2.1.2-2build3) ...
#10 67.33 Setting up lto-disabled-list (47) ...
#10 67.33 Setting up libapparmor1:arm64 (4.0.1really4.0.1-0ubuntu0.24.04.7) ...
#10 67.33 Setting up node-abbrev (1.1.1+~1.1.2-1) ...
#10 67.34 Setting up libtag1v5-vanilla:arm64 (1.13.1-1build1) ...
#10 67.34 Setting up node-path-is-inside (1.0.2+~1.0.0-1) ...
#10 67.34 Setting up libjs-sprintf-js (1.1.2+ds1+~1.1.2-1) ...
#10 67.35 Setting up libpixman-1-dev:arm64 (0.42.2-1build1) ...
#10 67.35 Setting up libxdamage1:arm64 (1:1.1.6-1build1) ...
#10 67.35 Setting up libxcb-xfixes0:arm64 (1.15-1ubuntu2) ...
#10 67.36 Setting up node-pify (5.0.0+~cs5.0.1-1) ...
#10 67.36 Setting up libogg0:arm64 (1.3.5-3build1) ...
#10 67.36 Setting up node-p-limit (4.0.0+~cs4.0.0-5) ...
#10 67.36 Setting up node-yallist (4.0.0+~4.0.1-1) ...
#10 67.37 Setting up libzstd-dev:arm64 (1.5.5+dfsg2-2build1.1) ...
#10 67.37 Setting up libjs-inherits (2.0.4-6) ...
#10 67.37 Setting up libspeex1:arm64 (1.2.1-2ubuntu2.24.04.1) ...
#10 67.38 Setting up node-p-cancelable (2.1.1-1) ...
#10 67.38 Setting up node-is-windows (1.0.2+~cs1.0.0-1) ...
#10 67.38 Setting up node-ansi-regex (5.0.1-1) ...
#10 67.38 Setting up libv4lconvert0t64:arm64 (1.26.1-4build3) ...
#10 67.39 Setting up libglvnd-core-dev:arm64 (1.7.0-1build1) ...
#10 67.39 Setting up hicolor-icon-theme (0.17-2) ...
#10 67.40 Setting up libxi6:arm64 (2:1.8.1-1build1) ...
#10 67.40 Setting up apt-transport-https (2.8.3) ...
#10 67.40 Setting up libtwolame0:arm64 (0.4.0-2build3) ...
#10 67.41 Setting up libkf5config-data (5.115.0-0ubuntu5) ...
#10 67.41 Setting up node-loader-runner (4.3.0-1) ...
#10 67.41 Setting up libxcb-xinput0:arm64 (1.15-1ubuntu2) ...
#10 67.41 Setting up node-object-inspect (1.12.2+~cs1.8.1-1) ...
#10 67.42 Setting up libxrender1:arm64 (1:0.9.10-1.1build1) ...
#10 67.42 Setting up libhyphen0:arm64 (2.8.8-7build3) ...
#10 67.42 Setting up libdatrie1:arm64 (0.2.13-3build1) ...
#10 67.43 Setting up node-slash (4.0.0-3) ...
#10 67.43 Setting up node-util-deprecate (1.0.2-3) ...
#10 67.43 Setting up libmagic-mgc (1:5.45-3build1) ...
#10 67.44 Setting up node-ieee754 (1.2.1-3) ...
#10 67.44 Setting up node-fs-readdir-recursive (1.1.0+~1.1.0-1) ...
#10 67.44 Setting up node-v8flags (3.2.0+~3.1.1-1) ...
#10 67.44 Setting up node-retry (0.13.1+~0.12.1-1) ...
#10 67.45 Setting up node-get-caller-file (2.0.5+~cs1.1.1-4) ...
#10 67.45 Setting up node-arrify (2.0.1-3) ...
#10 67.45 Setting up libvisual-0.4-0:arm64 (0.4.2-2build1) ...
#10 67.46 Setting up libxcb-render0:arm64 (1.15-1ubuntu2) ...
#10 67.46 Setting up libkf5i18n-data (5.115.0-0ubuntu6) ...
#10 67.46 Setting up node-eslint-visitor-keys (3.3.0+~1.0.0-1) ...
#10 67.47 Setting up libaspell15:arm64 (0.60.8.1-1build1) ...
#10 67.47 Setting up node-caniuse-lite (1.0.30001571+dfsg+~1.0.5-1) ...
#10 67.47 Setting up node-isobject (4.0.0-2) ...
#10 67.48 Setting up libglvnd0:arm64 (1.7.0-1build1) ...
#10 67.48 Setting up libtdb1:arm64 (1.4.10-1build1) ...
#10 67.48 Setting up node-delegates (1.0.0-3) ...
#10 67.48 Setting up node-depd (2.0.0-2) ...
#10 67.49 Setting up libxcb-glx0:arm64 (1.15-1ubuntu2) ...
#10 67.49 Setting up node-isexe (2.0.0+~2.0.1-5) ...
#10 67.49 Setting up libwebpdemux2:arm64 (1.3.2-0.4build3) ...
#10 67.49 Setting up python3.12 (3.12.3-1ubuntu0.13) ...
#10 67.92 Setting up node-resolve (1.22.8+~cs5.34.15-2) ...
#10 67.92 Setting up node-jsonparse (1.3.1-10) ...
#10 67.92 Setting up node-core-js-pure (3.33.2-1build2) ...
#10 67.93 Setting up node-es-module-lexer (1.1.0+dfsg-3) ...
#10 67.93 Setting up node-path-exists (5.0.0-8) ...
#10 67.93 Setting up libgdk-pixbuf2.0-common (2.42.10+dfsg-3ubuntu3.3) ...
#10 67.94 Setting up libpng-dev:arm64 (1.6.43-5ubuntu0.6) ...
#10 67.94 Setting up libuv1t64:arm64 (1.48.0-1.1build1) ...
#10 67.94 Setting up libmagic1t64:arm64 (1:5.45-3build1) ...
#10 67.95 Setting up node-unicode-match-property-value-ecmascript (2.1.0+ds-1) ...
#10 67.95 Setting up node-escape-string-regexp (4.0.0-2) ...
#10 67.96 Setting up node-through (2.3.8+~cs0.0.30-1) ...
#10 67.96 Setting up libxcb-keysyms1:arm64 (0.4.0-1build4) ...
#10 67.96 Setting up libxcb-shape0:arm64 (1.15-1ubuntu2) ...
#10 67.96 Setting up libjs-source-map (0.7.0++dfsg2+really.0.6.1-15) ...
#10 67.97 Setting up x11-common (1:7.7+23ubuntu3) ...
#10 68.01 invoke-rc.d: could not determine current runlevel
#10 68.01 invoke-rc.d: policy-rc.d denied execution of start.
#10 68.01 Setting up node-p-locate (6.0.0-12) ...
#10 68.01 Setting up libsensors-config (1:3.6.0-9build1) ...
#10 68.02 Setting up node-negotiator (0.6.3+~0.6.1-1) ...
#10 68.02 Setting up node-tslib (2.4.1-1) ...
#10 68.02 Setting up libnghttp2-14:arm64 (1.59.0-1ubuntu0.4) ...
#10 68.02 Setting up node-strip-bom (4.0.0-2) ...
#10 68.03 Setting up libjbig-dev:arm64 (2.1-6.1ubuntu2) ...
#10 68.03 Setting up libwebrtc-audio-processing1:arm64 (0.3.1-0ubuntu6) ...
#10 68.03 Setting up libkf5windowsystem-data (5.115.0-0ubuntu4) ...
#10 68.04 Setting up libwebpdecoder3:arm64 (1.3.2-0.4build3) ...
#10 68.04 Setting up node-ci-info (4.0.0+~cs1.1.0-1build2) ...
#10 68.04 Setting up node-color-name (1.1.4+~1.1.1-2) ...
#10 68.04 Setting up libxcb-render-util0:arm64 (0.3.9-1build4) ...
#10 68.05 Setting up node-chrome-trace-event (1.0.3-2) ...
#10 68.05 Setting up xkb-data (2.41-2ubuntu1.1) ...
#10 68.05 Setting up node-json-buffer (3.0.1+~3.0.0-1) ...
#10 68.06 Setting up liblzo2-2:arm64 (2.10-2build4) ...
#10 68.06 Setting up node-electron-to-chromium (1.4.616-1) ...
#10 68.06 Setting up node-cjs-module-lexer (1.2.3+dfsg-1) ...
#10 68.06 Setting up node-console-control-strings (1.1.0-3) ...
#10 68.07 Setting up node-source-list-map (2.0.1+dfsg+~0.1.2-1) ...
#10 68.07 Setting up libxcb-shm0:arm64 (1.15-1ubuntu2) ...
#10 68.07 Setting up libxcb-icccm4:arm64 (0.4.1-1.1build3) ...
#10 68.07 Setting up node-camelcase (7.0.0-3) ...
#10 68.08 Setting up node-resumer (0.0.0-6) ...
#10 68.08 Setting up file (1:5.45-3build1) ...
#10 68.08 Setting up node-uuid (8.3.2+~8.3.3-4) ...
#10 68.09 Setting up libsoup-3.0-common (3.4.4-5ubuntu0.7) ...
#10 68.09 Setting up libreadline-dev:arm64 (8.2-4build1) ...
#10 68.09 Setting up libmpg123-0t64:arm64 (1.32.5-1ubuntu1.1) ...
#10 68.10 Setting up bzip2 (1.0.8-5.1build0.1) ...
#10 68.10 Setting up libffi-dev:arm64 (3.4.6-1build1) ...
#10 68.10 Setting up libunwind8:arm64 (1.6.2-3build1.1) ...
#10 68.10 Setting up node-terser (5.19.2-1) ...
#10 68.11 Setting up libpthread-stubs0-dev:arm64 (0.4-1build3) ...
#10 68.11 Setting up libcairo2:arm64 (1.18.0-3build1) ...
#10 68.11 Setting up node-path-type (4.0.0-3) ...
#10 68.12 Setting up node-indent-string (4.0.0-2) ...
#10 68.12 Setting up libpcre2-16-0:arm64 (10.42-4ubuntu2.1) ...
#10 68.12 Setting up libopengl0:arm64 (1.7.0-1build1) ...
#10 68.13 Setting up node-typedarray (0.0.7-1) ...
#10 68.13 Setting up libfakeroot:arm64 (1.33-1) ...
#10 68.13 Setting up libelf1t64:arm64 (0.190-1.1ubuntu0.1) ...
#10 68.13 Setting up libxcb-util1:arm64 (0.4.0-1build3) ...
#10 68.14 Setting up node-function-bind (1.1.2+~cs2.1.14-1) ...
#10 68.14 Setting up libpsl-dev:arm64 (0.21.2-1.1build1) ...
#10 68.14 Setting up libxxf86vm1:arm64 (1:1.1.4-1build4) ...
#10 68.14 Setting up libfsverity0:arm64 (1.5-1.1build3) ...
#10 68.15 Setting up liborc-0.4-0t64:arm64 (1:0.4.38-1ubuntu0.1) ...
#10 68.15 Setting up node-clone (2.1.2+~2.1.2-1) ...
#10 68.15 Setting up node-p-map (4.0.0+~3.1.0+~3.0.1-1) ...
#10 68.16 Setting up libxcb-xkb1:arm64 (1.15-1ubuntu2) ...
#10 68.16 Setting up libxcb-image0:arm64 (0.4.0-2build1) ...
#10 68.16 Setting up node-iferr (1.0.2+~1.0.2-1) ...
#10 68.16 Setting up node-chownr (2.0.0-2) ...
#10 68.17 Setting up node-has-flag (4.0.0-3) ...
#10 68.17 Setting up libdw1t64:arm64 (0.190-1.1ubuntu0.1) ...
#10 68.17 Setting up node-estraverse (5.3.0+ds+~5.1.1-1) ...
#10 68.18 Setting up node-regjsgen (0.7.1+ds-1) ...
#10 68.18 Setting up libcap2-bin (1:2.66-5ubuntu2.4) ...
#10 68.18 Setting up fakeroot (1.33-1) ...
#10 68.19 update-alternatives: using /usr/bin/fakeroot-sysv to provide /usr/bin/fakeroot (fakeroot) in auto mode
#10 68.19 update-alternatives: warning: skip creation of /usr/share/man/man1/fakeroot.1.gz because associated file /usr/share/man/man1/fakeroot-sysv.1.gz (of link group fakeroot) doesn't exist
#10 68.19 update-alternatives: warning: skip creation of /usr/share/man/man1/faked.1.gz because associated file /usr/share/man/man1/faked-sysv.1.gz (of link group fakeroot) doesn't exist
#10 68.19 update-alternatives: warning: skip creation of /usr/share/man/es/man1/fakeroot.1.gz because associated file /usr/share/man/es/man1/fakeroot-sysv.1.gz (of link group fakeroot) doesn't exist
#10 68.19 update-alternatives: warning: skip creation of /usr/share/man/es/man1/faked.1.gz because associated file /usr/share/man/es/man1/faked-sysv.1.gz (of link group fakeroot) doesn't exist
#10 68.19 update-alternatives: warning: skip creation of /usr/share/man/fr/man1/fakeroot.1.gz because associated file /usr/share/man/fr/man1/fakeroot-sysv.1.gz (of link group fakeroot) doesn't exist
#10 68.19 update-alternatives: warning: skip creation of /usr/share/man/fr/man1/faked.1.gz because associated file /usr/share/man/fr/man1/faked-sysv.1.gz (of link group fakeroot) doesn't exist
#10 68.19 update-alternatives: warning: skip creation of /usr/share/man/sv/man1/fakeroot.1.gz because associated file /usr/share/man/sv/man1/fakeroot-sysv.1.gz (of link group fakeroot) doesn't exist
#10 68.19 update-alternatives: warning: skip creation of /usr/share/man/sv/man1/faked.1.gz because associated file /usr/share/man/sv/man1/faked-sysv.1.gz (of link group fakeroot) doesn't exist
#10 68.19 Setting up libxcb-present0:arm64 (1.15-1ubuntu2) ...
#10 68.19 Setting up node-lodash-packages (4.17.21+dfsg+~cs8.31.198.20210220-9) ...
#10 68.20 Setting up libsysprof-capture-4-dev:arm64 (46.0-1build1) ...
#10 68.20 Setting up libkf5coreaddons-data (5.115.0-0ubuntu5) ...
#10 68.21 Setting up libasound2-data (1.2.11-1ubuntu0.2) ...
#10 68.21 Setting up node-json-schema-traverse (1.0.0-3) ...
#10 68.21 Setting up node-inherits (2.0.4-6) ...
#10 68.22 Setting up node-path-is-absolute (2.0.0-2) ...
#10 68.22 Setting up node-locate-path (7.1.1-2) ...
#10 68.22 Setting up xtrans-dev (1.4.0-1) ...
#10 68.23 Setting up node-ini (3.0.1-2) ...
#10 68.23 Setting up node-postcss-value-parser (4.2.0-1) ...
#10 68.24 Setting up libwayland-bin (1.22.0-2.1build1) ...
#10 68.24 Setting up libgraphite2-dev:arm64 (1.3.14-2ubuntu0.24.04.1) ...
#10 68.24 Setting up node-is-descriptor (3.0.0-2) ...
#10 68.24 Setting up libpcre2-32-0:arm64 (10.42-4ubuntu2.1) ...
#10 68.25 Setting up libglib2.0-0t64:arm64 (2.80.0-6ubuntu3.8) ...
#10 68.25 Setting up node-safe-buffer (5.2.1+~cs2.1.2-3) ...
#10 68.26 Setting up node-promise-inflight (1.0.1+~1.0.0-1) ...
#10 68.26 Setting up libei1:arm64 (1.2.1-1) ...
#10 68.26 Setting up libglib2.0-data (2.80.0-6ubuntu3.8) ...
#10 68.27 Setting up libxcb-xinerama0:arm64 (1.15-1ubuntu2) ...
#10 68.27 Setting up libjavascriptcoregtk-4.1-0:arm64 (2.52.3-0ubuntu0.24.04.1) ...
#10 68.27 Setting up libgles2:arm64 (1.7.0-1build1) ...
#10 68.27 Setting up libasound2t64:arm64 (1.2.11-1ubuntu0.2) ...
#10 68.28 Setting up node-rechoir (0.8.0+~0.6.1-2) ...
#10 68.28 Setting up node-json-parse-better-errors (1.0.2+~cs3.3.1-2) ...
#10 68.28 Setting up node-unicode-canonical-property-names-ecmascript (2.0.0-2) ...
#10 68.29 Setting up emacsen-common (3.0.5) ...
#10 68.30 Setting up qt5-qmake-bin (5.15.13+dfsg-1ubuntu1) ...
#10 68.30 Setting up libslang2:arm64 (2.3.3-3build2) ...
#10 68.31 Setting up node-sprintf-js (1.1.2+ds1+~1.1.2-1) ...
#10 68.31 Setting up node-flatted (3.2.7~ds-1) ...
#10 68.31 Setting up node-y18n (5.0.8+~5.0.0-3) ...
#10 68.32 Setting up node-fast-deep-equal (3.1.3-3) ...
#10 68.32 Setting up libsqlite3-dev:arm64 (3.45.1-1ubuntu2.6) ...
#10 68.32 Setting up node-shebang-regex (3.0.0-2) ...
#10 68.32 Setting up node-err-code (2.0.3+dfsg-3) ...
#10 68.33 Setting up node-resolve-from (5.0.0+~3.1.0+~3.3.0+~2.0.0-1) ...
#10 68.33 Setting up make (4.3-4.1build2) ...
#10 68.33 Setting up libgpg-error-dev (1.47-3build2.1) ...
#10 68.33 Setting up libepoxy0:arm64 (1.5.10-1build1) ...
#10 68.34 Setting up libmpfr6:arm64 (4.2.1-1build1.1) ...
#10 68.34 Setting up libxfixes3:arm64 (1:6.0.0-2build1) ...
#10 68.34 Setting up libxcb-sync1:arm64 (1.15-1ubuntu2) ...
#10 68.35 Setting up node-balanced-match (2.0.0-1) ...
#10 68.35 Setting up node-convert-source-map (1.9.0+~1.5.2-1) ...
#10 68.35 Setting up node-brace-expansion (2.0.1+~1.1.0-1) ...
#10 68.35 Setting up uuid-dev:arm64 (2.39.3-9ubuntu6.5) ...
#10 68.36 Setting up libavahi-common-data:arm64 (0.8-13ubuntu6.2) ...
#10 68.36 Setting up node-is-stream (3.0.0-4) ...
#10 68.36 Setting up node-spdx-exceptions (2.3.0-2) ...
#10 68.37 Setting up libgles1:arm64 (1.7.0-1build1) ...
#10 68.37 Setting up libdbus-1-3:arm64 (1.14.10-4ubuntu4.1) ...
#10 68.37 Setting up xz-utils (5.6.1+really5.4.5-1ubuntu0.3) ...
#10 68.38 update-alternatives: using /usr/bin/xz to provide /usr/bin/lzma (lzma) in auto mode
#10 68.38 update-alternatives: warning: skip creation of /usr/share/man/man1/lzma.1.gz because associated file /usr/share/man/man1/xz.1.gz (of link group lzma) doesn't exist
#10 68.38 update-alternatives: warning: skip creation of /usr/share/man/man1/unlzma.1.gz because associated file /usr/share/man/man1/unxz.1.gz (of link group lzma) doesn't exist
#10 68.38 update-alternatives: warning: skip creation of /usr/share/man/man1/lzcat.1.gz because associated file /usr/share/man/man1/xzcat.1.gz (of link group lzma) doesn't exist
#10 68.38 update-alternatives: warning: skip creation of /usr/share/man/man1/lzmore.1.gz because associated file /usr/share/man/man1/xzmore.1.gz (of link group lzma) doesn't exist
#10 68.38 update-alternatives: warning: skip creation of /usr/share/man/man1/lzless.1.gz because associated file /usr/share/man/man1/xzless.1.gz (of link group lzma) doesn't exist
#10 68.38 update-alternatives: warning: skip creation of /usr/share/man/man1/lzdiff.1.gz because associated file /usr/share/man/man1/xzdiff.1.gz (of link group lzma) doesn't exist
#10 68.38 update-alternatives: warning: skip creation of /usr/share/man/man1/lzcmp.1.gz because associated file /usr/share/man/man1/xzcmp.1.gz (of link group lzma) doesn't exist
#10 68.38 update-alternatives: warning: skip creation of /usr/share/man/man1/lzgrep.1.gz because associated file /usr/share/man/man1/xzgrep.1.gz (of link group lzma) doesn't exist
#10 68.38 update-alternatives: warning: skip creation of /usr/share/man/man1/lzegrep.1.gz because associated file /usr/share/man/man1/xzegrep.1.gz (of link group lzma) doesn't exist
#10 68.38 update-alternatives: warning: skip creation of /usr/share/man/man1/lzfgrep.1.gz because associated file /usr/share/man/man1/xzfgrep.1.gz (of link group lzma) doesn't exist
#10 68.38 Setting up libfribidi0:arm64 (1.0.13-3build1) ...
#10 68.38 Setting up libopus0:arm64 (1.4-1build1) ...
#10 68.39 Setting up shared-mime-info (2.4-4) ...
#10 68.99 Setting up libkf5notifications-data (5.115.0-0ubuntu6) ...
#10 69.00 Setting up libxinerama1:arm64 (2:1.1.4-3build1) ...
#10 69.00 Setting up node-js-tokens (8.0.0-2) ...
#10 69.00 Setting up node-core-js (3.33.2-1build2) ...
#10 69.01 Setting up node-interpret (2.2.0-3) ...
#10 69.01 Setting up node-set-blocking (2.0.0-2) ...
#10 69.01 Setting up node-prr (1.0.1-3) ...
#10 69.02 Setting up libssl-dev:arm64 (3.0.13-0ubuntu3.11) ...
#10 69.02 Setting up libcares2:arm64 (1.27.0-1.0ubuntu1) ...
#10 69.03 Setting up libmpc3:arm64 (1.3.1-1build1.1) ...
#10 69.03 Setting up node-repeat-string (1.6.1+repack-1) ...
#10 69.03 Setting up libvorbis0a:arm64 (1.3.7-1build3) ...
#10 69.04 Setting up node-globals (13.23.0-1) ...
#10 69.04 Setting up node-deep-is (0.1.4-1) ...
#10 69.04 Setting up libxrandr2:arm64 (2:1.5.2-2build1) ...
#10 69.05 Setting up libtcl8.6:arm64 (8.6.14+dfsg-1build1) ...
#10 69.05 Setting up libllvm20:arm64 (1:20.1.2-0ubuntu1~24.04.3) ...
#10 69.05 Setting up node-signal-exit (4.1.0-6) ...
#10 69.05 Setting up node-randombytes (2.1.0+~2.0.0-2) ...
#10 69.06 Setting up libdv4t64:arm64 (1.0.0-17.1build1) ...
#10 69.06 Setting up libsepol-dev:arm64 (3.5-2build1) ...
#10 69.06 Setting up gir1.2-glib-2.0:arm64 (2.80.0-6ubuntu3.8) ...
#10 69.06 Setting up libsensors5:arm64 (1:3.6.0-9build1) ...
#10 69.07 Setting up liblerc-dev:arm64 (4.0.0+ds-4ubuntu2) ...
#10 69.07 Setting up libfuse3-3:arm64 (3.14.0-5build1) ...
#10 69.07 Setting up node-source-map (0.7.0++dfsg2+really.0.6.1-15) ...
#10 69.08 Setting up libltdl7:arm64 (2.4.7-7build1) ...
#10 69.08 Setting up node-wrappy (1.0.2-3) ...
#10 69.08 Setting up libkf5wallet-data (5.115.0-0ubuntu3) ...
#10 69.09 Setting up node-text-table (0.2.0-4) ...
#10 69.09 Setting up libdpkg-perl (1.22.6ubuntu6.6) ...
#10 69.09 Setting up libvulkan1:arm64 (1.3.275.0-1build1) ...
#10 69.10 Setting up node-require-directory (2.1.1+~2.1.2-1) ...
#10 69.10 Setting up node-ip (2.0.0+~1.1.0-1ubuntu1) ...
#10 69.10 Setting up node-quick-lru (6.1.1-4) ...
#10 69.10 Setting up node-regenerator-runtime (0.15.2+~0.10.8-1) ...
#10 69.11 Setting up node-punycode (2.2.3-2) ...
#10 69.12 Setting up libv4l-0t64:arm64 (1.26.1-4build3) ...
#10 69.12 Setting up liblzma-dev:arm64 (5.6.1+really5.4.5-1ubuntu0.3) ...
#10 69.12 Setting up node-to-fast-properties (3.0.1-3) ...
#10 69.12 Setting up node-defaults (1.0.4+~1.0.3-1) ...
#10 69.13 Setting up node-mute-stream (0.0.8+~0.0.1-3) ...
#10 69.13 Setting up node-memfs (3.4.12+~cs1.0.3-1) ...
#10 69.13 Setting up node-mimic-response (3.1.0-8) ...
#10 69.13 Setting up node-commander (9.4.1-1) ...
#10 69.14 Setting up xdg-dbus-proxy (0.1.5-1ubuntu0.2) ...
#10 69.14 Setting up libpcre2-posix3:arm64 (10.42-4ubuntu2.1) ...
#10 69.14 Setting up libjs-typedarray-to-buffer (4.0.0-2) ...
#10 69.14 Setting up libvpx9:arm64 (1.14.0-1ubuntu2.3) ...
#10 69.15 Setting up wayland-protocols (1.45-1~ubuntu0.24.04.2) ...
#10 69.15 Setting up libtag1v5:arm64 (1.13.1-1build1) ...
#10 69.15 Setting up libdatrie-dev:arm64 (0.2.13-3build1) ...
#10 69.16 Setting up libmtdev1t64:arm64 (1.1.6-1.1build1) ...
#10 69.16 Setting up sound-theme-freedesktop (0.8-2ubuntu1) ...
#10 69.16 Setting up node-graceful-fs (4.2.10-1) ...
#10 69.16 Setting up node-merge-stream (2.0.0+~1.1.2-2) ...
#10 69.17 Setting up node-is-path-cwd (2.2.0-2) ...
#10 69.17 Setting up libduktape207:arm64 (2.7.0+tests-0ubuntu3) ...
#10 69.17 Setting up gir1.2-glib-2.0-dev:arm64 (2.80.0-6ubuntu3.8) ...
#10 69.17 Setting up libasyncns0:arm64 (0.8-6build4) ...
#10 69.18 Setting up libxshmfence1:arm64 (1.3-1build5) ...
#10 69.18 Setting up at-spi2-common (2.52.0-1build1) ...
#10 69.18 Setting up libwavpack1:arm64 (5.6.0-1build1) ...
#10 69.18 Setting up libxcb-randr0:arm64 (1.15-1ubuntu2) ...
#10 69.19 Setting up dbus-session-bus-common (1.14.10-4ubuntu4.1) ...
#10 69.19 Setting up node-jsonify (0.0.1-1) ...
#10 69.19 Setting up liblua5.3-0:arm64 (5.3.6-2build2) ...
#10 69.20 Setting up libtheora0:arm64 (1.1.1+dfsg.1-16.1build3) ...
#10 69.20 Setting up libspeexdsp1:arm64 (1.2.1-1ubuntu3) ...
#10 69.20 Setting up node-json-stable-stringify (1.0.2+repack1+~cs1.0.34-2) ...
#10 69.20 Setting up node-fast-levenshtein (2.0.6+ds-3) ...
#10 69.21 Setting up libjs-regenerate (1.4.2-3) ...
#10 69.21 Setting up libxslt1.1:arm64 (1.1.39-0exp1ubuntu0.24.04.3) ...
#10 69.21 Setting up node-aproba (2.0.0-3) ...
#10 69.21 Setting up node-unicode-property-aliases-ecmascript (2.1.0+ds-1) ...
#10 69.22 Setting up node-binary-extensions (2.2.0-2) ...
#10 69.22 Setting up node-is-plain-object (5.0.0-7) ...
#10 69.22 Setting up node-eslint-utils (3.0.0-3) ...
#10 69.22 Setting up debugedit (1:5.0-5build2) ...
#10 69.23 Setting up libmd4c0:arm64 (0.4.8-1build1) ...
#10 69.23 Setting up node-path-dirname (1.0.2-2) ...
#10 69.23 Setting up node-ip-regex (4.3.0+~4.1.1-1) ...
#10 69.24 Setting up libharfbuzz0b:arm64 (8.3.0-2build2) ...
#10 69.24 Setting up libthai-data (0.1.29-2build1) ...
#10 69.24 Setting up node-spdx-license-ids (3.0.12-1) ...
#10 69.24 Setting up node-string-decoder (1.3.0-6) ...
#10 69.25 Setting up xorg-sgml-doctools (1:1.11-1.1) ...
#10 69.25 Setting up libgdk-pixbuf-2.0-0:arm64 (2.42.10+dfsg-3ubuntu3.3) ...
#10 69.26 Setting up node-esutils (2.0.3+~2.0.0-1) ...
#10 69.26 Setting up node-time-stamp (2.2.0-2) ...
#10 69.27 Setting up libjson-glib-1.0-common (1.8.0-2build2) ...
#10 69.27 Setting up node-commondir (1.0.1+~1.0.0-1) ...
#10 69.27 Setting up sgml-base (1.31) ...
#10 69.28 Setting up libjs-prettify (2015.12.04+dfsg-1.1) ...
#10 69.28 Setting up libjs-events (3.3.0+~3.0.0-3) ...
#10 69.29 Setting up libcairo-gobject2:arm64 (1.18.0-3build1) ...
#10 69.29 Setting up node-run-queue (2.0.0-3) ...
#10 69.29 Setting up libglu1-mesa:arm64 (9.0.2-1.1build1) ...
#10 69.29 Setting up node-core-util-is (1.0.3-1) ...
#10 69.30 Setting up libgpgme11t64:arm64 (1.18.0-4.1ubuntu4) ...
#10 69.30 Setting up node-json-schema (0.4.0+~7.0.11-1) ...
#10 69.30 Setting up libflac12t64:arm64 (1.4.3+ds-2.1ubuntu2) ...
#10 69.30 Setting up curl (8.5.0-2ubuntu10.10) ...
#10 69.31 Setting up node-uri-js (4.4.0+dfsg-8) ...
#10 69.31 Setting up libwayland-egl1:arm64 (1.22.0-2.1build1) ...
#10 69.31 Setting up node-prelude-ls (1.2.1+dfsg-3) ...
#10 69.32 Setting up node-minimatch (9.0.3-4build5) ...
#10 69.32 Setting up libopengl-dev:arm64 (1.7.0-1build1) ...
#10 69.32 Setting up libhunspell-1.7-0:arm64 (1.7.2+really1.7.2-10build3) ...
#10 69.32 Setting up glib-networking-common (2.80.0-1build1) ...
#10 69.33 Setting up libjpeg8-dev:arm64 (8c-2ubuntu11) ...
#10 69.33 Setting up patchelf (0.18.0-1.1build1) ...
#10 69.33 Setting up libjs-async (0.8.0-6) ...
#10 69.33 Setting up dbus-system-bus-common (1.14.10-4ubuntu4.1) ...
#10 69.37 Setting up node-imurmurhash (0.1.4+dfsg+~0.1.1-2) ...
#10 69.37 Setting up node-xtend (4.0.2-3) ...
#10 69.38 Setting up libisl23:arm64 (0.26-3build1.1) ...
#10 69.38 Setting up libspa-0.2-dev:arm64 (1.0.5-1ubuntu3.2) ...
#10 69.38 Setting up node-set-immediate-shim (2.0.0-2) ...
#10 69.39 Setting up node-foreground-child (3.1.1-2) ...
#10 69.39 Setting up libsharpyuv-dev:arm64 (1.3.2-0.4build3) ...
#10 69.39 Setting up node-wordwrap (1.0.0-4) ...
#10 69.40 Setting up node-read (1.0.7-5) ...
#10 69.40 Setting up node-regexpp (3.2.0-5) ...
#10 69.40 Setting up libwebpmux3:arm64 (1.3.2-0.4build3) ...
#10 69.41 Setting up libtiffxx6:arm64 (4.5.1+git230720-4ubuntu2.5) ...
#10 69.41 Setting up node-is-arrayish (0.3.2-3) ...
#10 69.41 Setting up libdeflate-dev:arm64 (1.19-1build1.1) ...
#10 69.41 Setting up libdrm-common (2.4.125-1ubuntu0.1~24.04.2) ...
#10 69.42 Setting up node-base64-js (1.5.1+dfsg+~1.3.0-2) ...
#10 69.42 Setting up libxcomposite1:arm64 (1:0.4.5-1build3) ...
#10 69.42 Setting up libarchive13t64:arm64 (3.7.2-2ubuntu0.7) ...
#10 69.43 Setting up libkf5widgetsaddons-data (5.115.0-0ubuntu4) ...
#10 69.43 Setting up node-esquery (1.4.2~ds-1) ...
#10 69.43 Setting up node-npm-run-path (5.1.0+~4.0.0-8) ...
#10 69.44 Setting up libevdev2:arm64 (1.13.1+dfsg-1build1) ...
#10 69.44 Setting up node-is-buffer (2.0.5-2) ...
#10 69.44 Setting up node-color-convert (2.0.1+~cs2.0.0-2) ...
#10 69.45 Setting up libcc1-0:arm64 (14.2.0-4ubuntu2~24.04.1) ...
#10 69.45 Setting up iso-codes (4.16.0-1) ...
#10 69.45 Setting up dbus-bin (1.14.10-4ubuntu4.1) ...
#10 69.46 Setting up libonig5:arm64 (6.9.9-1build1) ...
#10 69.46 Setting up sqlite3 (3.45.1-1ubuntu2.6) ...
#10 69.46 Setting up libbrotli-dev:arm64 (1.1.0-2build2) ...
#10 69.46 Setting up node-data-uri-to-buffer (5.0.1~0~2023071921-5) ...
#10 69.47 Setting up libgudev-1.0-0:arm64 (1:238-5ubuntu1) ...
#10 69.47 Setting up libsecret-common (0.21.4-1build3) ...
#10 69.47 Setting up node-async-each (1.0.3-3) ...
#10 69.48 Setting up qtchooser (66-2build2) ...
#10 69.49 Setting up libgstreamer1.0-0:arm64 (1.24.2-1ubuntu0.1) ...
#10 69.49 Setcap worked! gst-ptp-helper is not suid!
#10 69.49 Setting up libmp3lame0:arm64 (3.100-6build1) ...
#10 69.50 Setting up node-isarray (2.0.5-4) ...
#10 69.50 Setting up node-osenv (0.1.5+~0.1.1-1) ...
#10 69.50 Setting up libvorbisenc2:arm64 (1.3.7-1build3) ...
#10 69.50 Setting up node-is-plain-obj (3.0.0-2) ...
#10 69.51 Setting up node-is-extglob (2.1.1-5) ...
#10 69.51 Setting up libpython3-stdlib:arm64 (3.12.3-0ubuntu2.1) ...
#10 69.51 Setting up node-tapable (2.2.1-3) ...
#10 69.51 Setting up node-shebang-command (2.0.0-1) ...
#10 69.52 Setting up libpopt0:arm64 (1.19+dfsg-1build1) ...
#10 69.52 Setting up libaa1:arm64 (1.4p5-51.1) ...
#10 69.52 Setting up libiec61883-0:arm64 (1.2.0-6build1) ...
#10 69.53 Setting up libjs-is-typedarray (1.0.0-4) ...
#10 69.53 Setting up node-lowercase-keys (2.0.0-2) ...
#10 69.53 Setting up libwacom-common (2.10.0-2) ...
#10 69.54 Setting up node-babel-plugin-add-module-exports (1.0.4+dfsg1~cs5.8.0-4) ...
#10 69.54 Setting up node-decompress-response (6.0.0-2) ...
#10 69.54 Setting up libbz2-dev:arm64 (1.0.8-5.1build0.1) ...
#10 69.55 Setting up libxkbcommon0:arm64 (1.6.0-1build1) ...
#10 69.55 Setting up node-process-nextick-args (2.0.1-3) ...
#10 69.56 Setting up node-has-unicode (2.0.1-5) ...
#10 69.56 Setting up node-busboy (1.6.0+~cs2.6.0-2) ...
#10 69.57 Setting up libwayland-client0:arm64 (1.22.0-2.1build1) ...
#10 69.57 Setting up x11proto-dev (2023.2-1) ...
#10 69.58 Setting up libavc1394-0:arm64 (0.5.4-5build3) ...
#10 69.58 Setting up libcairo-script-interpreter2:arm64 (1.18.0-3build1) ...
#10 69.59 Setting up libuv1-dev:arm64 (1.48.0-1.1build1) ...
#10 69.59 Setting up libblkid-dev:arm64 (2.39.3-9ubuntu6.5) ...
#10 69.60 Setting up libgpgmepp6t64:arm64 (1.18.0-4.1ubuntu4) ...
#10 69.60 Setting up gtk-update-icon-cache (3.24.41-4ubuntu1.3) ...
#10 69.60 Setting up node-readable-stream (3.6.0+~cs3.0.0-4build1) ...
#10 69.60 Setting up libnghttp2-dev:arm64 (1.59.0-1ubuntu0.4) ...
#10 69.61 Setting up libice6:arm64 (2:1.0.10-1build3) ...
#10 69.61 Setting up session-migration (0.3.9build1) ...
#10 69.66 Setting up node-lru-cache (7.14.1-1) ...
#10 69.66 Setting up tcl8.6 (8.6.14+dfsg-1build1) ...
#10 69.67 Setting up libxft2:arm64 (2.3.6-1build1) ...
#10 69.67 Setting up node-promise-retry (2.0.1-4) ...
#10 69.68 Setting up libproxy1v5:arm64 (0.5.4-4build1) ...
#10 69.68 Setting up gir1.2-freedesktop:arm64 (1.80.1-1) ...
#10 69.68 Setting up libharfbuzz-icu0:arm64 (8.3.0-2build2) ...
#10 69.69 Setting up node-supports-color (8.1.1+~8.1.1-1) ...
#10 69.69 Setting up libatk1.0-0t64:arm64 (2.52.0-1build1) ...
#10 69.69 Setting up desktop-file-utils (0.27-2build1) ...
#10 69.69 Setting up libxau-dev:arm64 (1:1.0.9-1build6) ...
#10 69.70 Setting up libcaca0:arm64 (0.99.beta20-4ubuntu0.2) ...
#10 69.70 Setting up qt5-qmake:arm64 (5.15.13+dfsg-1ubuntu1) ...
#10 69.70 Setting up node-error-ex (1.3.2-4) ...
#10 69.71 Setting up libpcre2-dev:arm64 (10.42-4ubuntu2.1) ...
#10 69.71 Setting up node-once (1.4.1-1) ...
#10 69.71 Setting up node-webpack-sources (3.2.3+~3.2.0-2) ...
#10 69.71 Setting up gir1.2-gdkpixbuf-2.0:arm64 (2.42.10+dfsg-3ubuntu3.3) ...
#10 69.72 Setting up cpp-13-aarch64-linux-gnu (13.3.0-6ubuntu2~24.04.1) ...
#10 69.73 Setting up libice-dev:arm64 (2:1.0.10-1build3) ...
#10 69.73 Setting up node-n3 (1.16.3+~1.2.3+~1.10.4-1) ...
#10 69.73 Setting up dictionaries-common (1.29.7) ...
#10 69.84 Setting up libei-dev:arm64 (1.2.1-1) ...
#10 69.85 Setting up libgirepository-2.0-0:arm64 (2.80.0-6ubuntu3.8) ...
#10 69.85 Setting up gir1.2-atk-1.0:arm64 (2.52.0-1build1) ...
#10 69.86 Setting up libwacom9:arm64 (2.10.0-2) ...
#10 69.86 Setting up libselinux1-dev:arm64 (3.5-2ubuntu2.1) ...
#10 69.87 Setting up libjq1:arm64 (1.7.1-3ubuntu0.24.04.2) ...
#10 69.87 Setting up node-serialize-javascript (6.0.1-1) ...
#10 69.88 Setting up libxtst6:arm64 (2:1.2.3-1.1build1) ...
#10 69.88 Setting up libroc0.3:arm64 (0.3.0+dfsg-7ubuntu2) ...
#10 69.89 Setting up libfribidi-dev:arm64 (1.0.13-3build1) ...
#10 69.89 Setting up libdbusmenu-glib4:arm64 (18.10.20180917~bzr492+repack1-3.1ubuntu5) ...
#10 69.90 Setting up libmanette-0.2-0:arm64 (0.2.7-1build2) ...
#10 69.90 Setting up libxkbcommon-dev:arm64 (1.6.0-1build1) ...
#10 69.90 Setting up libxcursor1:arm64 (1:1.2.1-1build1) ...
#10 69.91 Setting up node-are-we-there-yet (3.0.1+~1.1.0-1) ...
#10 69.91 Setting up libavahi-common3:arm64 (0.8-13ubuntu6.2) ...
#10 69.91 Setting up libjpeg-dev:arm64 (8c-2ubuntu11) ...
#10 69.91 Setting up node-find-up (6.3.0-7) ...
#10 69.92 Setting up libglib2.0-bin (2.80.0-6ubuntu3.8) ...
#10 69.92 Setting up node-kind-of (6.0.3+dfsg-2) ...
#10 69.92 Setting up python3 (3.12.3-0ubuntu2.1) ...
#10 70.06 Setting up node-is-binary-path (2.1.0-5) ...
#10 70.06 Setting up dbus-daemon (1.14.10-4ubuntu4.1) ...
#10 70.06 Setting up libharfbuzz-gobject0:arm64 (8.3.0-2build2) ...
#10 70.08 Setting up gcc-13-aarch64-linux-gnu (13.3.0-6ubuntu2~24.04.1) ...
#10 70.08 Setting up node-events (3.3.0+~3.0.0-3) ...
#10 70.09 Setting up node-minimist (1.2.8+~cs5.3.5-1) ...
#10 70.09 Setting up gir1.2-harfbuzz-0.0:arm64 (8.3.0-2build2) ...
#10 70.09 Setting up node-fancy-log (1.3.3+~cs1.3.1-2) ...
#10 70.10 Setting up libcolord2:arm64 (1.4.7-1build2) ...
#10 70.10 Setting up gir1.2-javascriptcoregtk-4.1:arm64 (2.52.3-0ubuntu0.24.04.1) ...
#10 70.10 Setting up dpkg-dev (1.22.6ubuntu6.6) ...
#10 70.11 Setting up libjson-glib-1.0-0:arm64 (1.8.0-2build2) ...
#10 70.11 Setting up node-define-property (2.0.2+really+2.0.2-3) ...
#10 70.11 Setting up libinput-bin (1.25.0-1ubuntu3.4) ...
#10 70.12 Setting up libfreetype-dev:arm64 (2.13.2+dfsg-1ubuntu0.1) ...
#10 70.12 Setting up fuse3 (3.14.0-5build1) ...
#10 70.13 Setting up node-promzard (0.3.0-2) ...
#10 70.13 Setting up libdconf1:arm64 (0.40.0-4ubuntu0.1) ...
#10 70.13 Setting up node-wcwidth.js (1.0.2-2) ...
#10 70.13 Setting up python3-six (1.16.0-4) ...
#10 70.19 Setting up node-resolve-cwd (3.0.0-2) ...
#10 70.19 Setting up libthai0:arm64 (0.1.29-2build1) ...
#10 70.19 Setting up node-fetch (3.3.2+~cs11.4.11-1) ...
#10 70.19 Setting up node-babel7-runtime (7.20.15+ds1+~cs214.269.168-6build1) ...
#10 70.20 Setting up libvorbisfile3:arm64 (1.3.7-1build3) ...
#10 70.20 Setting up libxdmcp-dev:arm64 (1:1.1.3-0ubuntu6) ...
#10 70.20 Setting up libqt5core5t64:arm64 (5.15.13+dfsg-1ubuntu1) ...
#10 70.20 Setting up libqt5texttospeech5:arm64 (5.15.13-1) ...
#10 70.21 Setting up node-iconv-lite (0.6.3-3) ...
#10 70.21 Setting up cpp-aarch64-linux-gnu (4:13.2.0-7ubuntu1) ...
#10 70.21 Setting up node-type-check (0.4.0+dfsg-3) ...
#10 70.22 Setting up libsecret-1-0:arm64 (0.21.4-1build3) ...
#10 70.22 Setting up libwebp-dev:arm64 (1.3.2-0.4build3) ...
#10 70.22 Setting up python3-packaging (24.0-1) ...
#10 70.27 Setting up gir1.2-secret-1:arm64 (0.21.4-1build3) ...
#10 70.28 Setting up libgcrypt20-dev (1.10.3-2ubuntu0.1) ...
#10 70.28 Setting up libharfbuzz-cairo0:arm64 (8.3.0-2build2) ...
#10 70.28 Setting up node-ansi-styles (6.2.1-2) ...
#10 70.28 Setting up libtiff-dev:arm64 (4.5.1+git230720-4ubuntu2.5) ...
#10 70.29 Setting up libspa-0.2-modules:arm64 (1.0.5-1ubuntu3.2) ...
#10 70.29 Setting up node-pkg-dir (5.0.0-2) ...
#10 70.29 Setting up libatspi2.0-0t64:arm64 (2.52.0-1build1) ...
#10 70.29 Setting up dbus (1.14.10-4ubuntu4.1) ...
#10 70.31 Setting up gir1.2-freedesktop-dev:arm64 (1.80.1-1) ...
#10 70.31 Setting up libxkbcommon-x11-0:arm64 (1.6.0-1build1) ...
#10 70.31 Setting up libshout3:arm64 (2.4.6-1build2) ...
#10 70.31 Setting up node-async (0.8.0-6) ...
#10 70.32 Setting up node-optimist (0.6.1+~0.0.30-2) ...
#10 70.32 Setting up node-spdx-expression-parse (3.0.1+~3.0.1-1) ...
#10 70.32 Setting up librpmio9t64 (4.18.2+dfsg-2.1build2) ...
#10 70.32 Setting up libthai-dev:arm64 (0.1.29-2build1) ...
#10 70.33 Setting up node-concat-stream (2.0.0+~2.0.0-2) ...
#10 70.33 Setting up node-is-typedarray (1.0.0-4) ...
#10 70.33 Setting up node-undici (5.26.3+dfsg1+~cs23.10.12-2) ...
#10 70.33 Setting up libdrm2:arm64 (2.4.125-1ubuntu0.1~24.04.2) ...
#10 70.34 Setting up node-inflight (1.0.6-2) ...
#10 70.34 Setting up libgdk-pixbuf2.0-bin (2.42.10+dfsg-3ubuntu3.3) ...
#10 70.35 Setting up dbus-x11 (1.14.10-4ubuntu4.1) ...
#10 70.36 Setting up libwayland-cursor0:arm64 (1.22.0-2.1build1) ...
#10 70.36 Setting up xml-core (0.19) ...
#10 70.44 Setting up jq (1.7.1-3ubuntu0.24.04.2) ...
#10 70.44 Setting up tcl (8.6.14build1) ...
#10 70.44 Setting up node-hosted-git-info (6.1.1-2) ...
#10 70.44 Setting up libqt5sql5t64:arm64 (5.15.13+dfsg-1ubuntu1) ...
#10 70.45 Setting up hunspell-en-us (1:2020.12.07-2) ...
#10 70.46 Setting up libharfbuzz-subset0:arm64 (8.3.0-2build2) ...
#10 70.46 Setting up libsndfile1:arm64 (1.2.2-1ubuntu5.24.04.1) ...
#10 70.46 Setting up node-encoding (0.1.13-2) ...
#10 70.46 Setting up libsm6:arm64 (2:1.2.3-1build3) ...
#10 70.47 Setting up libpipewire-0.3-0t64:arm64 (1.0.5-1ubuntu3.2) ...
#10 70.47 Setting up libavahi-client3:arm64 (0.8-13ubuntu6.2) ...
#10 70.47 Setting up libmount-dev:arm64 (2.39.3-9ubuntu6.5) ...
#10 70.47 Setting up node-slice-ansi (5.0.0+~cs9.0.0-5) ...
#10 70.48 Setting up libdrm-amdgpu1:arm64 (2.4.125-1ubuntu0.1~24.04.2) ...
#10 70.48 Setting up node-fs-write-stream-atomic (1.0.10-6) ...
#10 70.48 Setting up python3-pkg-resources (68.1.2-2ubuntu1.2) ...
#10 70.56 Setting up g++-13-aarch64-linux-gnu (13.3.0-6ubuntu2~24.04.1) ...
#10 70.57 Setting up libatk-bridge2.0-0t64:arm64 (2.52.0-1build1) ...
#10 70.57 Setting up gcc-aarch64-linux-gnu (4:13.2.0-7ubuntu1) ...
#10 70.57 Setting up libglib2.0-dev-bin (2.80.0-6ubuntu3.8) ...
#10 70.62 Setting up libinput10:arm64 (1.25.0-1ubuntu3.4) ...
#10 70.62 Setting up glib-networking-services (2.80.0-1build1) ...
#10 70.62 Setting up mesa-libgallium:arm64 (25.2.8-0ubuntu0.24.04.2) ...
#10 70.62 Setting up libcanberra0t64:arm64 (0.30-10ubuntu10) ...
#10 70.63 Setting up libvulkan-dev:arm64 (1.3.275.0-1build1) ...
#10 70.63 Setting up libqt5dbus5t64:arm64 (5.15.13+dfsg-1ubuntu1) ...
#10 70.63 Setting up xdg-desktop-portal (1.18.4-1ubuntu2.24.04.2) ...
#10 70.69 Setting up libxcb1-dev:arm64 (1.15-1ubuntu2) ...
#10 70.69 Setting up node-end-of-stream (1.4.4+~1.4.1-1) ...
#10 70.69 Setting up gir1.2-dbusmenu-glib-0.4:arm64 (18.10.20180917~bzr492+repack1-3.1ubuntu5) ...
#10 70.70 Setting up node-pump (3.0.0-5) ...
#10 70.70 Setting up cpp-13 (13.3.0-6ubuntu2~24.04.1) ...
#10 70.70 Setting up libgbm1:arm64 (25.2.8-0ubuntu0.24.04.2) ...
#10 70.71 Setting up node-regenerator-transform (0.15.2+~0.10.8-1) ...
#10 70.71 Setting up librpm9t64 (4.18.2+dfsg-2.1build2) ...
#10 70.71 Setting up librpmbuild9t64 (4.18.2+dfsg-2.1build2) ...
#10 70.72 Setting up libpulse0:arm64 (1:16.1+dfsg1-2ubuntu10.1) ...
#10 70.72 Setting up libenchant-2-2:arm64 (2.3.3-2build2) ...
#10 70.73 Setting up libfontconfig-dev:arm64 (2.15.0-1.1ubuntu2) ...
#10 70.73 Setting up libsm-dev:arm64 (2:1.2.3-1build3) ...
#10 70.74 Setting up libqt5concurrent5t64:arm64 (5.15.13+dfsg-1ubuntu1) ...
#10 70.74 Setting up libpango-1.0-0:arm64 (1.52.1+ds-1build1) ...
#10 70.74 Setting up libgl1-mesa-dri:arm64 (25.2.8-0ubuntu0.24.04.2) ...
#10 70.75 Setting up libqt5network5t64:arm64 (5.15.13+dfsg-1ubuntu1) ...
#10 70.75 Setting up libkf5configcore5:arm64 (5.115.0-0ubuntu5) ...
#10 70.75 Setting up libx11-dev:arm64 (2:1.8.7-1build1) ...
#10 70.76 Setting up libqt5xml5t64:arm64 (5.15.13+dfsg-1ubuntu1) ...
#10 70.76 Setting up libgstreamer-plugins-base1.0-0:arm64 (1.24.2-1ubuntu0.4) ...
#10 70.76 Setting up dconf-service (0.40.0-4ubuntu0.1) ...
#10 70.77 Setting up rpm-common (4.18.2+dfsg-2.1build2) ...
#10 70.77 Setting up gir1.2-atspi-2.0:arm64 (2.52.0-1build1) ...
#10 70.77 Setting up libqt5test5t64:arm64 (5.15.13+dfsg-1ubuntu1) ...
#10 70.77 Setting up libwayland-dev:arm64 (1.22.0-2.1build1) ...
#10 70.78 Setting up libxfixes-dev:arm64 (1:6.0.0-2build1) ...
#10 70.78 Setting up node-levn (0.4.1+dfsg-2) ...
#10 70.78 Setting up libxcb-shm0-dev:arm64 (1.15-1ubuntu2) ...
#10 70.79 Setting up qtbase5-dev-tools (5.15.13+dfsg-1ubuntu1) ...
#10 70.79 Setting up node-spdx-correct (3.1.1-2) ...
#10 70.79 Setting up libgstreamer-plugins-good1.0-0:arm64 (1.24.2-1ubuntu1.4) ...
#10 70.80 Setting up libegl-mesa0:arm64 (25.2.8-0ubuntu0.24.04.2) ...
#10 70.80 Setting up gstreamer1.0-plugins-base:arm64 (1.24.2-1ubuntu0.4) ...
#10 70.81 Setting up libglib2.0-dev:arm64 (2.80.0-6ubuntu3.8) ...
#10 70.81 Setting up node-glob (8.1.0+~cs8.5.15-1) ...
#10 70.81 Setting up libqt5qml5:arm64 (5.15.13+dfsg-1ubuntu0.1) ...
#10 70.82 Setting up node-get-stream (6.0.1-1) ...
#10 70.82 Setting up gcc-13 (13.3.0-6ubuntu2~24.04.1) ...
#10 70.83 Setting up node-got (11.8.5+~cs58.13.36-3) ...
#10 70.83 Setting up libxcb-render0-dev:arm64 (1.15-1ubuntu2) ...
#10 70.84 Setting up librpmsign9t64 (4.18.2+dfsg-2.1build2) ...
#10 70.84 Setting up libdbusmenu-glib-dev:arm64 (18.10.20180917~bzr492+repack1-3.1ubuntu5) ...
#10 70.85 Setting up node-typedarray-to-buffer (4.0.0-2) ...
#10 70.85 Setting up libxext-dev:arm64 (2:1.3.4-1build2) ...
#10 70.86 Setting up libkf5config-dev-bin (5.115.0-0ubuntu5) ...
#10 70.86 Setting up libpipewire-0.3-dev:arm64 (1.0.5-1ubuntu3.2) ...
#10 70.87 Setting up node-minipass (3.3.6+~cs9.4.19-1) ...
#10 70.87 Setting up cpp (4:13.2.0-7ubuntu1) ...
#10 70.88 Setting up libkf5configqml5:arm64 (5.115.0-0ubuntu5) ...
#10 70.88 Setting up libkf5config-bin (5.115.0-0ubuntu5) ...
#10 70.89 Setting up libegl1:arm64 (1.7.0-1build1) ...
#10 70.90 Setting up g++-aarch64-linux-gnu (4:13.2.0-7ubuntu1) ...
#10 70.90 Setting up libpangoft2-1.0-0:arm64 (1.52.1+ds-1build1) ...
#10 70.91 Setting up libkf5coreaddons5:arm64 (5.115.0-0ubuntu5) ...
#10 70.91 Setting up libxi-dev:arm64 (2:1.8.1-1build1) ...
#10 70.91 Setting up libxrender-dev:arm64 (1:0.9.10-1.1build1) ...
#10 70.92 Setting up libcups2t64:arm64 (2.4.7-1.2ubuntu7.14) ...
#10 70.92 Setting up libjavascriptcoregtk-4.1-dev:arm64 (2.52.3-0ubuntu0.24.04.1) ...
#10 70.93 Setting up libatk1.0-dev:arm64 (2.52.0-1build1) ...
#10 70.93 Setting up libpangocairo-1.0-0:arm64 (1.52.1+ds-1build1) ...
#10 70.93 Setting up libxft-dev:arm64 (2.3.6-1build1) ...
#10 70.94 Setting up libxtst-dev:arm64 (2:1.2.3-1.1build1) ...
#10 70.94 Setting up gyp (0.1+20220404git9ecf45e-2) ...
#10 71.08 Setting up libxdamage-dev:arm64 (1:1.1.6-1build1) ...
#10 71.08 Setting up libgdk-pixbuf-2.0-dev:arm64 (2.42.10+dfsg-3ubuntu3.3) ...
#10 71.08 Setting up node-validate-npm-package-license (3.0.4-2) ...
#10 71.09 Setting up node-optionator (0.9.1+dfsg+~cs1.2.3-1) ...
#10 71.09 Setting up g++-13 (13.3.0-6ubuntu2~24.04.1) ...
#10 71.10 Setting up node-ssri (9.0.1-2) ...
#10 71.10 Setting up libharfbuzz-dev:arm64 (8.3.0-2build2) ...
#10 71.11 Setting up libkf5i18n5:arm64 (5.115.0-0ubuntu6) ...
#10 71.11 Setting up libglx-mesa0:arm64 (25.2.8-0ubuntu0.24.04.2) ...
#10 71.12 Setting up libpangoxft-1.0-0:arm64 (1.52.1+ds-1build1) ...
#10 71.12 Setting up libglx0:arm64 (1.7.0-1build1) ...
#10 71.12 Setting up dconf-gsettings-backend:arm64 (0.40.0-4ubuntu0.1) ...
#10 71.13 Setting up node-write-file-atomic (4.0.2+~4.0.0-2) ...
#10 71.13 Setting up rpm2cpio (4.18.2+dfsg-2.1build2) ...
#10 71.14 Setting up libxcomposite-dev:arm64 (1:0.4.5-1build3) ...
#10 71.14 Setting up libxcursor-dev:arm64 (1:1.2.1-1build1) ...
#10 71.15 Setting up pango1.0-tools (1.52.1+ds-1build1) ...
#10 71.15 Setting up rpm (4.18.2+dfsg-2.1build2) ...
#10 71.15 Setting up libsecret-1-dev:arm64 (0.21.4-1build3) ...
#10 71.16 Setting up gcc (4:13.2.0-7ubuntu1) ...
#10 71.17 Setting up gir1.2-pango-1.0:arm64 (1.52.1+ds-1build1) ...
#10 71.17 Setting up libxrandr-dev:arm64 (2:1.5.2-2build1) ...
#10 71.18 Setting up libgl1:arm64 (1.7.0-1build1) ...
#10 71.18 Setting up libxinerama-dev:arm64 (2:1.1.4-3build1) ...
#10 71.18 Setting up g++ (4:13.2.0-7ubuntu1) ...
#10 71.18 update-alternatives: using /usr/bin/g++ to provide /usr/bin/c++ (c++) in auto mode
#10 71.18 update-alternatives: warning: skip creation of /usr/share/man/man1/c++.1.gz because associated file /usr/share/man/man1/g++.1.gz (of link group c++) doesn't exist
#10 71.19 Setting up build-essential (12.10ubuntu1) ...
#10 71.19 Setting up libglx-dev:arm64 (1.7.0-1build1) ...
#10 71.19 Setting up libcairo2-dev:arm64 (1.18.0-3build1) ...
#10 71.20 Setting up libgl-dev:arm64 (1.7.0-1build1) ...
#10 71.20 Setting up libgtk-3-common (3.24.41-4ubuntu1.3) ...
#10 71.21 Setting up gsettings-desktop-schemas (46.1-0ubuntu1) ...
#10 71.21 Setting up libegl-dev:arm64 (1.7.0-1build1) ...
#10 71.22 Setting up libepoxy-dev:arm64 (1.5.10-1build1) ...
#10 71.22 Setting up libqt5gui5t64:arm64 (5.15.13+dfsg-1ubuntu1) ...
#10 71.23 Setting up libgstreamer-gl1.0-0:arm64 (1.24.2-1ubuntu0.4) ...
#10 71.23 Setting up libpango1.0-dev:arm64 (1.52.1+ds-1build1) ...
#10 71.23 Setting up libglu1-mesa-dev:arm64 (9.0.2-1.1build1) ...
#10 71.24 Setting up glib-networking:arm64 (2.80.0-1build1) ...
#10 71.24 Setting up libgles-dev:arm64 (1.7.0-1build1) ...
#10 71.25 Setting up libqt5x11extras5:arm64 (5.15.13-1) ...
#10 71.25 Setting up libqt5widgets5t64:arm64 (5.15.13+dfsg-1ubuntu1) ...
#10 71.26 Setting up libsoup-3.0-0:arm64 (3.4.4-5ubuntu0.7) ...
#10 71.26 Setting up libglvnd-dev:arm64 (1.7.0-1build1) ...
#10 71.27 Setting up libkf5configgui5:arm64 (5.115.0-0ubuntu5) ...
#10 71.27 Setting up gir1.2-soup-3.0:arm64 (3.4.4-5ubuntu0.7) ...
#10 71.27 Setting up libsnapd-glib-2-1:arm64 (1.64-0ubuntu5) ...
#10 71.28 Setting up libdbusmenu-qt5-2:arm64 (0.9.3+16.04.20160218-2build3) ...
#10 71.28 Setting up libkf5windowsystem5:arm64 (5.115.0-0ubuntu4) ...
#10 71.29 Setting up libqt5printsupport5t64:arm64 (5.15.13+dfsg-1ubuntu1) ...
#10 71.29 Setting up libegl1-mesa-dev:arm64 (25.2.8-0ubuntu0.24.04.2) ...
#10 71.29 Setting up libkf5widgetsaddons5:arm64 (5.115.0-0ubuntu4) ...
#10 71.30 Setting up libkf5notifications5:arm64 (5.115.0-0ubuntu6) ...
#10 71.31 Setting up libkwalletbackend5-5:arm64 (5.115.0-0ubuntu3) ...
#10 71.31 Setting up gstreamer1.0-plugins-good:arm64 (1.24.2-1ubuntu1.4) ...
#10 71.31 Setting up libpipewire-0.3-modules:arm64 (1.0.5-1ubuntu3.2) ...
#10 71.32 Setting up libsoup-3.0-dev:arm64 (3.4.4-5ubuntu0.7) ...
#10 71.32 Setting up qtbase5-dev:arm64 (5.15.13+dfsg-1ubuntu1) ...
#10 71.33 Setting up libkf5config-dev:arm64 (5.115.0-0ubuntu5) ...
#10 71.33 Setting up libkf5wallet5:arm64 (5.115.0-0ubuntu3) ...
#10 71.34 Setting up libkf5windowsystem-dev (5.115.0-0ubuntu4) ...
#10 71.34 Setting up pipewire-bin (1.0.5-1ubuntu3.2) ...
#10 71.37 Setting up pipewire:arm64 (1.0.5-1ubuntu3.2) ...
#10 71.59 Setting up libkf5wallet-dev:arm64 (5.115.0-0ubuntu3) ...
#10 71.61 Setting up adwaita-icon-theme (46.0-1) ...
#10 71.62 update-alternatives: using /usr/share/icons/Adwaita/cursor.theme to provide /usr/share/icons/default/index.theme (x-cursor-theme) in auto mode
#10 71.63 Setting up libgtk-3-0t64:arm64 (3.24.41-4ubuntu1.3) ...
#10 71.65 Setting up node-acorn (8.8.1+ds+~cs25.17.7-2) ...
#10 71.66 Setting up node-espree (9.4.1~dfsg-2) ...
#10 71.67 Setting up xdg-desktop-portal-gtk (1.15.1-1build2) ...
#10 71.67 Setting up libwebkit2gtk-4.1-0:arm64 (2.52.3-0ubuntu0.24.04.1) ...
#10 71.68 Setting up libdbusmenu-gtk3-4:arm64 (18.10.20180917~bzr492+repack1-3.1ubuntu5) ...
#10 71.71 Setting up libnode109:arm64 (18.19.1+dfsg-6ubuntu5) ...
#10 71.72 Setting up gir1.2-gtk-3.0:arm64 (3.24.41-4ubuntu1.3) ...
#10 71.73 Setting up libayatana-ido3-0.4-0:arm64 (0.10.1-1build2) ...
#10 71.74 Setting up nodejs (18.19.1+dfsg-6ubuntu5) ...
#10 71.74 update-alternatives: using /usr/bin/nodejs to provide /usr/bin/js (js) in auto mode
#10 71.74 update-alternatives: warning: skip creation of /usr/share/man/man1/js.1.gz because associated file /usr/share/man/man1/nodejs.1.gz (of link group js) doesn't exist
#10 71.75 Setting up node-argparse (2.0.1-2) ...
#10 71.75 Setting up terser (5.19.2-1) ...
#10 71.76 Setting up node-mime (3.0.0+dfsg+~cs6.97.2-1) ...
#10 71.77 Setting up node-source-map-support (0.5.21+ds+~0.5.4-1) ...
#10 71.78 Setting up node-unique-filename (1.1.1+ds-2) ...
#10 71.79 Setting up humanity-icon-theme (0.6.16) ...
#10 71.87 Setting up node-unicode-match-property-ecmascript (2.0.0-2) ...
#10 71.87 Setting up node-defined (1.0.1+~1.0.0-1) ...
#10 71.88 Setting up node-mime-types (2.1.35-2) ...
#10 71.89 Setting up node-ansi-escapes (5.0.0+really.4.3.1-1) ...
#10 71.89 Setting up node-strip-ansi (6.0.1-2) ...
#10 71.90 Setting up node-write (2.0.0~6.0.1+~3.0.4+~2.0.0+~1.0.0+~2.0.1-1) ...
#10 71.90 Setting up node-ignore (5.2.1-1) ...
#10 71.91 Setting up node-chalk (5.3.0-1build1) ...
#10 71.92 Setting up node-which (2.0.2+~cs1.3.2-3) ...
#10 71.93 Setting up node-css-selector-tokenizer (0.8.0+~cs4.8.3-1) ...
#10 71.94 Setting up gir1.2-ayatanaido3-0.4:arm64 (0.10.1-1build2) ...
#10 71.94 Setting up node-esprima (4.0.1+ds+~4.0.3-2) ...
#10 71.95 Setting up node-is-path-inside (3.0.3-2) ...
#10 71.96 Setting up node-neo-async (2.6.2+~cs3.0.0-3) ...
#10 71.96 Setting up node-mkdirp (1.0.4+~1.0.2-4) ...
#10 71.97 Setting up node-es6-error (4.1.1-5) ...
#10 71.97 Setting up node-archy (1.0.0-6) ...
#10 71.98 Setting up node-js-yaml (4.1.0+dfsg+~4.0.5-7) ...
#10 71.98 Setting up libayatana-indicator3-7:arm64 (0.9.4-1build1) ...
#10 71.99 Setting up node-nopt (5.0.0-4) ...
#10 71.99 Setting up node-lodash (4.17.21+dfsg+~cs8.31.198.20210220-9) ...
#10 72.00 Setting up node-progress (2.0.3-2) ...
#10 72.00 Setting up node-json5 (2.2.3+dfsg-1build1) ...
#10 72.01 Setting up node-ms (2.1.3+~cs0.7.31-3) ...
#10 72.01 Setting up node-rimraf (3.0.2-2) ...
#10 72.02 Setting up node-string-width (4.2.3+~cs13.2.3-1) ...
#10 72.02 Setting up node-regenerate (1.4.2-3) ...
#10 72.03 Setting up node-semver (7.5.4+~7.5.0-2) ...
#10 72.03 Setting up node-picocolors (1.0.0-4) ...
#10 72.04 Setting up node-es-abstract (1.20.4+~cs26.27.47-1) ...
#10 72.04 Setting up node-builtins (5.0.1-1) ...
#10 72.05 Setting up handlebars (3:4.7.7+~4.1.0-1) ...
#10 72.05 Setting up node-object-assign (4.1.1-7) ...
#10 72.06 Setting up node-is-glob (4.0.3-2) ...
#10 72.06 Setting up node-v8-compile-cache (2.4.0-2) ...
#10 72.06 Setting up node-flat-cache (3.0.4~6.0.1+~3.0.4+~2.0.0+~1.0.0+~2.0.1-1) ...
#10 72.07 Setting up node-is-number (7.0.0-4) ...
#10 72.07 Setting up node-for-in (1.0.2-4) ...
#10 72.08 Setting up node-webassemblyjs (1.11.4+dfsg+~cs10.11.17-2) ...
#10 72.09 Setting up node-define-properties (1.2.1+~cs2.2.3-1) ...
#10 72.09 Setting up node-strip-json-comments (4.0.0-4) ...
#10 72.09 Setting up gir1.2-webkit2-4.1:arm64 (2.52.3-0ubuntu0.24.04.1) ...
#10 72.10 Setting up libnode-dev (18.19.1+dfsg-6ubuntu5) ...
#10 72.10 Setting up node-is-extendable (1.0.1-3) ...
#10 72.11 Setting up node-columnify (1.6.0+~1.5.1-1) ...
#10 72.11 Setting up node-doctrine (3.0.0-4) ...
#10 72.12 Setting up node-copy-concurrently (1.0.5-9) ...
#10 72.12 Setting up node-ajv (8.12.0~ds+~2.1.1-4) ...
#10 72.13 Setting up ubuntu-mono (24.04-0ubuntu1) ...
#10 72.15 Setting up node-jsesc (3.0.2+~3.0.1-1) ...
#10 72.15 Setting up node-regjsparser (0.9.1+ds-2) ...
#10 72.16 Setting up node-errno (1.0.0-3) ...
#10 72.16 Setting up node-decamelize (4.0.0-2) ...
#10 72.16 Setting up node-move-concurrently (1.0.1-5) ...
#10 72.17 Setting up node-normalize-path (3.0.0+~3.0.0-1) ...
#10 72.17 Setting up node-functional-red-black-tree (1.0.1+20181105-7) ...
#10 72.18 Setting up node-debug (4.3.4+~cs4.1.7-1) ...
#10 72.18 Setting up node-agent-base (7.1.0~0~2023071921-5) ...
#10 72.19 Setting up node-browserslist (4.22.1+~cs6.1.28-1) ...
#10 72.19 Setting up node-yargs-parser (21.1.1+~21.0.0-4) ...
#10 72.20 Setting up node-make-dir (3.1.0-3) ...
#10 72.20 Setting up node-validate-npm-package-name (5.0.0+~4.0.0-1) ...
#10 72.21 Setting up node-esrecurse (4.3.0-2) ...
#10 72.21 Setting up node-file-entry-cache (6.0.1+~3.0.4+~2.0.0+~1.0.0+~2.0.1-1) ...
#10 72.22 Setting up node-wrap-ansi (8.0.1+~8.0.1-3) ...
#10 72.22 Setting up node-normalize-package-data (4.0.1+~2.4.1-1) ...
#10 72.23 Setting up node-for-own (1.0.0-3) ...
#10 72.23 Setting up node-eslint-scope (7.1.1+~3.7.4-1) ...
#10 72.24 Setting up libayatana-appindicator3-1 (0.5.93-1build3) ...
#10 72.24 Setting up node-escodegen (2.1.0+dfsg+~0.0.8-1) ...
#10 72.25 Setting up node-memory-fs (0.5.0+~0.3.3-2) ...
#10 72.25 Setting up node-babel-helper-define-polyfill-provider (0.3.3~0~20220913+ds1-1) ...
#10 72.26 Setting up node-cli-table (0.3.11+~cs0.13.4-3) ...
#10 72.27 Setting up node-tar (6.1.13+~cs7.0.5-3) ...
#10 72.27 Setting up node-regenerate-unicode-properties (10.1.0+ds-1) ...
#10 72.28 Setting up node-glob-parent (6.0.2+~5.1.1-2) ...
#10 72.28 Setting up node-enhanced-resolve (5.15.0-1) ...
#10 72.29 Setting up node-postcss (8.4.31+~cs8.0.26-1) ...
#10 72.30 Setting up node-wide-align (1.1.3-4) ...
#10 72.30 Setting up node-npm-package-arg (10.0.0+~3.0.0-2) ...
#10 72.30 Setting up node-anymatch (3.1.3+~cs4.6.1-2) ...
#10 72.31 Setting up node-postcss-modules-extract-imports (3.0.0-2) ...
#10 72.31 Setting up gir1.2-ayatanaappindicator3-0.1 (0.5.93-1build3) ...
#10 72.32 Setting up node-debbundle-es-to-primitive (1.2.1+~cs9.7.25-2) ...
#10 72.32 Setting up node-https-proxy-agent (7.0.1~0~2023071921-5) ...
#10 72.32 Setting up node-cliui (7.0.4+repack+~cs3.1.0-4) ...
#10 72.33 Setting up node-deep-equal (2.2.3+~cs43.15.94-1) ...
#10 72.33 Setting up node-regexpu-core (5.2.2-3) ...
#10 72.34 Setting up node-yargs (16.2.0+~16.0.4-7) ...
#10 72.34 Setting up node-to-regex-range (5.0.1-4) ...
#10 72.35 Setting up node-cacache (17.0.3+~cs10.3.7-1) ...
#10 72.35 Setting up node-babel-plugin-polyfill-corejs2 (0.3.3~0~20220913+ds1-1) ...
#10 72.36 Setting up node-ajv-keywords (5.1.0-4) ...
#10 72.36 Setting up node-read-package-json (5.0.2+~2.0.0-1) ...
#10 72.37 Setting up node-core-js-compat (3.33.2-1build2) ...
#10 72.37 Setting up node-http-proxy-agent (7.0.0~0~2023071921-5) ...
#10 72.37 Setting up node-clone-deep (4.0.1+~cs7.0.2-1) ...
#10 72.38 Setting up eslint (6.4.0~dfsg+~6.1.9-11build3) ...
#10 72.39 Setting up libjs-util (0.12.5+~1.0.10-1) ...
#10 72.39 Setting up node-babel-plugin-polyfill-regenerator (0.4.1~0~20220913+ds1-1) ...
#10 72.39 Setting up node-gauge (4.0.4-2) ...
#10 72.40 Setting up node-readdirp (3.6.0-1) ...
#10 72.40 Setting up node-icss-utils (5.1.0+~5.1.0-1) ...
#10 72.41 Setting up node-npm-bundled (2.0.1-2) ...
#10 72.41 Setting up node-schema-utils (4.2.0~ds-3build3) ...
#10 72.42 Setting up node-jest-worker (29.6.2~ds1+~cs73.45.28-5) ...
#10 72.42 Setting up node-npmlog (7.0.1+~4.1.4-1) ...
#10 72.43 Setting up node-babel-plugin-polyfill-corejs3 (0.6.0~0~20220913+ds1-1) ...
#10 72.43 Setting up node-postcss-modules-values (4.0.0+~4.0.0-1) ...
#10 72.43 Setting up node-fill-range (7.0.1+~7.0.0-1) ...
#10 72.44 Setting up node-util (0.12.5+~1.0.10-1) ...
#10 72.45 Setting up node-assert (2.0.0+~cs3.9.8-2) ...
#10 72.45 Setting up node-gyp (9.3.0-3) ...
#10 72.46 Setting up node-braces (3.0.2+~3.0.1-1) ...
#10 72.46 Setting up node-chokidar (3.6.0-2) ...
#10 72.47 Setting up node-watchpack (2.4.0+~cs2.8.1-1) ...
#10 72.48 Setting up node-micromatch (4.0.5+~4.0.2-1) ...
#10 72.48 Setting up node-globby (13.1.3+~cs16.25.40-2) ...
#10 72.49 Setting up node-del (7.0.0-5) ...
#10 72.49 Setting up node-find-cache-dir (3.3.2+~3.2.1-1) ...
#10 72.50 Setting up node-babel7 (7.20.15+ds1+~cs214.269.168-6build1) ...
#10 72.51 update-alternatives: using /usr/bin/babeljs-7 to provide /usr/bin/babeljs (babeljs) in auto mode
#10 72.51 update-alternatives: using /usr/bin/babeljs-7-external-helpers to provide /usr/bin/babeljs-external-helpers (babeljs-external-helpers) in auto mode
#10 72.51 update-alternatives: using /usr/bin/babeljs-7-node to provide /usr/bin/babeljs-node (babeljs-node) in auto mode
#10 72.51 update-alternatives: using /usr/bin/babeljs-7-parser to provide /usr/bin/babeljs-parser (babeljs-parser) in auto mode
#10 72.52 Setting up node-babel-plugin-lodash (3.3.4+~cs2.0.1-7) ...
#10 72.52 Setting up node-jest-debbundle (29.6.2~ds1+~cs73.45.28-5) ...
#10 72.53 Setting up node-parse-json (5.2.0+~cs5.1.7-1) ...
#10 72.53 Setting up node-read-pkg (5.2.0-2) ...
#10 72.54 Setting up node-istanbul (0.4.5+repack10+~cs98.25.59-2) ...
#10 72.54 Setting up node-tape (5.6.1+~cs8.20.19-1) ...
#10 72.55 Setting up webpack (5.76.1+dfsg1+~cs17.16.16-1) ...
#10 72.55 Setting up node-css-loader (6.8.1+~cs14.0.17-1) ...
#10 72.56 Setting up npm (9.2.0~ds1-2) ...
#10 72.58 Processing triggers for libc-bin (2.39-0ubuntu8.7) ...
#10 72.64 Processing triggers for sgml-base (1.31) ...
#10 72.65 Setting up libdbus-1-dev:arm64 (1.14.10-4ubuntu4.1) ...
#10 72.73 Setting up libatspi2.0-dev:arm64 (2.52.0-1build1) ...
#10 72.75 Setting up libatk-bridge2.0-dev:arm64 (2.52.0-1build1) ...
#10 72.76 Setting up libgtk-3-dev:arm64 (3.24.41-4ubuntu1.3) ...
#10 72.76 Setting up libayatana-ido3-dev (0.10.1-1build2) ...
#10 72.77 Setting up libayatana-indicator3-dev (0.9.4-1build1) ...
#10 72.77 Setting up libwebkit2gtk-4.1-dev (2.52.3-0ubuntu0.24.04.1) ...
#10 72.78 Setting up libayatana-appindicator3-dev (0.5.93-1build3) ...
#10 72.79 Processing triggers for dictionaries-common (1.29.7) ...
#10 DONE 73.4s

#11 [stage-0 3/7] RUN set -eux;     curl -fsSL https://sh.rustup.rs -o /tmp/rustup-init.sh;     sh /tmp/rustup-init.sh -y --profile minimal --default-toolchain "1.96.0"         --component clippy --component rustfmt;     rm /tmp/rustup-init.sh;     rustc --version;     cargo --version;     rustup show active-toolchain
#11 0.253 + curl -fsSL https://sh.rustup.rs -o /tmp/rustup-init.sh
#11 1.415 + sh /tmp/rustup-init.sh -y --profile minimal --default-toolchain 1.96.0 --component clippy --component rustfmt
#11 1.425 info: downloading installer
#11 4.072 warn: It looks like you have an existing rustup settings file at:
#11 4.072 warn: /opt/rustup/settings.toml
#11 4.072 warn: Rustup will install the default toolchain as specified in the settings file,
#11 4.072 warn: instead of the one inferred from the default host triple.
#11 4.082 info: profile set to minimal
#11 4.082 info: default host triple is aarch64-unknown-linux-gnu
#11 4.082 info: syncing channel updates for 1.96.0-aarch64-unknown-linux-gnu
#11 6.157 info: latest update on 2026-05-28 for version 1.96.0 (ac68faa20 2026-05-25)
#11 6.157 info: downloading 5 components
#11 26.25 info: default toolchain set to 1.96.0-aarch64-unknown-linux-gnu
#11 26.25 
#11 26.26   1.96.0-aarch64-unknown-linux-gnu installed - rustc 1.96.0 (ac68faa20 2026-05-25)
#11 26.26 
#11 26.26 
#11 26.26 Rust is installed now. Great!
#11 26.26 
#11 26.26 To get started you may need to restart your current shell.
#11 26.26 This would reload your PATH environment variable to include
#11 26.26 Cargo's bin directory (/opt/cargo/bin).
#11 26.26 
#11 26.26 To configure your current shell, you need to source
#11 26.26 the corresponding env file under /opt/cargo.
#11 26.26 
#11 26.26 This is usually done by running one of the following (note the leading DOT):
#11 26.26 . "/opt/cargo/env"            # For sh/bash/zsh/ash/dash/pdksh
#11 26.26 source "/opt/cargo/env.fish"  # For fish
#11 26.26 source "/opt/cargo/env.nu"  # For nushell
#11 26.26 source "/opt/cargo/env.tcsh"  # For tcsh
#11 26.26 . "/opt/cargo/env.ps1"        # For pwsh
#11 26.26 source "/opt/cargo/env.xsh"   # For xonsh
#11 26.27 + rm /tmp/rustup-init.sh
#11 26.27 + rustc --version
#11 26.28 rustc 1.96.0 (ac68faa20 2026-05-25)
#11 26.28 + cargo --version
#11 26.29 cargo 1.96.0 (30a34c682 2026-05-25)
#11 26.29 + rustup show active-toolchain
#11 26.30 1.96.0-aarch64-unknown-linux-gnu (default)
#11 DONE 26.5s

#12 [stage-0 4/7] RUN set -eux;     mkdir -p /usr/local/share/openburnbar "/opt/openburnbar/sqlcipher";     curl -fsSLo /tmp/sqlcipher.tar.gz "https://github.com/sqlcipher/sqlcipher/archive/refs/tags/v4.5.6.tar.gz";     echo "e4a527e38e67090c1d2dc41df28270d16c15f7ca5210a3e7ec4c4b8fda36e28f  /tmp/sqlcipher.tar.gz" > /tmp/sqlcipher.tar.gz.sha256;     sha256sum -c /tmp/sqlcipher.tar.gz.sha256;     mkdir -p /tmp/sqlcipher-src;     tar -xzf /tmp/sqlcipher.tar.gz --strip-components=1 -C /tmp/sqlcipher-src;     cd /tmp/sqlcipher-src;     ./configure         --prefix="/opt/openburnbar/sqlcipher"         --enable-tempstore=yes         --enable-fts3         --enable-fts4         --enable-fts5         --enable-rtree         --with-crypto-lib=openssl         CFLAGS="-O2 -fPIC -DSQLITE_HAS_CODEC -DSQLITE_ENABLE_COLUMN_METADATA -DSQLITE_ENABLE_DBSTAT_VTAB -DSQLITE_ENABLE_STAT4"         LDFLAGS="-lcrypto";     make -j"$(nproc)";     make install;     echo "/opt/openburnbar/sqlcipher/lib" > /etc/ld.so.conf.d/openburnbar-sqlcipher.conf;     ldconfig;     {         echo "sqlcipher_version=4.5.6";         echo "source_url=https://github.com/sqlcipher/sqlcipher/archive/refs/tags/v4.5.6.tar.gz";         echo "source_sha256=e4a527e38e67090c1d2dc41df28270d16c15f7ca5210a3e7ec4c4b8fda36e28f";         echo "prefix=/opt/openburnbar/sqlcipher";         echo "configure=--enable-tempstore=yes --enable-fts3 --enable-fts4 --enable-fts5 --enable-rtree --with-crypto-lib=openssl";         echo "cflags=-O2 -fPIC -DSQLITE_HAS_CODEC -DSQLITE_ENABLE_COLUMN_METADATA -DSQLITE_ENABLE_DBSTAT_VTAB -DSQLITE_ENABLE_STAT4";         echo "ldflags=-lcrypto";     } > /usr/local/share/openburnbar/sqlcipher-build.txt;     sha256sum /tmp/sqlcipher.tar.gz > /usr/local/share/openburnbar/sqlcipher-source.sha256;     rm -rf /tmp/sqlcipher-src /tmp/sqlcipher.tar.gz /tmp/sqlcipher.tar.gz.sha256
#12 0.952 + mkdir -p /usr/local/share/openburnbar /opt/openburnbar/sqlcipher
#12 0.956 + curl -fsSLo /tmp/sqlcipher.tar.gz https://github.com/sqlcipher/sqlcipher/archive/refs/tags/v4.5.6.tar.gz
#12 5.893 + echo e4a527e38e67090c1d2dc41df28270d16c15f7ca5210a3e7ec4c4b8fda36e28f  /tmp/sqlcipher.tar.gz
#12 5.893 + sha256sum -c /tmp/sqlcipher.tar.gz.sha256
#12 5.903 /tmp/sqlcipher.tar.gz: OK
#12 5.904 + mkdir -p /tmp/sqlcipher-src
#12 5.904 + tar -xzf /tmp/sqlcipher.tar.gz --strip-components=1 -C /tmp/sqlcipher-src
#12 6.387 + cd /tmp/sqlcipher-src
#12 6.387 + ./configure --prefix=/opt/openburnbar/sqlcipher --enable-tempstore=yes --enable-fts3 --enable-fts4 --enable-fts5 --enable-rtree --with-crypto-lib=openssl CFLAGS=-O2 -fPIC -DSQLITE_HAS_CODEC -DSQLITE_ENABLE_COLUMN_METADATA -DSQLITE_ENABLE_DBSTAT_VTAB -DSQLITE_ENABLE_STAT4 LDFLAGS=-lcrypto
#12 6.509 checking build system type... aarch64-unknown-linux-gnu
#12 6.560 checking host system type... aarch64-unknown-linux-gnu
#12 6.560 checking how to print strings... printf
#12 6.562 checking for gcc... gcc
#12 6.588 checking whether the C compiler works... yes
#12 6.639 checking for C compiler default output file name... a.out
#12 6.639 checking for suffix of executables... 
#12 6.683 checking whether we are cross compiling... no
#12 6.739 checking for suffix of object files... o
#12 6.753 checking whether the compiler supports GNU C... yes
#12 6.769 checking whether gcc accepts -g... yes
#12 6.785 checking for gcc option to enable C11 features... none needed
#12 6.821 checking for a sed that does not truncate output... /usr/bin/sed
#12 6.824 checking for grep that handles long lines and -e... /usr/bin/grep
#12 6.826 checking for egrep... /usr/bin/grep -E
#12 6.828 checking for fgrep... /usr/bin/grep -F
#12 6.829 checking for ld used by gcc... /usr/bin/ld
#12 6.833 checking if the linker (/usr/bin/ld) is GNU ld... yes
#12 6.836 checking for BSD- or MS-compatible name lister (nm)... /usr/bin/nm -B
#12 6.838 checking the name lister (/usr/bin/nm -B) interface... BSD nm
#12 6.856 checking whether ln -s works... yes
#12 6.856 checking the maximum length of command line arguments... 1572864
#12 6.865 checking how to convert aarch64-unknown-linux-gnu file names to aarch64-unknown-linux-gnu format... func_convert_file_noop
#12 6.866 checking how to convert aarch64-unknown-linux-gnu file names to toolchain format... func_convert_file_noop
#12 6.866 checking for /usr/bin/ld option to reload object files... -r
#12 6.866 checking for objdump... objdump
#12 6.866 checking how to recognize dependent libraries... pass_all
#12 6.866 checking for dlltool... no
#12 6.866 checking how to associate runtime and link libraries... printf %s\n
#12 6.866 checking for ar... ar
#12 6.867 checking for archiver @FILE support... @
#12 6.887 checking for strip... strip
#12 6.887 checking for ranlib... ranlib
#12 6.888 checking for gawk... no
#12 6.888 checking for mawk... mawk
#12 6.888 checking command to parse /usr/bin/nm -B output from gcc object... ok
#12 6.953 checking for sysroot... no
#12 6.953 checking for a working dd... /usr/bin/dd
#12 6.960 checking how to truncate binary pipes... /usr/bin/dd bs=4096 count=1
#12 6.965 checking for mt... no
#12 6.965 checking if : is a manifest tool... no
#12 6.970 checking for stdio.h... yes
#12 6.989 checking for stdlib.h... yes
#12 7.027 checking for string.h... yes
#12 7.047 checking for inttypes.h... yes
#12 7.065 checking for stdint.h... yes
#12 7.081 checking for strings.h... yes
#12 7.098 checking for sys/stat.h... yes
#12 7.116 checking for sys/types.h... yes
#12 7.137 checking for unistd.h... yes
#12 7.167 checking for dlfcn.h... yes
#12 7.192 checking for objdir... .libs
#12 7.238 checking if gcc supports -fno-rtti -fno-exceptions... no
#12 7.261 checking for gcc option to produce PIC... -fPIC -DPIC
#12 7.261 checking if gcc PIC flag -fPIC -DPIC works... yes
#12 7.276 checking if gcc static flag -static works... yes
#12 7.448 checking if gcc supports -c -o file.o... yes
#12 7.473 checking if gcc supports -c -o file.o... (cached) yes
#12 7.474 checking whether the gcc linker (/usr/bin/ld) supports shared libraries... yes
#12 7.482 checking whether -lc should be explicitly linked in... no
#12 7.499 checking dynamic linker characteristics... GNU/Linux ld.so
#12 7.545 checking how to hardcode library paths into programs... immediate
#12 7.545 checking whether stripping libraries is possible... yes
#12 7.554 checking if libtool supports shared libraries... yes
#12 7.554 checking whether to build shared libraries... yes
#12 7.554 checking whether to build static libraries... yes
#12 7.554 checking for a BSD-compatible install... /usr/bin/install -c
#12 7.567 checking for special C compiler options needed for large files... no
#12 7.567 checking for _FILE_OFFSET_BITS value needed for large files... no
#12 7.589 checking for int8_t... yes
#12 7.648 checking for int16_t... yes
#12 7.698 checking for int32_t... yes
#12 7.740 checking for int64_t... yes
#12 7.793 checking for intptr_t... yes
#12 7.847 checking for uint8_t... yes
#12 7.900 checking for uint16_t... yes
#12 7.942 checking for uint32_t... yes
#12 7.988 checking for uint64_t... yes
#12 8.031 checking for uintptr_t... yes
#12 8.083 checking for sys/types.h... (cached) yes
#12 8.083 checking for stdlib.h... (cached) yes
#12 8.083 checking for stdint.h... (cached) yes
#12 8.084 checking for inttypes.h... (cached) yes
#12 8.084 checking for malloc.h... yes
#12 8.112 checking for fdatasync... yes
#12 8.158 checking for gmtime_r... yes
#12 8.195 checking for isnan... yes
#12 8.234 checking for localtime_r... yes
#12 8.265 checking for localtime_s... no
#12 8.305 checking for malloc_usable_size... yes
#12 8.338 checking for strchrnul... yes
#12 8.372 checking for usleep... yes
#12 8.410 checking for utime... yes
#12 8.437 checking for pread... yes
#12 8.465 checking for pread64... yes
#12 8.489 checking for pwrite... yes
#12 8.516 checking for pwrite64... yes
#12 8.545 checking for tclsh8.7... no
#12 8.545 checking for tclsh8.6... tclsh8.6
#12 8.551 configure: Version set to 3.44
#12 8.552 configure: Release set to 3.44.2
#12 8.552 checking for WASI SDK directory... no
#12 8.553 checking whether to support threadsafe operation... yes
#12 8.553 checking for library containing pthread_create... none required
#12 8.579 checking for library containing pthread_mutexattr_init... none required
#12 8.607 checking for crypto library to use... openssl
#12 8.607 checking for HMAC_Init_ex in -lcrypto... yes
#12 8.653 checking whether to allow connections to be shared across threads... no
#12 8.653 checking whether to support shared library linked as release mode or not... no
#12 8.653 checking whether to use an in-ram database for temporary tables... yes
#12 8.653 checking if executables have the .exe suffix... unknown
#12 8.654 checking for Tcl configuration... configure: WARNING: Can't find Tcl configuration definitions
#12 8.689 configure: WARNING: *** Without Tcl the regression tests cannot be executed ***
#12 8.689 configure: WARNING: *** Consider using --with-tcl=... to define location of Tcl ***
#12 8.690 checking for library containing readline... no
#12 8.742 checking for library containing tgetent... -lncurses
#12 8.818 checking for readline in -lreadline... yes
#12 8.843 checking for readline.h... no
#12 8.860 checking for /usr/include/readline.h... no
#12 8.862 checking for /usr/include/readline/readline.h... yes
#12 8.862 not using linenoise
#12 8.862 checking for library containing fdatasync... none required
#12 8.887 checking build type... release
#12 8.887 checking for zlib.h... yes
#12 8.903 checking for library containing deflate... -lz
#12 8.954 checking for library containing dlopen... none required
#12 8.979 checking whether to support math functions... yes
#12 8.979 checking for library containing ceil... -lm
#12 9.037 checking whether to support JSON functions... yes
#12 9.037 checking whether to support MEMSYS5... no
#12 9.037 checking whether to support MEMSYS3... no
#12 9.037 checking whether to support FTS3... yes
#12 9.037 checking whether to support FTS4... yes
#12 9.037 checking for library containing log... none required
#12 9.071 checking whether to support FTS5... yes
#12 9.071 checking for library containing log... (cached) none required
#12 9.071 checking whether to support LIMIT on UPDATE and DELETE statements... no
#12 9.071 checking whether to support GEOPOLY... no
#12 9.071 checking whether to support RTREE... yes
#12 9.071 checking whether to support SESSION... no
#12 9.083 configure: creating ./config.status
#12 9.523 config.status: creating Makefile
#12 9.535 config.status: creating sqlcipher.pc
#12 9.549 config.status: creating sqlite_cfg.h
#12 9.557 config.status: executing libtool commands
#12 9.591 + nproc
#12 9.596 + make -j18
#12 9.600 gcc  -O2 -fPIC -DSQLITE_HAS_CODEC -DSQLCIPHER_CRYPTO_OPENSSL -o mksourceid /tmp/sqlcipher-src/tool/mksourceid.c
#12 9.601 sh /tmp/sqlcipher-src/tool/cktclsh.sh 8.4 tclsh8.6
#12 9.605 gcc  -O2 -fPIC -DSQLITE_HAS_CODEC -DSQLCIPHER_CRYPTO_OPENSSL -o mkkeywordhash -DSQLITE_ENABLE_MATH_FUNCTIONS -DSQLITE_ENABLE_FTS3 -DSQLITE_ENABLE_FTS4 -DSQLITE_ENABLE_FTS5 -DSQLITE_ENABLE_RTREE -DSQLITE_ENABLE_COLUMN_METADATA -DSQLITE_ENABLE_DBSTAT_VTAB -DSQLITE_ENABLE_STAT4  /tmp/sqlcipher-src/tool/mkkeywordhash.c
#12 9.608 touch has_tclsh84
#12 9.609 gcc  -O2 -fPIC -DSQLITE_HAS_CODEC -DSQLCIPHER_CRYPTO_OPENSSL -o lemon /tmp/sqlcipher-src/tool/lemon.c
#12 9.618 tclsh8.6 /tmp/sqlcipher-src/tool/mkshellc.tcl >shell.c
#12 9.623 gcc  -O2 -fPIC -DSQLITE_HAS_CODEC -DSQLCIPHER_CRYPTO_OPENSSL -o src-verify /tmp/sqlcipher-src/tool/src-verify.c
#12 9.747 ./mkkeywordhash >keywordhash.h
#12 9.829 tclsh8.6 /tmp/sqlcipher-src/tool/mksqlite3h.tcl /tmp/sqlcipher-src >sqlite3.h
#12 10.72 cp /tmp/sqlcipher-src/tool/lempar.c .
#12 10.72 cp /tmp/sqlcipher-src/src/parse.y .
#12 10.73 cp /tmp/sqlcipher-src/ext/fts5/fts5parse.y .
#12 10.73 ./lemon -DSQLITE_ENABLE_MATH_FUNCTIONS -DSQLITE_ENABLE_FTS3 -DSQLITE_ENABLE_FTS4 -DSQLITE_ENABLE_FTS5 -DSQLITE_ENABLE_RTREE -DSQLITE_ENABLE_COLUMN_METADATA -DSQLITE_ENABLE_DBSTAT_VTAB -DSQLITE_ENABLE_STAT4  -S parse.y
#12 10.73 rm -f fts5parse.h
#12 10.73 ./lemon  -S fts5parse.y
#12 10.73 tclsh8.6 /tmp/sqlcipher-src/ext/fts5/tool/mkfts5c.tcl
#12 10.75 cat parse.h /tmp/sqlcipher-src/src/vdbe.c | tclsh8.6 /tmp/sqlcipher-src/tool/mkopcodeh.tcl >opcodes.h
#12 10.77 tclsh8.6 /tmp/sqlcipher-src/tool/mkopcodec.tcl opcodes.h >opcodes.c
#12 10.77 cp /tmp/sqlcipher-src/ext/fts5/fts5.h .
#12 10.77 rm -rf tsrc
#12 10.77 mkdir tsrc
#12 10.78 cp -f /tmp/sqlcipher-src/src/crypto.h /tmp/sqlcipher-src/src/sqlcipher.h /tmp/sqlcipher-src/src/crypto.c /tmp/sqlcipher-src/src/crypto_impl.c /tmp/sqlcipher-src/src/crypto_libtomcrypt.c /tmp/sqlcipher-src/src/crypto_nss.c /tmp/sqlcipher-src/src/crypto_openssl.c /tmp/sqlcipher-src/src/crypto_cc.c /tmp/sqlcipher-src/src/alter.c /tmp/sqlcipher-src/src/analyze.c /tmp/sqlcipher-src/src/attach.c /tmp/sqlcipher-src/src/auth.c /tmp/sqlcipher-src/src/backup.c /tmp/sqlcipher-src/src/bitvec.c /tmp/sqlcipher-src/src/btmutex.c /tmp/sqlcipher-src/src/btree.c /tmp/sqlcipher-src/src/btree.h /tmp/sqlcipher-src/src/btreeInt.h /tmp/sqlcipher-src/src/build.c /tmp/sqlcipher-src/src/callback.c /tmp/sqlcipher-src/src/complete.c /tmp/sqlcipher-src/src/ctime.c /tmp/sqlcipher-src/src/date.c /tmp/sqlcipher-src/src/dbpage.c /tmp/sqlcipher-src/src/dbstat.c /tmp/sqlcipher-src/src/delete.c /tmp/sqlcipher-src/src/expr.c /tmp/sqlcipher-src/src/fault.c /tmp/sqlcipher-src/src/fkey.c /tmp/sqlcipher-src/src/func.c /tmp/sqlcipher-src/src/global.c /tmp/sqlcipher-src/src/hash.c /tmp/sqlcipher-src/src/hash.h /tmp/sqlcipher-src/src/hwtime.h /tmp/sqlcipher-src/src/insert.c /tmp/sqlcipher-src/src/json.c /tmp/sqlcipher-src/src/legacy.c /tmp/sqlcipher-src/src/loadext.c /tmp/sqlcipher-src/src/main.c /tmp/sqlcipher-src/src/malloc.c /tmp/sqlcipher-src/src/mem0.c /tmp/sqlcipher-src/src/mem1.c /tmp/sqlcipher-src/src/mem2.c /tmp/sqlcipher-src/src/mem3.c /tmp/sqlcipher-src/src/mem5.c /tmp/sqlcipher-src/src/memdb.c /tmp/sqlcipher-src/src/memjournal.c /tmp/sqlcipher-src/src/msvc.h /tmp/sqlcipher-src/src/mutex.c /tmp/sqlcipher-src/src/mutex.h /tmp/sqlcipher-src/src/mutex_noop.c /tmp/sqlcipher-src/src/mutex_unix.c /tmp/sqlcipher-src/src/mutex_w32.c /tmp/sqlcipher-src/src/notify.c /tmp/sqlcipher-src/src/os.c /tmp/sqlcipher-src/src/os.h /tmp/sqlcipher-src/src/os_common.h /tmp/sqlcipher-src/src/os_setup.h /tmp/sqlcipher-src/src/os_kv.c /tmp/sqlcipher-src/src/os_unix.c /tmp/sqlcipher-src/src/os_win.c /tmp/sqlcipher-src/src/os_win.h /tmp/sqlcipher-src/src/pager.c /tmp/sqlcipher-src/src/pager.h /tmp/sqlcipher-src/src/parse.y /tmp/sqlcipher-src/src/pcache.c /tmp/sqlcipher-src/src/pcache.h /tmp/sqlcipher-src/src/pcache1.c /tmp/sqlcipher-src/src/pragma.c /tmp/sqlcipher-src/src/pragma.h /tmp/sqlcipher-src/src/prepare.c /tmp/sqlcipher-src/src/printf.c /tmp/sqlcipher-src/src/random.c /tmp/sqlcipher-src/src/resolve.c /tmp/sqlcipher-src/src/rowset.c /tmp/sqlcipher-src/src/select.c /tmp/sqlcipher-src/src/status.c /tmp/sqlcipher-src/src/shell.c.in /tmp/sqlcipher-src/src/sqlite.h.in /tmp/sqlcipher-src/src/sqlite3ext.h /tmp/sqlcipher-src/src/sqliteInt.h /tmp/sqlcipher-src/src/sqliteLimit.h /tmp/sqlcipher-src/src/table.c /tmp/sqlcipher-src/src/tclsqlite.c /tmp/sqlcipher-src/src/threads.c /tmp/sqlcipher-src/src/tokenize.c /tmp/sqlcipher-src/src/treeview.c /tmp/sqlcipher-src/src/trigger.c /tmp/sqlcipher-src/src/utf.c /tmp/sqlcipher-src/src/update.c /tmp/sqlcipher-src/src/upsert.c /tmp/sqlcipher-src/src/util.c /tmp/sqlcipher-src/src/vacuum.c /tmp/sqlcipher-src/src/vdbe.c /tmp/sqlcipher-src/src/vdbe.h /tmp/sqlcipher-src/src/vdbeapi.c /tmp/sqlcipher-src/src/vdbeaux.c /tmp/sqlcipher-src/src/vdbeblob.c /tmp/sqlcipher-src/src/vdbemem.c /tmp/sqlcipher-src/src/vdbesort.c /tmp/sqlcipher-src/src/vdbetrace.c /tmp/sqlcipher-src/src/vdbevtab.c /tmp/sqlcipher-src/src/vdbeInt.h /tmp/sqlcipher-src/src/vtab.c /tmp/sqlcipher-src/src/vxworks.h /tmp/sqlcipher-src/src/wal.c /tmp/sqlcipher-src/src/wal.h /tmp/sqlcipher-src/src/walker.c /tmp/sqlcipher-src/src/where.c /tmp/sqlcipher-src/src/wherecode.c /tmp/sqlcipher-src/src/whereexpr.c /tmp/sqlcipher-src/src/whereInt.h /tmp/sqlcipher-src/src/window.c /tmp/sqlcipher-src/ext/fts3/fts3.c /tmp/sqlcipher-src/ext/fts3/fts3.h /tmp/sqlcipher-src/ext/fts3/fts3Int.h /tmp/sqlcipher-src/ext/fts3/fts3_aux.c /tmp/sqlcipher-src/ext/fts3/fts3_expr.c /tmp/sqlcipher-src/ext/fts3/fts3_hash.c /tmp/sqlcipher-src/ext/fts3/fts3_hash.h /tmp/sqlcipher-src/ext/fts3/fts3_icu.c /tmp/sqlcipher-src/ext/fts3/fts3_porter.c /tmp/sqlcipher-src/ext/fts3/fts3_snippet.c /tmp/sqlcipher-src/ext/fts3/fts3_tokenizer.h /tmp/sqlcipher-src/ext/fts3/fts3_tokenizer.c /tmp/sqlcipher-src/ext/fts3/fts3_tokenizer1.c /tmp/sqlcipher-src/ext/fts3/fts3_tokenize_vtab.c /tmp/sqlcipher-src/ext/fts3/fts3_unicode.c /tmp/sqlcipher-src/ext/fts3/fts3_unicode2.c /tmp/sqlcipher-src/ext/fts3/fts3_write.c /tmp/sqlcipher-src/ext/icu/sqliteicu.h /tmp/sqlcipher-src/ext/icu/icu.c /tmp/sqlcipher-src/ext/rtree/rtree.h /tmp/sqlcipher-src/ext/rtree/rtree.c /tmp/sqlcipher-src/ext/rtree/geopoly.c /tmp/sqlcipher-src/ext/session/sqlite3session.c /tmp/sqlcipher-src/ext/session/sqlite3session.h /tmp/sqlcipher-src/ext/userauth/userauth.c /tmp/sqlcipher-src/ext/userauth/sqlite3userauth.h /tmp/sqlcipher-src/ext/rbu/sqlite3rbu.h /tmp/sqlcipher-src/ext/rbu/sqlite3rbu.c /tmp/sqlcipher-src/ext/misc/stmt.c keywordhash.h opcodes.c opcodes.h parse.c parse.h sqlite_cfg.h shell.c sqlite3.h tsrc
#12 10.78 rm tsrc/sqlite.h.in tsrc/parse.y
#12 10.79 tclsh8.6 /tmp/sqlcipher-src/tool/vdbe-compress.tcl  <tsrc/vdbe.c >vdbe.new
#12 10.79 mv vdbe.new tsrc/vdbe.c
#12 10.80 cp fts5.c fts5.h tsrc
#12 10.80 touch .target_source
#12 10.80 tclsh8.6 /tmp/sqlcipher-src/tool/mksqlite3c.tcl --linemacros=0
#12 11.54 cp tsrc/sqlite3ext.h .
#12 11.54 cp /tmp/sqlcipher-src/ext/session/sqlite3session.h .
#12 11.54 ./libtool --mode=compile --tag=CC gcc -O2 -fPIC -DSQLITE_HAS_CODEC -DSQLCIPHER_CRYPTO_OPENSSL -DSQLITE_OS_UNIX=1 -I. -I/tmp/sqlcipher-src/src -I/tmp/sqlcipher-src/ext/rtree -I/tmp/sqlcipher-src/ext/icu -I/tmp/sqlcipher-src/ext/fts3 -I/tmp/sqlcipher-src/ext/async -I/tmp/sqlcipher-src/ext/session -I/tmp/sqlcipher-src/ext/userauth -D_HAVE_SQLITE_CONFIG_H -DBUILD_sqlite -DNDEBUG -DSQLITE_THREADSAFE=1 -DSQLITE_ENABLE_MATH_FUNCTIONS -DSQLITE_ENABLE_FTS3 -DSQLITE_ENABLE_FTS4 -DSQLITE_ENABLE_FTS5 -DSQLITE_ENABLE_RTREE -DSQLITE_ENABLE_COLUMN_METADATA -DSQLITE_ENABLE_DBSTAT_VTAB -DSQLITE_ENABLE_STAT4  -DSQLITE_HAVE_ZLIB=1  -DSQLITE_TEMP_STORE=2 -c sqlite3.c
#12 11.54 ./libtool --mode=link gcc -O2 -fPIC -DSQLITE_HAS_CODEC -DSQLCIPHER_CRYPTO_OPENSSL -DSQLITE_OS_UNIX=1 -I. -I/tmp/sqlcipher-src/src -I/tmp/sqlcipher-src/ext/rtree -I/tmp/sqlcipher-src/ext/icu -I/tmp/sqlcipher-src/ext/fts3 -I/tmp/sqlcipher-src/ext/async -I/tmp/sqlcipher-src/ext/session -I/tmp/sqlcipher-src/ext/userauth -D_HAVE_SQLITE_CONFIG_H -DBUILD_sqlite -DNDEBUG -DSQLITE_THREADSAFE=1 -DSQLITE_ENABLE_MATH_FUNCTIONS -DSQLITE_ENABLE_FTS3 -DSQLITE_ENABLE_FTS4 -DSQLITE_ENABLE_FTS5 -DSQLITE_ENABLE_RTREE -DSQLITE_ENABLE_COLUMN_METADATA -DSQLITE_ENABLE_DBSTAT_VTAB -DSQLITE_ENABLE_STAT4  -DSQLITE_HAVE_ZLIB=1  -lcrypto  -DHAVE_READLINE=1 -I/usr/include/readline -DHAVE_EDITLINE=0 -DHAVE_LINENOISE=0 -DSQLITE_DQS=0 -DSQLITE_ENABLE_FTS4 -DSQLITE_ENABLE_RTREE -DSQLITE_ENABLE_EXPLAIN_COMMENTS -DSQLITE_ENABLE_UNKNOWN_SQL_FUNCTION -DSQLITE_ENABLE_STMTVTAB -DSQLITE_ENABLE_DBPAGE_VTAB -DSQLITE_ENABLE_DBSTAT_VTAB -DSQLITE_ENABLE_BYTECODE_VTAB -DSQLITE_ENABLE_OFFSET_SQL_FUNC -o sqlcipher \
#12 11.54 	shell.c sqlite3.c \
#12 11.54 	-lreadline -lncurses  -lm -lz -lcrypto   -rpath "/opt/openburnbar/sqlcipher/lib"
#12 11.57 libtool: compile:  gcc -O2 -fPIC -DSQLITE_HAS_CODEC -DSQLCIPHER_CRYPTO_OPENSSL -DSQLITE_OS_UNIX=1 -I. -I/tmp/sqlcipher-src/src -I/tmp/sqlcipher-src/ext/rtree -I/tmp/sqlcipher-src/ext/icu -I/tmp/sqlcipher-src/ext/fts3 -I/tmp/sqlcipher-src/ext/async -I/tmp/sqlcipher-src/ext/session -I/tmp/sqlcipher-src/ext/userauth -D_HAVE_SQLITE_CONFIG_H -DBUILD_sqlite -DNDEBUG -DSQLITE_THREADSAFE=1 -DSQLITE_ENABLE_MATH_FUNCTIONS -DSQLITE_ENABLE_FTS3 -DSQLITE_ENABLE_FTS4 -DSQLITE_ENABLE_FTS5 -DSQLITE_ENABLE_RTREE -DSQLITE_ENABLE_COLUMN_METADATA -DSQLITE_ENABLE_DBSTAT_VTAB -DSQLITE_ENABLE_STAT4 -DSQLITE_HAVE_ZLIB=1 -DSQLITE_TEMP_STORE=2 -c sqlite3.c  -fPIC -DPIC -o .libs/sqlite3.o
#12 11.60 libtool: link: gcc -O2 -fPIC -DSQLITE_HAS_CODEC -DSQLCIPHER_CRYPTO_OPENSSL -DSQLITE_OS_UNIX=1 -I. -I/tmp/sqlcipher-src/src -I/tmp/sqlcipher-src/ext/rtree -I/tmp/sqlcipher-src/ext/icu -I/tmp/sqlcipher-src/ext/fts3 -I/tmp/sqlcipher-src/ext/async -I/tmp/sqlcipher-src/ext/session -I/tmp/sqlcipher-src/ext/userauth -D_HAVE_SQLITE_CONFIG_H -DBUILD_sqlite -DNDEBUG -DSQLITE_THREADSAFE=1 -DSQLITE_ENABLE_MATH_FUNCTIONS -DSQLITE_ENABLE_FTS3 -DSQLITE_ENABLE_FTS4 -DSQLITE_ENABLE_FTS5 -DSQLITE_ENABLE_RTREE -DSQLITE_ENABLE_COLUMN_METADATA -DSQLITE_ENABLE_DBSTAT_VTAB -DSQLITE_ENABLE_STAT4 -DSQLITE_HAVE_ZLIB=1 -DHAVE_READLINE=1 -I/usr/include/readline -DHAVE_EDITLINE=0 -DHAVE_LINENOISE=0 -DSQLITE_DQS=0 -DSQLITE_ENABLE_FTS4 -DSQLITE_ENABLE_RTREE -DSQLITE_ENABLE_EXPLAIN_COMMENTS -DSQLITE_ENABLE_UNKNOWN_SQL_FUNCTION -DSQLITE_ENABLE_STMTVTAB -DSQLITE_ENABLE_DBPAGE_VTAB -DSQLITE_ENABLE_DBSTAT_VTAB -DSQLITE_ENABLE_BYTECODE_VTAB -DSQLITE_ENABLE_OFFSET_SQL_FUNC -o sqlcipher shell.c sqlite3.c  -lreadline -lncurses -lm -lz -lcrypto -Wl,-rpath -Wl,/opt/openburnbar/sqlcipher/lib
#12 31.50 libtool: compile:  gcc -O2 -fPIC -DSQLITE_HAS_CODEC -DSQLCIPHER_CRYPTO_OPENSSL -DSQLITE_OS_UNIX=1 -I. -I/tmp/sqlcipher-src/src -I/tmp/sqlcipher-src/ext/rtree -I/tmp/sqlcipher-src/ext/icu -I/tmp/sqlcipher-src/ext/fts3 -I/tmp/sqlcipher-src/ext/async -I/tmp/sqlcipher-src/ext/session -I/tmp/sqlcipher-src/ext/userauth -D_HAVE_SQLITE_CONFIG_H -DBUILD_sqlite -DNDEBUG -DSQLITE_THREADSAFE=1 -DSQLITE_ENABLE_MATH_FUNCTIONS -DSQLITE_ENABLE_FTS3 -DSQLITE_ENABLE_FTS4 -DSQLITE_ENABLE_FTS5 -DSQLITE_ENABLE_RTREE -DSQLITE_ENABLE_COLUMN_METADATA -DSQLITE_ENABLE_DBSTAT_VTAB -DSQLITE_ENABLE_STAT4 -DSQLITE_HAVE_ZLIB=1 -DSQLITE_TEMP_STORE=2 -c sqlite3.c -o sqlite3.o >/dev/null 2>&1
#12 48.62 ./libtool --mode=link gcc -O2 -fPIC -DSQLITE_HAS_CODEC -DSQLCIPHER_CRYPTO_OPENSSL -DSQLITE_OS_UNIX=1 -I. -I/tmp/sqlcipher-src/src -I/tmp/sqlcipher-src/ext/rtree -I/tmp/sqlcipher-src/ext/icu -I/tmp/sqlcipher-src/ext/fts3 -I/tmp/sqlcipher-src/ext/async -I/tmp/sqlcipher-src/ext/session -I/tmp/sqlcipher-src/ext/userauth -D_HAVE_SQLITE_CONFIG_H -DBUILD_sqlite -DNDEBUG -DSQLITE_THREADSAFE=1 -DSQLITE_ENABLE_MATH_FUNCTIONS -DSQLITE_ENABLE_FTS3 -DSQLITE_ENABLE_FTS4 -DSQLITE_ENABLE_FTS5 -DSQLITE_ENABLE_RTREE -DSQLITE_ENABLE_COLUMN_METADATA -DSQLITE_ENABLE_DBSTAT_VTAB -DSQLITE_ENABLE_STAT4  -DSQLITE_HAVE_ZLIB=1  -lcrypto  -no-undefined -o libsqlcipher.la sqlite3.lo -lm -lz -lcrypto   \
#12 48.62 	 -rpath "/opt/openburnbar/sqlcipher/lib" -version-info "8:6:8"
#12 48.65 libtool: link: gcc -shared  -fPIC -DPIC  .libs/sqlite3.o   -lm -lz -lcrypto  -O2   -Wl,-soname -Wl,libsqlcipher.so.0 -o .libs/libsqlcipher.so.0.8.6
#12 48.68 libtool: link: (cd ".libs" && rm -f "libsqlcipher.so.0" && ln -s "libsqlcipher.so.0.8.6" "libsqlcipher.so.0")
#12 48.68 libtool: link: (cd ".libs" && rm -f "libsqlcipher.so" && ln -s "libsqlcipher.so.0.8.6" "libsqlcipher.so")
#12 48.68 libtool: link: ar cr .libs/libsqlcipher.a  sqlite3.o
#12 48.69 libtool: link: ranlib .libs/libsqlcipher.a
#12 48.69 libtool: link: ( cd ".libs" && rm -f "libsqlcipher.la" && ln -s "../libsqlcipher.la" "libsqlcipher.la" )
#12 48.69 + make install
#12 48.70 /usr/bin/install -c -d /opt/openburnbar/sqlcipher/lib
#12 48.70 ./libtool --mode=install /usr/bin/install -c libsqlcipher.la /opt/openburnbar/sqlcipher/lib
#12 48.70 libtool: install: /usr/bin/install -c .libs/libsqlcipher.so.0.8.6 /opt/openburnbar/sqlcipher/lib/libsqlcipher.so.0.8.6
#12 48.70 libtool: install: (cd /opt/openburnbar/sqlcipher/lib && { ln -s -f libsqlcipher.so.0.8.6 libsqlcipher.so.0 || { rm -f libsqlcipher.so.0 && ln -s libsqlcipher.so.0.8.6 libsqlcipher.so.0; }; })
#12 48.70 libtool: install: (cd /opt/openburnbar/sqlcipher/lib && { ln -s -f libsqlcipher.so.0.8.6 libsqlcipher.so || { rm -f libsqlcipher.so && ln -s libsqlcipher.so.0.8.6 libsqlcipher.so; }; })
#12 48.71 libtool: install: /usr/bin/install -c .libs/libsqlcipher.lai /opt/openburnbar/sqlcipher/lib/libsqlcipher.la
#12 48.71 libtool: install: /usr/bin/install -c .libs/libsqlcipher.a /opt/openburnbar/sqlcipher/lib/libsqlcipher.a
#12 48.71 libtool: install: chmod 644 /opt/openburnbar/sqlcipher/lib/libsqlcipher.a
#12 48.71 libtool: install: ranlib /opt/openburnbar/sqlcipher/lib/libsqlcipher.a
#12 48.72 libtool: finish: PATH="/opt/cargo/bin:/usr/local/sbin:/usr/local/bin:/usr/sbin:/usr/bin:/sbin:/bin:/sbin" ldconfig -n /opt/openburnbar/sqlcipher/lib
#12 48.72 ----------------------------------------------------------------------
#12 48.72 Libraries have been installed in:
#12 48.72    /opt/openburnbar/sqlcipher/lib
#12 48.72 
#12 48.72 If you ever happen to want to link against installed libraries
#12 48.72 in a given directory, LIBDIR, you must either use libtool, and
#12 48.72 specify the full pathname of the library, or use the '-LLIBDIR'
#12 48.72 flag during linking and do at least one of the following:
#12 48.72    - add LIBDIR to the 'LD_LIBRARY_PATH' environment variable
#12 48.72      during execution
#12 48.72    - add LIBDIR to the 'LD_RUN_PATH' environment variable
#12 48.72      during linking
#12 48.72    - use the '-Wl,-rpath -Wl,LIBDIR' linker flag
#12 48.72    - have your system administrator add LIBDIR to '/etc/ld.so.conf'
#12 48.72 
#12 48.72 See any operating system documentation about shared libraries for
#12 48.72 more information, such as the ld(1) and ld.so(8) manual pages.
#12 48.72 ----------------------------------------------------------------------
#12 48.72 /usr/bin/install -c -d /opt/openburnbar/sqlcipher/bin
#12 48.72 ./libtool --mode=install /usr/bin/install -c sqlcipher /opt/openburnbar/sqlcipher/bin
#12 48.73 libtool: install: /usr/bin/install -c sqlcipher /opt/openburnbar/sqlcipher/bin/sqlcipher
#12 48.73 /usr/bin/install -c -d /opt/openburnbar/sqlcipher/include/sqlcipher
#12 48.73 /usr/bin/install -c -m 0644 sqlite3.h /opt/openburnbar/sqlcipher/include/sqlcipher
#12 48.73 /usr/bin/install -c -m 0644 /tmp/sqlcipher-src/src/sqlite3ext.h /opt/openburnbar/sqlcipher/include/sqlcipher
#12 48.73 /usr/bin/install -c -d /opt/openburnbar/sqlcipher/lib/pkgconfig
#12 48.73 /usr/bin/install -c -m 0644 sqlcipher.pc /opt/openburnbar/sqlcipher/lib/pkgconfig
#12 48.74 + echo /opt/openburnbar/sqlcipher/lib
#12 48.74 + ldconfig
#12 48.75 + echo sqlcipher_version=4.5.6
#12 48.75 + echo source_url=https://github.com/sqlcipher/sqlcipher/archive/refs/tags/v4.5.6.tar.gz
#12 48.75 + echo source_sha256=e4a527e38e67090c1d2dc41df28270d16c15f7ca5210a3e7ec4c4b8fda36e28f
#12 48.75 + echo prefix=/opt/openburnbar/sqlcipher
#12 48.75 + echo configure=--enable-tempstore=yes --enable-fts3 --enable-fts4 --enable-fts5 --enable-rtree --with-crypto-lib=openssl
#12 48.75 + echo cflags=-O2 -fPIC -DSQLITE_HAS_CODEC -DSQLITE_ENABLE_COLUMN_METADATA -DSQLITE_ENABLE_DBSTAT_VTAB -DSQLITE_ENABLE_STAT4
#12 48.75 + echo ldflags=-lcrypto
#12 48.75 + sha256sum /tmp/sqlcipher.tar.gz
#12 48.75 + rm -rf /tmp/sqlcipher-src /tmp/sqlcipher.tar.gz /tmp/sqlcipher.tar.gz.sha256
#12 DONE 48.8s

#13 [stage-0 5/7] WORKDIR /workspace
#13 DONE 0.0s

#14 [stage-0 6/7] COPY smoke.sh /usr/local/bin/openburnbar-linux-toolchain-smoke
#14 DONE 0.0s

#15 [stage-0 7/7] RUN chmod +x /usr/local/bin/openburnbar-linux-toolchain-smoke
#15 DONE 0.1s

#16 exporting to image
#16 exporting layers
#16 exporting layers 25.7s done
#16 exporting manifest sha256:342cfe037f8a178c25ef300f197f3155c5aa17259bc396a8245eac64995e15bb done
#16 exporting config sha256:fef3a5de88fae9a75ba977c887de2f34c9a9d8cf5389c623db9338d3341b20f0 done
#16 exporting attestation manifest sha256:ed7a877570362c05594c1ff4aeb20ed8364ac21414419f9d88e0ab80f7c15470 0.0s done
#16 exporting manifest list sha256:584aa97b24043d585752164527347edc3e09c63352d6103361fa091a02ec947e done
#16 naming to docker.io/library/openburnbar-linux-toolchain:mission-001-core-crypto-ffi done
#16 unpacking to docker.io/library/openburnbar-linux-toolchain:mission-001-core-crypto-ffi
#16 unpacking to docker.io/library/openburnbar-linux-toolchain:mission-001-core-crypto-ffi 12.8s done
#16 DONE 38.6s
